id,prediction
0,-0.6964696325129807
1,-0.4189216246380146
2,-0.8644266356851358
3,-0.7433313332432628
4,-0.5251232829190796
5,-0.7495219559248049
6,1.9447819397285795
7,-0.7151968066295438
8,-0.6623807661631356
9,-0.7905427146372893
10,-0.7365229262799329
11,-0.5672371846437466
12,-0.1387098881909792
13,-0.795988654760985
14,-0.22264998695735838
15,0.003907730467979639
16,-0.27386343788702217
17,-0.04667265246743668
18,-0.1434702002652174
19,-0.5287018232916992
20,1.4779199012964508
21,-0.06462937640520178
22,0.04138111262527898
23,-0.6592868261286368
24,0.2295224921163433
25,-0.6100266594227497
26,-0.7281454299725946
96,0.10541633205962539
97,-0.30475249298154544
98,-0.4726103776240151
99,0.4976598888361776
100,-0.190149072377869
101,0.022619001262156685
102,-0.24226384711314103
103,-0.5934947199840416
104,-0.3062548294829023
105,-0.6435815877822753
121,-0.16959301034456567
122,-0.4736582929290523
123,-0.004460369034269468
124,0.23265675129914712
125,-0.09063815287669147
126,-0.2644147892438371
127,-0.058546254320370084
128,-0.039401480486460194
129,0.0009053213061599175
130,0.1528803801572626
131,-0.11089484376274211
132,-0.42411463608546673
133,0.16412173951532866
134,-0.06901779831919486
135,-0.12438924530056272
136,-0.029979384783144075
137,-0.09978197331247496
138,-0.2486909830286375
139,-0.0931074895968318
140,-0.14952758418550216
141,-0.7113885273381182
142,-0.1863229679680909
143,-0.3801470654627847
144,-0.5813276044983974
145,-0.0671700253458265
146,-0.6348201453297025
157,0.16374128889366696
158,0.13851221079016393
159,0.3120889257125464
160,0.20346284201305048
161,-0.7122018567410663
162,-0.1772325961818914
163,0.06537516966375512
164,0.06850205275870468
165,0.12682089903871893
166,0.05708943511350095
167,-0.6622588420338884
168,0.02220664801460362
169,-0.037606191872333966
170,-0.11872283097874772
171,-0.36452692740683196
172,-0.7557481699591078
173,0.2915730395288554
174,0.014031671012585845
175,0.285733614723116
176,-0.15367035955765596
177,-0.05809925757609406
178,-0.15259087406507
179,0.27264172232415074
180,0.03405938811186651
181,-0.14932325319560458
182,0.10474112946693964
183,-0.3944523325514635
184,-0.2097052045882411
185,-0.13031925839135533
186,-0.10782647920640957
187,0.2736868486871902
188,-0.06771756044221595
189,-0.21777712858411047
190,-0.30034207731329576
254,-0.43269016351258077
255,-0.7860574601526602
256,-0.335944356229191
257,-0.5473179415982612
258,-0.6056033501567288
259,-0.08168335068268257
260,-0.40639022808418346
261,0.21059245755803796
262,-0.033333256204233455
263,-0.019662237452953243
264,1.4907956294517832
265,-0.18645192328693722
266,0.20844005318460465
267,-0.5018052044362511
268,-0.1964533684972578
269,-0.2664250923317515
270,-0.6366091784511937
271,-0.5031691805504666
272,0.161170909926516
273,-0.02769228534816806
274,-0.2712984936396112
275,0.1795674844767973
276,0.5096776636731782
277,-0.17251116238967595
278,-0.13206780971822984
279,-0.23634668510907522
280,-0.5486519768744035
281,0.0833392656915301
282,0.11510510148072553
283,0.013007509898542408
284,0.8139969427132052
285,-0.6260617425380371
286,-0.3764495716643233
287,-0.3215500448896395
288,0.5966760321153592
289,0.20523262180946913
290,-0.2757168622391553
291,-0.17675742706843672
292,0.12243468896432617
293,-0.41293893104921564
294,-0.17880880462763593
295,-0.43306506169714104
344,-0.08307589118858114
345,-0.1373368365629853
346,0.026908901722875883
347,-0.284822289252237
348,-0.7025067491393499
349,-0.6353760202925316
350,-0.46796447537331076
351,0.5255221137089354
352,0.41091341964744055
353,-0.4509172694333183
354,-0.07446601777050396
355,0.27574929442058826
356,-0.6844907736027833
357,-0.47139567031910795
358,0.20031363857870202
359,-0.07774434551594359
360,0.0452910417771942
361,0.359291898631093
362,-0.06820796370870087
363,-0.40151457897899967
364,0.4733657159645589
365,-0.12672084504400466
366,-0.7632745086708566
367,-0.8973092675719969
368,-0.007252134857500342
369,-0.3904661163221267
370,-0.34302179564968155
371,-0.42760877210969783
372,0.17895399463611783
373,-0.23539114607589548
374,0.042199872516167
375,0.25630658099229703
376,-0.24654165137573544
377,-0.3944795078186385
378,-0.705971810285593
379,-0.00030475191592252426
380,0.1918819406402052
381,1.323439734665203
382,0.4225732521208846
383,-0.6595295397795058
384,0.1691413536719268
385,0.06891203635361143
386,-0.18806961099227354
387,0.05655648984734076
388,-0.1884381974290119
389,0.31009903107135073
390,-0.2694864202310547
391,0.07010046357474065
392,0.08777967448422345
393,0.33560327389020045
394,0.4408209924347767
395,0.2529882788555077
396,-0.061465115670523665
397,0.24317316108208473
398,-0.1023216996868527
399,0.19807431626459687
400,-0.2862871072195353
401,-0.1331440041086455
416,0.3116338980185441
417,-0.5174197806719639
418,-0.07249993495961103
419,-0.5143114181239317
420,-0.1857579399933287
421,-0.08504153334437359
422,-0.3755759185221129
423,-0.31726744934255946
424,-0.3447428410504722
425,-0.1397021038002542
426,-0.08110833346264867
427,-0.27378651948937577
428,0.6117948487316969
429,-0.4998218151600795
430,0.13942401676159788
431,-0.2805277451227762
432,0.006211553549464344
433,-0.4588128112498573
434,-0.3846292596443385
435,-0.2988557362979771
436,-0.3478105222218849
437,0.6797319536858965
438,-0.2959590550200296
439,-0.27167042374953426
440,0.5755177799754385
441,-0.3189340508487579
442,-0.057301720498846076
443,0.2085937436940424
444,-0.39622409919230894
445,-0.14853797418869455
446,-0.35256821334706834
447,-0.2703628308639318
448,-0.129385214572193
449,0.598282537664594
460,-0.7101959990260919
461,0.3461705454554061
462,0.10021199103366073
463,0.05345232565659359
464,0.12073648982756563
465,0.6617969032000476
466,0.696118100043378
467,0.20270397856161987
468,0.07020815026738808
469,0.4511166605982615
470,0.2852499070319428
471,0.2832245548474216
472,0.2781093966752606
473,0.14528369294695498
474,-0.11035108190285169
475,-0.13451945453293604
495,0.11328526760179258
496,-0.4074394933077285
497,-0.2869693582528716
498,0.5932065247145597
499,-0.4090741867760222
500,-0.11581291554260259
501,-0.128191780679071
502,-0.04197715347820562
503,0.6304994120851162
504,-0.4534534101180044
505,0.03986254180378877
506,-0.02456038707675047
507,-0.03358196511768578
508,0.553322410492197
509,1.0182176012486985
510,0.1400482874999428
526,-0.2321679401667813
527,-0.34546969786269355
528,-0.5781011070718346
529,0.11623523403891796
530,0.04367180528052611
531,-0.1941010196150832
532,-0.38912314542226684
533,0.4227513711323441
534,0.5632308650704159
535,-0.14906838363471642
536,0.2916340478591734
537,0.07784512831814255
538,-0.2055666744707339
539,-0.30469207720393404
540,0.14270596409542644
541,-0.39140971959479637
616,0.6930712434021598
617,-0.009895993809582823
618,0.15488125242727302
619,-0.47211882191220234
620,0.6821084744631271
621,0.23863981224004488
622,0.08582878695096066
623,0.061396196242656256
624,-0.36321711929229683
625,0.5266694963349513
626,-0.3538512349904798
735,-0.7769695353945021
736,0.260911029805531
737,0.8382730259325548
738,0.4222731763371329
739,0.06487765454752623
740,-0.6362637941924207
741,-0.5746981682432011
742,-0.33629377332405863
743,-0.5767619272386366
744,-0.12180229707463087
745,-0.005659066235635765
746,0.36010797627740276
747,-0.2958534088875585
748,0.007336200136849491
749,0.2945044715064959
750,-0.0784946987710774
751,0.20734778588398006
752,-0.25263936378043367
753,0.17659993685999936
754,-0.3050572355578809
755,0.4416003428026774
756,-0.7145448769303258
757,0.10429744408590735
758,0.08002646612605849
759,-0.5474770211979366
760,-0.6451038527388641
761,-0.5671874872686127
762,-0.26331080330112294
763,-0.5493970755407845
955,0.299377596621437
956,-0.02558181681347718
957,0.0021022166050708724
958,-0.20381433914629632
959,0.220308530114397
960,0.10729828331076971
961,0.24205176499586784
962,-0.02802011697450807
963,-0.2658421809720792
964,-0.10519734646614584
965,0.03925614920765122
966,0.07723475844092491
967,-0.46909868644691016
968,-0.3205111287963947
969,-0.5189802440321725
996,0.0029735729953882656
997,0.6694063252155327
998,-0.4049100280670961
999,-0.06361356167886204
1000,0.3330062040118393
1001,-0.005692128990111928
1002,-0.06360123844576676
1003,-0.27763746397992123
1004,-0.10783869066367285
1005,0.18466763366511527
1006,0.12806966622334398
1007,0.12266523016661174
1008,-0.05675337867562011
1009,0.34432146740037084
1078,-0.24233879078183862
1079,-0.5032096637061476
1080,-0.6763086786197325
1081,-0.02466703546157313
1082,-0.36880186629587575
1083,-0.08938628174320333
1084,-0.3649207981897738
1085,0.04451488436433467
1086,0.7080119758351786
1087,-0.09002061431913433
1088,0.4531226053583256
1089,-0.5386935229516837
1090,0.43236748596395314
1091,-0.29212693669816375
1092,-0.23353796174869063
1093,-0.46213366961677077
1094,-0.5023658976069536
1183,-0.0040899671591167475
1184,0.1868491496758698
1185,-0.6727700188663741
1186,-0.11855145097517461
1187,-0.2551319556587959
1188,-0.11913226485043413
1189,-0.5081862648736651
1190,-0.5703002280352861
1191,-0.6234709121057117
1192,-0.0959830624303896
1193,-0.7795981848739584
1194,0.5388078788311228
1195,-0.5502505322746828
1196,0.23651094741576445
1220,-0.14893399120688908
1221,-0.1006466691335021
1222,-0.036591084639368276
1223,-0.3587809044376631
1224,0.6166445720419784
1225,-0.46328195797299243
1226,0.5348450647551795
1227,0.04431177216862555
1228,-0.4725952288624373
1229,0.03340112000237719
1230,0.6233639794362675
1231,-0.36015184702334224
1232,-0.3542606438942971
1233,0.01889584787695754
1234,-0.22334764732005036
1235,0.4801721186859278
1255,0.46220694776812804
1256,0.27258768004516054
1257,-0.12294915965581112
1258,-0.35171796411010964
1259,-0.4465142633970449
1260,-0.04609996394363999
1261,-0.19927387201133695
1262,-0.2645031320212592
1263,-0.4556160308934769
1264,-0.6525513669567697
1265,0.5437709273347602
1286,-0.08801419991617733
1287,0.3133810573101095
1288,-0.7559065219413932
1289,-0.2264469672179749
1290,-0.6441030074881748
1291,-0.28470847325123616
1292,-0.32403626266881264
1293,0.1294702796573353
1294,-0.4957409781001522
1295,0.577808493344309
1296,0.15958034406688057
1297,-0.5324906998825436
1298,0.20909729929155457
1299,-0.20774842671317262
1300,-0.21223518096661914
1301,-0.15629657873487734
1302,-0.31989476203715544
1303,-0.1829817761191348
1304,0.7243158193844688
1305,0.30058904529660435
1306,0.16791996422088962
1307,-0.3338748314706045
1308,-0.5867748985758222
1309,-0.6827205011823438
1310,-0.22135894422964253
1311,0.1460169298753464
1312,-0.10725377281959747
1313,-0.011196296319602062
1314,0.43378494447908367
1315,0.10523728006374736
1316,0.19991043529583566
1317,0.27481842550906965
1318,0.007735634790588447
1319,0.23303142509868432
1320,-0.18347174047645848
1321,-0.49402071103470757
1322,0.2598361846128218
1323,0.058552816652077844
1324,0.16653029609162787
1347,-0.09035300125789598
1348,-0.05474315823330747
1349,-0.8709866592706175
1350,-0.06521466116267746
1351,0.21320792500380592
1352,-0.23172815454345902
1353,-0.040532907718295735
1354,0.04532921571707885
1355,-0.18728996665553435
1356,-0.4949089442638725
1357,0.5378442727892332
1358,-0.5236672484606373
1359,0.10446599398291026
1360,-0.7546094123273118
1399,-0.45401475961903626
1400,0.46790891254085343
1401,-0.11774621769049057
1402,-0.3202211422137481
1403,-0.33014256304335327
1404,0.6584027649705555
1405,-0.2730024805181168
1406,-0.028329999142028092
1407,0.0513320575663193
1408,0.07305075364600644
1409,0.3252716525890286
1410,0.48631578938238895
1411,0.22545060492905486
1412,-0.18004857821247272
1413,-0.4929006998719377
1414,0.11533371736157885
1415,0.691731524708252
1416,-0.17327559537191906
1417,-0.07195991655860165
1418,0.24458959742182831
1419,-0.49370493128636156
1420,-0.32278778107606165
1421,-0.02594588074852519
1422,-0.005130986663241743
1423,-0.43245176166022004
1424,0.311505647659822
1425,0.11862546906853674
1426,0.3840726552416414
1427,-0.6216154182597213
1428,0.5102140613265103
1429,-0.5049532239559519
1430,-0.11199548699873396
1605,-0.11519256766787282
1606,0.7709166447808655
1607,0.16339611533600373
1608,-0.6427535036133354
1609,-0.5406435078755366
1610,-0.11068110800698037
1611,0.46589040907004026
1612,-0.02177379014885912
1613,-0.3992560437041133
1614,-0.03108375346356386
1615,0.044441949711765155
1616,-0.0921664027613433
1617,0.18467812984951998
1618,-0.4423751853142951
1619,-0.4978967126833692
1620,0.7811411656732778
1621,0.2605968292924546
1622,-0.4868424094513306
1623,-0.12808341607383827
1624,0.2510570792623671
1625,0.046073749073463593
1626,-0.5062735879643031
1627,0.3777819070206324
1628,-0.4149767590966263
1629,0.009436698657306494
1630,0.08264899662953219
1631,0.6220445327607614
1632,0.009692936454645737
1633,0.3477466938740773
1634,0.01051148504067781
1667,-0.6325352483381042
1668,-0.09646658708995373
1669,0.21499631698213156
1670,0.24001353987874816
1671,0.0019265740609090143
1672,-0.06211072734950189
1673,-0.42829301385977303
1674,-0.20525230267128458
1675,-0.19348369770324744
1676,-0.5276784987254818
1677,-0.6753296935703353
1678,0.5309409326671684
1679,-0.2914053335668207
1680,-0.4170959185732411
1681,0.11277106549422768
1708,0.22371683216500424
1709,-0.6023862043375736
1710,0.3583087037664867
1711,0.13347631529141435
1712,-0.3991230157350023
1713,0.14491744759833966
1714,0.11183250334939512
1715,-0.0905206090530514
1716,0.1584442858234186
1717,0.2029375081057976
1718,-0.4122786158002642
1719,0.4287861282229709
1720,-0.5837488593786581
1721,0.5234198340679124
1722,0.04741455088971987
1723,0.29158195926410435
1724,0.4223702293320407
1725,0.08114506222855955
1726,-0.04908005762888479
1727,-0.36414134197283377
1728,-0.41783488020492493
1729,0.4655344256510214
1730,-0.3155865607154524
1731,-0.5544442559741773
1732,0.19145377213384002
1733,-0.14889286571609459
1734,-0.29775476503987675
1735,-0.382618922103798
1736,0.07645827832881624
1737,-0.4474235672811083
1738,-0.3889432890348333
1739,-0.7572120023570915
1740,-0.5889551593651114
1741,0.15310206314849306
1742,0.002263384088621173
1743,0.28199305492223875
1802,-0.21278440055391318
1803,0.223120062000349
1804,0.16745976806392543
1805,0.050522989121825956
1806,-0.14338389895151746
1807,-0.18016781322151698
1808,-0.40904724384217206
1809,-0.11642527512820512
1810,-0.3507483986917589
1811,0.08709876894288497
1812,0.38498112635573106
1813,0.34120302800216024
1814,-0.25251271525870234
1836,-0.1629235710824377
1837,-0.12679172932635754
1838,0.15641171696898876
1839,0.19590211006943925
1840,-0.1899506772422485
1841,-0.2503678122479478
1842,0.8285907634034639
1843,0.16796187896960274
1844,0.16602228661604856
1845,0.2313219322716913
1846,0.5108211996718651
1847,-0.39611073889388854
1848,-0.21373154534121314
1849,0.22908738503074777
1850,-0.7493651793017708
1898,-0.1788332896953173
1899,0.42967426987007357
1900,0.19575410051083686
1901,0.1591264685640858
1902,0.32300628391712694
1903,-0.021630694729539504
1904,0.08718978792908047
1905,-0.05998433215742008
1906,-0.39147630118140353
1907,0.42098127278204694
1908,-0.34935040258761074
1909,0.33529226377463656
1910,-0.06090282000631751
1911,-0.10378962594651679
1912,0.20509927872600292
1913,-0.27062712538337863
1914,-0.24128131087580462
1915,-0.032041635490725626
1916,-0.46470680066621894
1917,-0.33846011876580295
1918,-0.05072720494765107
1919,0.03424363454938817
1920,0.0722166540393219
1921,-0.16740944186442244
1922,-0.25806765320173153
1923,0.29991194935414056
1924,-0.1842306921655923
1925,-0.00828530017919693
1926,-0.030157917380537178
1927,-0.011300255147320179
1928,-0.2213462956581132
1929,0.2946437946027667
1930,-0.21310431918555614
1947,-0.0692986404113419
1948,-0.22575294846156344
1949,0.3358400747262124
1950,-0.08773475103161586
1951,-0.0549655429188213
1952,0.24174566490133453
1953,-0.6661392185746884
1954,-0.048367994632107836
1955,0.1173084999895423
1956,-0.05237115028608569
1957,0.8796929495318573
1958,0.18803960944508696
1959,0.14157137463948619
1960,0.02121665267918131
1961,-0.29866460980084863
1962,0.29863568924997663
2024,0.03089034458586129
2025,0.13484206159943427
2026,0.34462672088012725
2027,-0.13336648884169316
2028,0.20625787324060454
2029,0.15925495652267907
2030,0.015112335448296377
2031,0.0804592448596455
2032,-0.1374321792152812
2033,-0.11969296736588414
2034,-0.4229823815509704
2035,-0.6046703528334425
2036,-0.6235034130942154
2037,0.39607037569955195
2038,0.3313706799698218
2039,0.19360167668530132
2040,-0.009317403730807708
2041,0.10552282288955903
2042,-0.1691585053520117
2043,-0.043915479873492286
2044,-0.2316008542505689
2045,0.09607841668746021
2046,-0.33816135937039093
2047,0.36201592485366146
2048,-0.11696057444538471
2049,-0.26232347251691907
2050,0.12448660521773039
2051,-0.23025777097384012
2092,-0.5838858790179939
2093,-0.5848594816008059
2094,-0.8457606597282636
2095,-0.3638613309185614
2096,-0.06393194319489791
2097,-0.07506507623804756
2098,-0.33302739301536005
2099,-0.5315418009162248
2100,0.26068042180662326
2101,-0.4510070615073995
2102,0.034781594467490365
2103,-0.6681787366595497
2104,-0.5928321538216859
2105,-0.26356505062928504
2106,0.42001896856923526
2107,0.4271185878532731
2118,-0.2866589680254657
2119,-0.09741643115618981
2120,-0.19763521020325742
2121,0.24134869557748118
2122,1.0223416877361824
2123,0.25848817160261267
2124,-0.24880971479084202
2125,0.1532026643507578
2126,-0.08591703110771609
2127,0.4200892305093197
2128,-0.230288418694635
2129,-0.5053231204305153
2130,-0.4235923714482653
2131,-0.1875534760349449
2132,0.18466341561337174
2133,-0.3008688012822582
2134,-0.10701465310242579
2135,0.02011914879952316
2136,0.27455700118517606
2137,-0.06138529252863943
2138,-0.24787732774627144
2139,-0.32143628829965865
2140,0.15842569712187535
2141,-0.30866235393055097
2142,-0.5092487383024297
2143,0.036682811024209186
2144,0.836551594141103
2145,-0.001139677652157306
2146,0.64575072741662
2147,0.23691686390788302
2148,-0.23565833938283412
2149,-0.1458601117266037
2150,-0.1741917945349151
2151,-0.3289375853531967
2225,0.16250561353083215
2226,-0.6959355752654054
2227,-0.6984848178572026
2228,-0.42776410084358574
2229,-0.1942231963031099
2230,-0.06768531870044357
2231,-0.00010005729764243909
2232,-0.1591164178647212
2233,1.071615924390377
2234,-0.1745807142999668
2235,-0.6027837711805699
2236,-0.3513223289622268
2237,0.10641868605470475
2238,0.4718255056224281
2239,0.08516530736883295
2240,-0.03771054125569988
2241,0.08016704433050922
2242,0.19898650702639398
2243,0.2601125153996195
2244,0.385570690384469
2245,0.3431602359176378
2246,0.0441959752362781
2247,-0.20054797832626287
2248,0.4049563218769162
2249,-0.2732610707431609
2250,-0.1754924403727307
2251,0.27899768299458844
2252,0.1727801453585926
2253,0.025237909778712743
2254,0.4558736569522419
2255,0.450875280562266
2321,0.5900380738788691
2322,0.1056648209022507
2323,-0.09610567356226131
2324,0.01767634789034893
2325,-0.7598296123549427
2326,-0.00855721895373232
2327,-0.1722187609342256
2328,-0.2506774508596914
2329,-0.3860296289125231
2330,0.4094865098408463
2331,0.06790948193769994
2332,-0.5542234104380529
2333,0.4640070570374486
2408,1.2405521855536554
2409,-0.5673757291856999
2410,-0.3316912127277614
2411,-0.35718653989075194
2412,-0.13544618501057315
2413,0.3161812604278198
2414,0.6269040696726438
2415,-0.41364261494552274
2416,-0.5350148855288495
2417,-0.4543986182908149
2418,0.31827980950388657
2419,-0.07398168751556122
2420,0.23457975579103366
2421,0.516886104927399
2422,-0.4971671404381757
2423,-0.7319775662344838
2424,-0.7159466904610129
2425,-0.4688692353280028
2426,-0.3021713194956138
2427,-0.42972104262932576
2428,-0.450583464893679
2429,0.27910911008968936
2430,-0.7001898472666549
2431,0.2215240430696939
2432,0.1736065986048384
2433,0.23510380275129703
2434,0.10229035817176092
2435,-0.5797625870205507
2436,-0.4101526803998342
2437,0.1639261069785226
2438,0.32105389499349696
2439,-0.19116309184628597
2440,-0.5445944581986266
2441,-0.16220775086074465
2442,0.4695968466805597
2443,-0.2963532166276668
2444,-0.36711117587637093
2492,0.37505149699236084
2493,-0.027268466129430152
2494,0.4798932029300618
2495,-0.3550618945919874
2496,-0.5028440788193762
2497,-0.1611369562248982
2498,-0.30469678668792516
2499,0.2759952961729438
2500,-0.058053431583835205
2501,0.40159443183845633
2502,-0.08817718298846824
2503,0.2952819885373527
2504,-0.7389573817924262
2505,0.11358784655655893
2506,-0.29694993235231537
2507,0.0875395916841683
2508,0.10124387404983605
2509,-0.11684955311237223
2510,-0.0844466215401081
2511,-0.2301466145400647
2614,-0.5876427953938219
2615,-0.6325572525260951
2616,0.14525411671628866
2617,0.140934546902673
2618,0.7022074332619199
2619,-0.35725736274632014
2620,-0.15894075615706726
2621,0.2888892677713467
2622,-0.02367119251700145
2623,-0.2746693892843028
2624,-0.09267273807136807
2625,-0.27314030610941537
2626,-0.7302314716993102
2627,0.3404144825551647
2774,0.43443788689272833
2775,0.03934279970523419
2776,-0.0950254889233796
2777,-0.8217868971813278
2778,-0.0993960122731085
2779,0.5455666555576106
2780,0.22240938472549546
2781,0.5820319935615346
2782,0.45874776451598864
2783,-0.11065542794679736
2784,-0.20005745315270276
2785,0.2913106129146261
2786,-0.23744216430540926
2787,0.08035653003352589
2916,-0.53192381292069
2917,-0.17209088549815327
2918,0.5301760084962306
2919,0.017813023022476934
2920,0.2104479489320656
2921,0.2482270659046148
2922,0.64754745147293
2923,0.1062181144818914
2924,-0.18735686441106497
2925,-0.21445422722810353
2926,0.1664260102213
2927,0.5756988624534134
2928,0.0015862376609293155
2929,-0.2706795164079753
2930,-0.35523059580834726
2931,0.20891590408352512
2932,0.1272208944786654
2933,0.7915529405335471
2934,-0.3600852684911305
2935,0.07483901968943371
2936,-0.4434635120465972
2937,-0.7648885812143004
2938,0.3327080665075757
2939,0.29926734283172507
2940,0.052210670217135394
2941,-0.6318320440295988
2942,0.39160940561526514
2943,-0.20592787253435102
2944,0.18329562092673685
2945,-0.15943093017239435
2946,-0.44146959077906955
2947,0.4079939960787827
2964,-0.4867172458482655
2965,0.7045706867043897
2966,0.1589572316050871
2967,-0.46244141850612364
2968,-0.5177215369350373
2969,-0.25044979934961853
2970,0.5057388633048582
2971,-0.19772900647790942
2972,-0.3843969093300016
2973,-0.3609646107751947
2974,0.18840535735758648
2975,-0.04787803726234052
2976,-0.6536483892240014
2977,-0.06166165042068897
2978,-0.41415458751192596
2979,-0.0949134493352196
2980,0.04195633004730421
2981,0.6123885487119725
2982,0.4719735777778902
3010,-0.13031650560541033
3011,-0.1861931938409387
3012,-0.33406427181064324
3013,-0.24783002943080126
3014,-0.17982596526089167
3015,-0.005702112354953021
3016,0.11990055023557862
3017,-0.145833031232549
3018,0.19078931857377135
3019,-0.08473286765386294
3020,0.4865789774711377
3021,-0.23767343152651677
3022,0.06128916900602254
3023,-0.06844340679887312
3024,0.4054782065424466
3025,0.17876053465578776
3026,0.2621699290782099
3027,0.02135697148713614
3028,-0.08603016443441519
3029,0.14219092763849486
3030,0.027334032580674045
3031,-0.0961965802931149
3032,-0.25787415623247745
3033,-0.06253854809924095
3034,0.10412966836467646
3035,0.41761562882494135
3036,-0.6037819330817582
3037,-0.30186542134608463
3038,-0.07644354511290134
3039,-0.5187563320692341
3040,-0.049765581754409705
3041,0.009775071680138137
3042,0.46628689008138
3043,0.21816041434237754
3044,-0.11950436117589594
3045,0.91526614073725
3046,-0.5311820811381318
3047,0.300573388370399
3048,0.13587125537891404
3049,-0.17973411900505093
3050,-0.46301597593620025
3051,-0.4807600949025567
3052,0.060394954698002656
3070,-0.7664021273402719
3071,-0.45037584623259563
3072,-0.29414641401565933
3073,0.06850255020287627
3074,0.05342050972672385
3075,-0.2684582168264193
3076,-0.41518377635205683
3077,0.20911319392862288
3078,-0.3759289547864613
3079,0.5989272616301782
3080,0.12079607409863996
3081,-0.3396898398254131
3097,-0.9131524109784519
3098,0.7711135074006383
3099,0.07824136919905265
3100,-0.2866245869921228
3101,-0.08872391940737778
3102,-0.1143977601761066
3103,-0.26284118312024624
3104,-0.011370078232418937
3105,-0.23718034959159195
3106,-0.43663443804184365
3107,-0.8352581323811578
3108,-0.0994450586624477
3109,0.11636641291540112
3110,0.1740157316259981
3111,-0.49138891896538606
3112,-0.6950325305444224
3164,0.06285109808466544
3165,-0.38867583262922767
3166,-0.39486439127146256
3167,-0.46387584766429407
3168,-0.3152062160648181
3169,0.024407020504988865
3170,0.275934297985661
3171,0.7397090987234347
3172,-0.3267970170958645
3173,-0.46260032632357223
3174,-0.49031775027517643
3175,-0.02839397386318565
3176,-0.27576620414405273
3177,0.3698396599171252
3178,-0.09610236639570435
3179,-0.5052664386872546
3180,-0.09191756797839218
3181,-0.07549750582630263
3182,-0.11579378238115998
3183,-0.011573650763408008
3184,-0.14314915763493516
3185,-0.46639457632954323
3186,-0.3171801659383043
3187,-0.03927173901756581
3188,0.04264913608318635
3189,-0.12822963162752404
3190,-0.5438121036127965
3191,0.021907711583481038
3192,-0.3984313210338886
3193,-0.5135692433892521
3194,-0.1432719095472113
3195,-0.015728625041156963
3196,0.4286668769906519
3197,-0.23557427667740038
3198,0.2047840381095249
3199,-0.283977231208479
3200,0.04164405762896005
3201,0.10272887432166204
3202,-0.03214756024443427
3203,0.1533427014558467
3204,-0.4732105422362369
3205,-0.20649721826662162
3206,-0.12521211483140904
3207,-0.3917845531080216
3269,0.24942103874918362
3270,0.47501115246425357
3271,0.5489335194925714
3272,-0.025379548831720264
3273,0.22175363563586784
3274,0.03467087457314133
3275,0.3664950057991296
3276,-0.2978274650580638
3277,-0.5189575935876038
3278,0.35702197561512194
3279,-0.0753059651549961
3280,-0.07495533170556541
3281,-0.02918418757326341
3282,0.25914210499898305
3283,0.026302339529947275
3284,0.0013288893189821877
3302,-0.3220440501142664
3303,-0.27998675582581983
3304,-0.043878428764905
3305,-0.18070191406389988
3306,-0.06038362223962146
3307,-0.273633382735345
3308,0.09191614798029016
3309,0.1951077480214135
3310,0.045452984878796385
3311,-0.2617570114327651
3312,-0.10212572769172219
3313,-0.27624616172805483
3314,0.09872844873293016
3315,-0.27832203566870944
3316,0.2789992910873487
3328,-0.05105966984757217
3329,-0.4330170002891829
3330,-0.4016709069871609
3331,0.007053166967205052
3332,-0.3907396876637126
3333,0.11295771030975175
3334,0.3068199042427998
3335,-0.6957390909837736
3336,0.12687926288897816
3337,0.11345592617309903
3338,-0.57376693628257
3339,0.2050009600878499
3340,0.7067225847293204
3341,-0.7789263607258124
3342,-0.6677547175535007
3375,0.2889011677402171
3376,-0.012857479378127895
3377,-0.03318251450599499
3378,-0.540968118480247
3379,0.42443295760406785
3380,-0.35655800963370565
3381,-0.3394469511128303
3382,-0.42935420199952323
3383,-0.13805432233093431
3384,-0.1472285182061538
3385,-0.2959138605267334
3386,0.5106871330563938
3387,0.19572504143752847
3388,0.01223192776602039
3389,-0.5933164031481033
3390,0.03459307617768162
3401,-0.5570570738483632
3402,-0.1136528511892795
3403,-0.6174269961912571
3404,0.13742127168927465
3405,0.201608477925865
3406,-0.1476601877544298
3407,0.19789515253073306
3408,0.33797853164711983
3409,-0.3821898759315105
3410,0.16754073032105096
3411,-0.2640362884516641
3412,-0.582483880975601
3413,0.16935504002553817
3414,0.31571287346978383
3415,0.04261978546805138
3429,0.01841045867393558
3430,0.2596706297424233
3431,-0.5204373795471717
3432,0.07172821678971192
3433,-0.10968586684504919
3434,-0.015176456475674602
3435,0.13675559327395964
3436,-0.7026541800935249
3437,0.704266299504317
3438,-0.8063273170735688
3439,-0.7699157008954545
3440,-0.3108914635709226
3441,-0.055538974931072585
3519,-0.1467921197593049
3520,-0.202968900359638
3521,0.431071714175572
3522,0.19055938582973364
3523,0.06364189024772053
3524,-0.3351188815369004
3525,-0.22869839640336634
3526,0.2432868643957054
3527,-0.0874267529201371
3528,0.1596540124629186
3529,-0.11665208028275062
3546,0.9410008523542626
3547,0.8404797533607814
3548,0.8477589710892073
3549,-0.05389748552482578
3550,-0.09468419152723961
3551,-0.45069948703559537
3552,-0.47450459120010163
3553,0.1380884418735498
3554,-0.058169791088442065
3555,-0.2523113938633981
3556,-0.3188678718491368
3557,-0.17296229749585973
3558,0.011923097896965391
3559,-0.34681272510966427
3560,-0.22000887718545276
3561,1.0579317188544575
3589,-0.32086393438546873
3590,-0.6053108371466974
3591,-0.7041199000469455
3592,0.051082327442946204
3593,-0.48543639519110154
3594,-0.33107257337021395
3595,-0.33356856980355093
3596,-0.24614856069680213
3597,-0.0953333108816139
3598,0.029150408656093266
3599,0.26963125852745723
3600,-0.23534407593949497
3601,-0.038647601152667424
3602,0.4136110011971003
3603,0.4928347128337574
3604,-0.52050420021787
3648,0.2846224635396533
3649,0.19743767317298067
3650,0.039558984690136856
3651,0.27011499446170106
3652,-0.020098158866284146
3653,-0.45825977483391606
3654,0.5487426561543558
3655,-0.7078889837662631
3656,-0.8409874378195327
3657,-0.4252623184309918
3658,-0.2324507990664332
3659,-0.005269573940184555
3660,-0.515186231025064
3661,0.003852376887466105
3662,0.07155537473775954
3663,0.04589381330082501
3708,-0.38373901100269603
3709,-0.13107503194656558
3710,-0.6674833444614847
3711,0.699016024721568
3712,-0.26523599549073684
3713,-0.5023999156836635
3714,-0.09714388990674554
3715,-0.8237518853732404
3716,0.4788228101224471
3717,-0.6916430228177274
3718,-0.511476281776487
3719,-0.7400449697133686
3720,-0.24255530369258782
3721,-0.5262076732347842
3765,-0.35071090972723373
3766,0.3619633298915392
3767,-0.005280912648578065
3768,0.05543469734339864
3769,0.520141833716419
3770,0.06809009689063092
3771,-0.1238407281617279
3772,0.2756824398701456
3773,-0.1781692505209494
3774,0.0744436639072544
3775,-0.11648970861712703
3776,-0.09297103542709614
3777,0.05309235171400964
3778,-0.40220546634038845
3779,-0.5461633886606565
3780,0.18315036956921038
3846,-0.008800848998937558
3847,0.21916674907862
3848,0.16701586728441384
3849,0.06206680440169536
3850,-0.5600160951941014
3851,-0.011462723359790747
3852,-0.3424769197450812
3853,0.3287968954355288
3854,0.4540470171673393
3855,0.1483992792684285
3856,-0.08753318069195631
3857,0.08344187525306512
3858,0.3089318902488507
3859,-0.3429591894699114
3860,0.2734223437101911
3861,-0.14013035056916556
3862,0.5347084119448879
3863,-0.25154669773202093
3864,0.07815339334950647
3865,0.10978671585481954
3866,-0.30489805603242576
3867,0.28323657958228243
3868,-0.022589592149723628
3869,0.681260111114798
3870,-0.27863704555865
3871,-0.497508120443157
3872,-0.32884894991457214
3873,-0.3910942838026181
3874,0.33942358520035354
3875,0.018382322020899677
3876,-0.19793717723648963
3877,0.41033180300367733
3878,-0.3259582098077964
3879,0.37267447179050517
3880,0.11723210312354582
3881,-0.2703309066942624
3882,0.1211274813063088
3883,-0.41039075348003895
3884,-0.06745747362542909
3944,0.1904374045728101
3945,0.6119952166639722
3946,-0.16091226155285243
3947,0.039058566158467534
3948,0.3591209210740859
3949,0.09363169626170142
3950,-0.015381452197995
3951,-0.4299557898259875
3952,0.44104981674469285
3953,0.03585385996859972
3954,0.2797576263692465
3955,-0.038785440344829364
3956,-0.094201877755866
3957,0.08154459969737354
3958,0.21704085917506089
3959,-0.11707545739581462
3960,0.007977913660884739
3961,-0.005863519964552574
3962,0.0675931752142207
3963,-0.07331936591663396
3964,-0.0027172023323496913
3965,0.39372399997284796
3966,-0.22829850937331053
3967,-0.28136256655152153
3968,-0.26239764550331895
3969,0.007390545776717675
3997,-0.21717972626631812
3998,-0.18300294048339258
3999,-0.052237922945721
4000,0.06793631144756067
4001,-0.35519603772288794
4002,-0.2647696965794927
4003,-0.08329884364536282
4004,-0.04491371487770104
4005,0.07467920905184482
4006,0.06926249527690548
4007,-0.5148254558680243
4008,-0.22168833822829534
4009,0.39479428313122233
4010,0.2703534113641035
4011,-0.030100071990683944
4012,1.1723449764797071
4043,0.2861393506432095
4044,-0.16644802564550495
4045,-0.18348256571751134
4046,-0.12104454672242633
4047,-0.11118357596738783
4048,-0.14255700254796524
4049,-0.17857213374654723
4050,-0.3432276927613279
4051,-0.0978183930379503
4052,0.041921823916971634
4053,0.15195567965654388
4194,0.22275414285913375
4195,0.3071214334593668
4196,-0.5080743906786566
4197,-0.600108552072734
4198,0.32835220608890126
4199,-0.19479683008846815
4200,-0.4695547719655336
4201,0.04487783433414979
4202,-0.49812126890455066
4203,0.4273420953728125
4204,-0.4085396857581329
4205,0.07642962517410798
4206,0.060652243463606724
4207,0.026410956409746347
4208,0.6534066004650092
4220,0.4694968901067704
4221,-0.15856742971687549
4222,-0.5655422463718052
4223,-0.9365645448644234
4224,0.06366824295454307
4225,-0.8786885648201411
4226,0.2393318173120374
4227,-0.7748264914104209
4228,-0.19676867370928608
4229,-0.4058882977624695
4230,0.18444228734879156
4231,0.8033049739912947
4232,0.3529633596485194
4233,-0.21329065710960876
4234,-0.28415483559028865
4235,-0.2784381466718829
4236,0.198126052832236
4237,0.05810767618142834
4238,0.20768695294973002
4239,-0.3705214634584431
4240,-0.23583545189860589
4241,0.2865684131354823
4242,0.18775306067473654
4243,0.3137489622871207
4244,-0.42896701310833046
4245,-0.5081438178470092
4246,-0.5393378954426575
4247,0.10364772534447636
4248,-0.739207487294852
4249,0.2821072328391913
4250,0.48671207944585054
4251,-0.1404678165433764
4266,0.24612938991314284
4267,-0.3199592881641704
4268,-0.768830747032631
4269,-0.817039508050777
4270,0.2990149528669923
4271,1.240566591586979
4272,-0.902046931259725
4273,-0.47396613753757333
4274,-0.17977736821268203
4275,-0.05170488554516668
4276,-0.4507632256790751
4277,-0.5918223237228675
4278,0.378902583199776
4279,0.7664701907320235
4280,0.666633224234245
4281,-0.4422734415200231
4282,-0.6948866579085143
4283,0.4841286095833171
4284,-0.3929485429916029
4285,0.04694862759875891
4286,-0.4571355541525374
4287,0.3697241478147207
4288,0.3370846677201814
4289,-0.38450572717574316
4290,-0.5595394647963592
4291,0.41342508878883116
4292,0.3419177379756465
4293,0.4052616836079256
4294,0.2827305548133891
4295,0.35869635143285883
4296,0.08726231543031465
4297,0.44756481049070423
4298,0.0015279375767411618
4299,0.29427307427752597
4300,-0.17644340753705878
4301,-0.45673051866723496
4302,-0.1732578792317519
4303,0.47595996976371135
4304,-0.1754801691243133
4305,0.1389337916336759
4306,-0.2994849141915962
4307,0.21682094537325466
4308,0.25364335933411364
4309,0.22503279464971465
4310,-0.6353786155239655
4311,0.1281820602560718
4312,0.17351155805593926
4328,-0.6573304158057746
4329,-0.3363477017816243
4330,-0.20847441216810797
4331,-0.09872246581588429
4332,0.034237149751702334
4333,-0.36366944036142823
4334,-0.027763659942270133
4335,0.29576605902831565
4336,-0.3810864314387958
4337,0.2073434793649026
4338,0.0620763679003524
4339,-0.38343011640836977
4340,-0.7348456761285972
4341,-0.015957167573164857
4342,0.5897988756700971
4343,0.2883602646600443
4344,0.28460648532184774
4345,0.21563112495042328
4346,-0.19170658675486513
4347,-0.6791018515269805
4348,-0.3215652665185075
4349,0.32549974395874703
4350,0.5635673119933748
4351,-0.5877488705170544
4352,-0.2549036262701993
4353,0.31445381177589266
4354,0.8112917163294202
4355,-0.03753462884351866
4356,0.3058992115602463
4357,-0.8359335234690844
4358,-0.4151373718894877
4359,-0.16536445834080737
4360,-0.04301340584465323
4361,-0.20000139427276392
4362,0.2282787290557187
4363,-0.18760786480907465
4364,-0.3685976507092842
4365,-0.3147857242159807
4366,0.10269360064210165
4367,0.19360382512467122
4368,0.30965017390485405
4369,-0.06553889672495522
4370,0.06467240033923095
4371,-0.04447715005812142
4372,0.271021085872223
4373,0.006078450994593712
4374,0.2687366625176207
4375,0.5424088847023142
4376,-0.1006141296746024
4377,-0.011387956389501658
4378,-0.03398550763387083
4379,0.3414755370085901
4380,0.4236204076805215
4381,-0.21915065037786588
4382,0.20784232827044277
4383,-0.4395710749332241
4384,-0.21843169941162138
4385,-0.3561947199092487
4386,0.24608190012650605
4387,-0.05219927308035621
4454,-0.5702824554140632
4455,0.19090106605716164
4456,0.1855194683998833
4457,-0.12220026785487455
4458,-0.15172699685322044
4459,0.042591292381087484
4460,-0.09338883867445959
4461,0.1364227792055711
4462,-0.34177920061182526
4463,-0.03681549239009975
4464,0.21527899227067482
4465,0.3667951300719362
4466,0.4830706509305318
4467,0.16737660726982295
4468,-0.3047659047999248
4489,-0.5601982348545531
4490,-0.7918180419209991
4491,-0.9601094352605456
4492,0.013941141263382917
4493,-0.6024008807902803
4494,-0.3655089996462031
4495,-0.5577471287837106
4496,-0.49700250166803334
4497,-0.6219515165047398
4498,-0.8049634689826723
4499,0.13710183135092952
4500,-0.46420975683358406
4501,0.028118769067008623
4502,0.981167538782546
4503,-0.5310016298317374
4504,-0.6201007201226584
4505,-0.16767860884512853
4506,0.45152333052833665
4507,0.17372859121219986
4508,0.20389077041552545
4509,0.36905793948942045
4510,0.4294155094188512
4511,0.42699375880016227
4512,0.7489723527510606
4513,0.2673510882425497
4514,0.3789727664954393
4515,0.2265275281940537
4516,0.3823912288378678
4517,0.44135416081897455
4518,0.6087940425332792
4519,-0.5677489182688235
4520,0.460164898821533
4547,-0.18195023836774388
4548,0.23742808184171793
4549,-0.27617663493022465
4550,-0.2140201590862464
4551,-0.3051110769785726
4552,-0.3667210816108248
4553,-0.09015591904154158
4554,0.5425524146024867
4555,-0.17711564848848677
4556,-0.02958573851798861
4557,-0.34232790509887695
4558,-0.0942781240905945
4610,-0.1912731219255621
4611,-0.3825704771288019
4612,0.10292207109933423
4613,-0.08028628639748474
4614,0.090026162141276
4615,-0.06137807528894494
4616,0.13559306191704004
4617,0.004946603248196457
4618,0.3602766443688562
4619,0.08838844121875106
4620,-0.10613129430151926
4621,0.1905358938497297
4622,-0.3885656469004967
4623,0.054457516097296266
4624,-0.14835496750478372
4625,0.510241825913383
4626,-0.16904263862128266
4627,-0.6876485271850371
4628,0.06991855953718283
4629,-0.15148514774791966
4630,-0.07476491957157021
4631,-0.41553183254060916
4632,-0.2731692932709592
4633,-0.24934995177543673
4634,-0.2805519947823514
4635,-0.12915864163509155
4636,-0.40029217391466776
4637,-0.18115375484108304
4638,-0.6596714395021898
4639,0.08716080454396091
4640,-0.24274102714060425
4641,0.5870882444887664
4654,0.33554954161441214
4655,0.19153842760558226
4656,-0.12128294084071294
4657,0.5589274618823524
4658,-0.17641754587367664
4659,0.625064594360267
4660,-0.3203027408025475
4661,-0.12818199954066245
4662,0.11225701844928168
4663,-0.09574302703710984
4664,-0.612573629216965
4676,0.04227063050929038
4677,-0.06257997497928343
4678,-0.11576321325098766
4679,-0.025868154223958953
4680,0.005529533723764288
4681,0.4267082782224527
4682,-0.07532795384034896
4683,-0.10793253823136599
4684,-0.026296431947019888
4685,-0.20059544068771043
4686,-0.4412745040480946
4687,-0.35640438906781813
4688,0.02921323879654271
4689,0.07973044947338029
4690,0.31126865709841645
4691,-0.3222307898712062
4692,-0.1780329172357501
4693,-0.3980747984476164
4694,0.5513152813639175
4695,-0.2533538935079794
4696,-0.30155385417676517
4697,-0.43071896643139357
4698,-0.4196623588855516
4699,-0.6365965440561011
4700,-0.6226995725070814
4701,0.7722238842575118
4702,-0.35348425052780236
4757,0.024721009565549304
4758,-0.2318377220232703
4759,0.054583084632285325
4760,-0.015619947768038073
4761,-0.3656343775955881
4762,-0.5155009345784939
4763,0.2682872704431301
4764,0.4496423855122775
4765,-0.17503779612445552
4766,-0.21283895467291417
4767,-0.2929253565068695
4768,0.14058295158744002
4813,-0.45088187268681934
4814,-0.46991319308466434
4815,0.1884816642759409
4816,-0.1972549195362204
4817,-0.6347508391282514
4818,0.20967878986178554
4819,-0.1730313887431908
4820,-0.39681527761256125
4821,-0.8781260607912076
4822,0.30605855909146074
4823,0.06111101535740737
4824,-0.3144983863030909
4825,-0.02463267308560163
4826,-0.788273910454379
4842,-0.15224298310925144
4843,0.058026617738608316
4844,0.07832742841816004
4845,0.3516367000178787
4846,-0.3858129221912171
4847,-0.3299811448587103
4848,-0.23473619700617368
4849,-0.24528923253195262
4850,-0.33856633953355986
4851,-0.17232118023689655
4852,-0.21225681368294166
4853,-0.034173807106448545
4854,-0.4663765414661183
4855,0.5898216230768285
4856,0.039208083278400675
4857,0.17332469797571765
4884,0.55594409554049
4885,0.15574865491393397
4886,0.006754128168727905
4887,0.3799460861954437
4888,-0.16626895620051185
4889,0.15696011198658374
4890,0.20623969158014255
4891,-0.5390914910870203
4892,0.3281612709168227
4893,-0.6393160919702829
4894,0.640775615613499
4895,-0.42025495314515926
4928,0.08547284058704821
4929,-0.44261255176007297
4930,0.21416462689715265
4931,0.08555911707982894
4932,-0.011821602897225711
4933,0.19455280879734752
4934,0.5040090096976608
4935,0.21586523350895184
4936,-0.0037059986159256875
4937,-0.1185282279914686
4982,-0.34396444341703697
4983,0.46784255961018173
4984,0.252607524901057
4985,0.0737818098856265
4986,0.2144077135606589
4987,-0.2919767774402804
4988,0.11050899881290965
4989,-0.11001336871078171
4990,-0.6743937234253825
4991,0.25271785017559645
4992,0.2385346824633986
4993,0.255376502468723
4994,0.24011741181391827
4995,0.4687035456764401
4996,0.5019819521777904
4997,-0.13557903850382375
4998,0.38223798681965604
4999,-0.4690712926587761
5000,-0.07225071213203961
5001,-0.3240620645649866
5002,-0.48765389167180817
5003,-0.3754197472414875
5004,0.1144115942262891
5005,-0.12393023970326611
5006,0.216515876216274
5007,-0.5294281181050805
5008,-0.2666850122458224
5009,-0.09551990506939997
5010,-0.29532515390531916
5011,-0.10633310093172797
5012,-0.006697965685228402
5013,0.24906883518499365
5014,-0.18015580927704197
5015,-0.15892435968775975
5016,0.07481175986386608
5114,0.22863933095123978
5115,-0.26241462991514114
5116,-0.1892213160131418
5117,-0.6301711808249076
5118,-0.3150047474613907
5119,0.240546318435589
5120,0.42959777408185046
5121,0.2358494369939051
5122,-0.07727950698101375
5123,-0.10632877811048186
5124,-0.49175050762962597
5125,0.6289992070493777
5126,-0.27434115864451575
5127,0.4919780509782681
5128,-0.8315839962051355
5129,-0.5557164427829228
5130,-0.7470442162270001
5190,-0.5899968485960907
5191,-0.7678849778015078
5192,-0.6681674164587869
5193,-0.8249537024411188
5194,0.2101527867425407
5195,-0.4955213093032488
5196,-0.30661374481587644
5197,0.7872053188073822
5198,-0.8501093689758877
5199,-0.4714279672133181
5246,0.15111185581783515
5247,0.32977503390637536
5248,0.13046589270337122
5249,-0.7479914606749449
5250,0.014953807160776572
5251,-0.6804087756590077
5252,0.362324328641324
5253,-0.21861756642880908
5254,0.733796541251134
5255,-0.6181360677263406
5256,-0.2632936575274789
5257,-0.2065134055247153
5258,-0.11335130919863279
5259,-0.28096351712769563
5286,-0.467152215879267
5287,-0.20296723667072034
5288,0.34438171348411206
5289,-0.23207178581786897
5290,-0.2570779672560027
5291,0.29497417326560615
5292,-0.6978504827795766
5293,0.4137888749988282
5294,0.5616643169284803
5295,0.05705569315000786
5296,-0.31939795243804237
5297,0.12070172087476345
5298,-0.7018664717270544
5299,-0.48322750394797925
5300,-0.5000075582185448
5301,-0.627596749781534
5302,-0.4202696738146149
5303,-0.617628870408576
5304,-0.6065907159675434
5305,0.27485926782318326
5306,-0.7306790453645894
5307,-0.12623140634746616
5308,-0.39516521119437764
5309,-0.13055861128950377
5310,0.3977199900890594
5311,0.15193913172887885
5312,-0.09452576616841851
5313,0.7506506755162365
5314,-0.13116201663676086
5382,0.9895369883580489
5383,-0.6858957674304742
5384,-0.6566597496605343
5385,-0.8715924825586697
5386,-0.5085353838992266
5387,-0.5062269714900263
5388,-0.7524510226739412
5389,-0.9080543511694533
5390,-0.5983487555736852
5391,-0.7139402451079367
5392,-0.2790191413057882
5393,-0.6417576587284214
5394,-0.2729977623847176
5395,-0.18519742434411937
5396,-0.4335329261571014
5397,1.73959702994549
5398,0.38083788087221515
5399,-0.23878979114269866
5400,0.0035550764298254572
5401,-0.07160283723717512
5402,0.3059566034902923
5403,-0.1188923024845208
5404,0.1285964370944079
5405,0.5478816142656078
5406,-0.22230669917269055
5407,0.17387404085979943
5498,0.14331827562273428
5499,-0.2257714352636344
5500,0.19517068909176494
5501,0.13067894602594277
5502,0.05634404550183208
5503,-0.05914977549985685
5504,-0.2470708448177958
5505,0.11694539555174914
5506,0.48593302320366183
5507,-0.5469767687506206
5508,0.08986349689021866
5509,0.5522506009343076
5510,0.14770157002453796
5511,-0.022169556271735308
5512,-0.2844687520958236
5513,0.5462465645331531
5514,-0.18501337914864135
5515,0.09024416342832026
5516,0.19117684358844167
5517,-0.21636633615756629
5518,0.03937585197623447
5519,-0.40591238352063247
5520,-0.6661271118902925
5521,0.11550257982172774
5522,-0.35591563889812805
5523,-0.5181292669926437
5524,-0.4795514662008728
5525,0.21613673577905995
5526,-0.11087839513563144
5527,-0.34223761025299415
5528,-0.2619152467225164
5529,-0.30672674009923667
5575,0.5473882996209942
5576,0.348645383951938
5577,-0.3207383580542442
5578,-0.5754810283738767
5579,-0.3417205538971905
5580,-0.3968292884599438
5581,-0.28768374482540415
5582,-0.5784623967469709
5583,-0.295379726282564
5584,-0.37901739009275187
5585,0.21867598701449847
5586,0.37898615450780804
5587,-0.12676630988390053
5588,-0.14050866495356762
5589,-0.672687681109414
5590,-0.0862222391809547
5603,-0.6356617727052625
5604,-0.6236046971790538
5605,-0.7496228987577204
5606,-0.9130159932249278
5607,0.4921096123389256
5608,-0.6881781496776392
5609,0.06732480302363085
5610,0.1453918751804738
5611,0.5963535895898255
5612,-0.9126710934122166
5613,-0.47088443984619066
5614,-0.5775521255369264
5615,0.040749076674444204
5616,-0.7801043262276041
5617,-0.5259569207716607
5618,-0.2811444520239345
5619,-0.4673000840963188
5620,-0.0014726429779494676
5663,-0.16882729597055324
5664,-0.04998601008095788
5665,0.31107150048836907
5666,0.45840572007876335
5667,-0.6668630029131393
5668,0.030750250515846844
5669,-0.11235848661740377
5670,-0.48354288856864347
5671,0.06709389140286293
5672,-0.4466818413724235
5673,0.6315699771525396
5674,-0.5843682641032729
5675,-0.452207570861076
5676,-0.5305496393517727
5677,-0.7298212404474922
5678,0.8825787512844459
5679,0.04091392655633788
5680,-0.41238124852929076
5681,-0.48353091978089685
5682,-0.2334325594753423
5683,-0.05880771869313314
5684,-0.4770152142568409
5685,-0.07475192045183154
5686,0.2389077974246715
5687,-0.18415257753381215
5688,-0.2739382957055403
5689,-0.19507565096227386
5690,-0.1164471737412978
5691,-0.517648976084806
5692,-0.12855956760992965
5693,-0.2625948476962337
5694,-0.1383787954214321
5695,-0.3855664032779272
5696,-0.6155273800044508
5697,-0.4824844872711322
5698,-0.2369187038370788
5699,0.3676377700933822
5700,0.46469663661967947
5701,-0.1637842034651784
5702,-0.6002963947840104
5703,0.1703538002149237
5704,-0.24433533432585347
5705,1.2176705385068303
5706,0.12702254004471056
5707,-0.2651663736021301
5708,0.5146696311614968
5735,0.16005304208173776
5736,0.15998898361609343
5737,-0.079662404056493
5738,-0.10058472714123065
5739,0.13002512939780098
5740,-0.00022850514870564886
5741,-0.2662029849658233
5742,0.11617172532296001
5743,-0.0009497029908120402
5744,0.11710441395040694
5745,0.12984602954306915
5746,0.1348508960360404
5747,0.11743801186997199
5748,-0.14681656155832173
5749,-0.4199616525961739
5750,0.04566232917468151
5751,0.3699108394830349
5752,0.09617000028932772
5753,-0.014799008144560241
5754,0.31638702990801576
5755,0.14039910129540467
5756,0.2771088710453842
5757,-0.16866899048852393
5758,0.02443643487579833
5759,0.20003370570533896
5760,-0.2270617350500113
5761,-0.3465641796773054
5762,-0.3007624876362913
5763,-0.156403477069788
5764,-0.3666686730850359
5860,0.21571782644669713
5861,0.299375996262835
5862,0.2979411091187509
5863,0.14170006529624293
5864,0.3353138357621235
5865,0.37035967533807573
5866,0.2610161913815895
5867,0.2989560762522615
5868,-0.2692320697345933
5869,-0.038997876813286536
5915,0.21899663707858869
5916,-0.22039391167627587
5917,-0.05212595366204294
5918,0.019715894102442094
5919,-0.03322688635082194
5920,0.14725999962569933
5921,-0.05333683975306734
5922,0.4724664746107606
5923,0.09699020588904572
5924,-0.3140180786236928
5925,-0.3091577377539657
5926,-0.30470871267049027
5927,-0.09843944980220908
5928,-0.22738963808060922
5943,0.8491149007233336
5944,-0.009540860141655547
5945,0.24490072047462358
5946,0.33218774980746235
5947,-0.002253062767852143
5948,0.2590435611323287
5949,-0.036140096105091
5950,0.062177598103704976
5951,0.21819544173841282
5952,-0.0940197594228964
5953,-0.6098640387522898
5954,0.7684818632474234
5955,0.131412555947863
5956,0.47937797951497246
5957,-0.014438702313821078
5958,0.39145811195989844
5959,0.9495891621207813
5960,0.21553515700947218
5961,-0.38429533218833734
5962,0.37046441586839873
5963,-0.0360508153475347
5964,0.0017600207331571749
5965,0.4277377775590879
5966,0.7620097993087636
5967,0.26835144300600705
5968,0.37177662308749676
6012,0.25134699239435376
6013,0.06560729127064514
6014,0.5471853024535599
6015,-0.5692266437911349
6016,-0.37539876935281585
6017,0.2205311933914531
6018,0.13270748531094165
6019,0.7665855845177525
6020,0.006200149849668338
6021,-0.6591859411268841
6022,0.21847085259438248
6023,0.1281002219477337
6024,0.12487363081529246
6025,-0.5840470698685098
6026,0.9633557125148702
6027,-0.21665449046520407
6089,0.3254636260231683
6090,1.0204944675909557
6091,-0.09406921992266311
6092,-0.2667142405984063
6093,1.1196063982792237
6094,-0.3354415240591133
6095,-0.8025432792118554
6096,0.580654509325273
6097,0.3353370325989305
6098,-0.5758586595850874
6099,0.011973852808961766
6100,-0.171908207846812
6101,0.6556762429796944
6102,0.22036622746650977
6103,-0.7614523958498078
6104,0.01844145976750855
6105,-0.22415060726122055
6106,0.06497078365897356
6107,-0.35218356098306103
6108,0.3595102783170308
6109,0.13512534472598947
6110,-0.49061344732248646
6111,-0.2305449540459778
6112,0.18515908590552005
6113,0.17772977752028593
6114,-0.23021816597725103
6115,-0.23553712281232453
6116,-0.12863083766413919
6183,0.8160216791436915
6184,0.17996593365542018
6185,0.38121066716156543
6186,0.0744944000760839
6187,0.4508602736215521
6188,-0.4859760097480399
6189,-0.07084358791289287
6190,0.7612610298674155
6191,0.2973614919719873
6192,-0.5384731351360608
6193,1.2494166420036374
6194,-0.8089957800882811
6195,0.2146356310258215
6240,-0.4463660934233839
6241,-0.8100436960526318
6242,0.14978220678923254
6243,-0.4595981823334538
6244,-0.06300437228082519
6245,0.11454839184469
6246,0.2601514578850121
6247,0.21650687053872347
6248,-0.5270155157320554
6249,0.4145432110251418
6250,0.650409896908263
6251,-0.7428922180479485
6252,0.2193543422138038
6253,-0.1580458500962466
6254,-0.5442179417133963
6255,-0.8533038084129523
6281,0.34385107229331147
6282,0.2387862601511217
6283,0.03359677588696892
6284,-0.09126072403213953
6285,-0.17498481792617818
6286,-0.06377012805944082
6287,-0.33403419856520383
6288,0.5144287172031864
6289,-0.07928448501981405
6290,-0.00933302357189185
6291,-0.15794268048113455
6292,0.01655236877481432
6316,0.17647221195109306
6317,-0.6374996006005351
6318,-0.20235869551751012
6319,0.09553861656660484
6320,0.7478207864705486
6321,-0.05983797396775968
6322,0.0716987510551169
6323,-0.5213923127313228
6324,0.09749063456305974
6325,0.07791288691587965
6326,0.15076336411826854
6327,-0.1482850404957038
6328,0.006960216122680149
6406,0.5656596529419404
6407,-0.2674623853054762
6408,-0.6308724470020768
6409,-0.14445793579990648
6410,-0.14660227742005807
6411,-0.5185571461202945
6412,0.658223786574192
6413,-0.44201459318577657
6414,0.07459194865916532
6415,0.059789307924124124
6416,-0.372463254949527
6417,-0.5792415527227515
6418,0.1835439533300024
6434,-0.23542776959557776
6435,0.14282672502132304
6436,-0.14444993592299987
6437,-0.03281983665843152
6438,-0.5419468491838554
6439,0.11590841881578536
6440,0.767385045249968
6441,0.4096495471135589
6442,0.35761693825159024
6443,0.05450509201512283
6444,0.19553287381378132
6445,0.5692672450725537
6446,0.11161278827173754
6490,0.20297034691651628
6491,0.43625817649470133
6492,-0.0897773025720166
6493,0.36408341979955056
6494,-0.23610181991866097
6495,0.12633859733558842
6496,-0.4520249715212286
6497,0.15406275898754412
6498,-0.03575270310866768
6499,-0.04591842770352346
6500,0.23510494637928045
6501,-0.5554196734873637
6502,-0.09143878778669987
6503,0.3124227854758635
6504,0.6165499846520112
6505,0.3634851458859295
6506,0.7476429216468773
6507,-0.7491392748944192
6508,0.32673140466812356
6509,-0.5608663681158715
6510,0.35782362598650885
6511,1.112504910751029
6512,0.4197283626314293
6513,0.32373390152449777
6514,-0.25388399299874703
6526,0.24546245030255862
6527,-0.260700170289234
6528,0.1437200366016306
6529,0.11621066069292216
6530,-0.12516751333669804
6531,0.4166885540331936
6532,0.4500092256197865
6533,0.30577179922425246
6534,0.36978810442308063
6535,0.1977624754429138
6536,-0.013156869569384888
6537,-0.07233301007740897
6538,-0.2823042683560445
6539,0.3385161983828489
6540,-0.7275464018170296
6541,-0.6084016020747481
6542,-0.03797677351518612
6543,-0.4361141660326361
6544,0.025770405985025224
6545,0.4455760543907209
6546,-0.2439679536855401
6547,-0.3521407825090986
6548,0.41103967776486516
6549,-0.11145213911274308
6550,-0.3907652095731025
6551,-0.2991612909646928
6552,0.46837211206829277
6553,0.2430431425862179
6554,-0.15822662279701055
6555,0.20780521910774682
6556,0.5129417766082105
6557,-0.13047087588973466
6558,0.8323473889087161
6559,0.834646213432227
6560,0.3444812363377813
6561,0.0706219161380979
6562,-0.14125582493093164
6563,0.16819218575667352
6564,-0.5304594214521735
6565,0.06737439648975913
6566,-0.3521977810267119
6567,-0.5241587649396047
6568,0.016222319607214236
6569,0.2878112636595811
6570,-0.7982244468415995
6603,0.42173296471940613
6604,-0.3023181764096981
6605,-0.06404193124118843
6606,-0.2675349602695496
6607,0.09275334936552963
6608,-0.15226843226228798
6609,0.4346311257115768
6610,-0.1577593822451283
6611,0.3728744140649524
6612,0.05228306868294967
6613,-0.2747778042144443
6614,0.6780694502305461
6615,-0.5493104244510577
6616,0.24737972207631032
6617,0.06561923126752026
6706,-0.19047471670224664
6707,0.5555411940278829
6708,-0.06289310424495102
6709,-0.1770288856585197
6710,0.20527095042139776
6711,-0.7869413277664757
6712,0.2691591327692545
6713,-0.046088786882054075
6714,0.26921540173994063
6715,0.8594116765221702
6716,0.5315771784632837
6717,0.7905020139410934
6718,0.9321878278614424
6719,0.06229424662707079
6720,0.03858789337911531
6721,0.1052838332195735
6793,0.06717269335946975
6794,-0.16248010747615765
6795,0.4036025159801181
6796,0.1655950305539413
6797,0.46947164340549974
6798,0.16216449189886972
6799,0.07363501139639096
6800,-0.05389342715360048
6801,-0.29256570331248055
6802,0.8618597147126101
6803,0.12747826931648237
6804,0.18354481530775507
6805,-0.14204883054347156
6806,-0.4032314056480587
6807,-0.1138898469241075
6838,-0.0841596317566203
6839,0.557103003677489
6840,0.5945336035935387
6841,-0.6034989359907372
6842,-0.6534967124168239
6843,-0.05702169487420451
6844,0.05755622049234721
6845,-0.21830838252761092
6846,-0.7995260586099416
6847,0.08846802746297484
6848,-0.3530986852780949
6849,0.3759847180215652
6850,-0.106903934241371
6851,0.29145068868119306
6852,-0.12729767742413944
6853,0.14879953807522242
6896,-0.6260576425489045
6897,-0.1829460161889142
6898,-0.13698312831314308
6899,-0.36610149245460866
6900,-0.4361697435519646
6901,-0.7058511827283898
6902,0.31975991516192936
6903,-0.25566743293934624
6904,-0.18581650350087836
6905,-0.5504552676288377
6906,-0.5757545072178835
6907,0.4817859970397761
6908,-0.6630405928631694
6909,-0.12179372422761817
6910,-0.5740802212552261
6911,-0.38538800587780914
6928,0.14144550403444875
6929,0.5004002744334977
6930,-0.2615779765468838
6931,0.1362774699324563
6932,0.3304551249034331
6933,0.1504191949483509
6934,0.460874292041624
6935,0.15020568883531846
6936,-0.6028114360872865
6937,0.15769155368709445
6938,-0.5545475866527177
6939,-0.15836477213903788
6940,0.12230985484415015
6941,-0.6753529169627159
6942,-0.08193596306593766
6943,0.09842513197687064
6970,-0.6802512005673257
6971,0.2578098537284504
6972,0.30460972305459266
6973,-0.10418859685739612
6974,0.1817683446816746
6975,-0.23099695891988867
6976,0.1602901582382052
6977,-0.1815905355002548
6978,-0.569412958279149
6979,0.5150069384464033
6980,-0.8166218806133371
6981,0.3752892500751669
6982,-0.3892809508356704
6983,0.18446083640110542
6984,-0.27371019721554435
6985,-0.08354005802065181
7054,0.6308878819397362
7055,0.8339204405784209
7056,-0.33686759068222627
7057,-0.698484541855181
7058,-0.49844870767898386
7059,0.1123924072236148
7060,-0.057768000613069165
7061,0.048484250787454664
7062,-0.08063896675679497
7063,0.4255727005333429
7064,0.5142270753781104
7065,0.44684651329288094
7066,-0.07171966692923287
7067,0.6336422240893859
7068,-0.3564032109523982
7069,0.10630193180985553
7080,-0.3848038219619678
7081,-0.016400604997703017
7082,-0.247055640546824
7083,-0.6307532316564733
7084,-0.19944321187155836
7085,-0.6947813545424631
7086,-0.7725026387878478
7087,-0.29297604212100403
7088,0.38152580152727655
7089,-0.30544765976378885
7090,0.3925498305032932
7091,0.7429043180457224
7092,0.3577156049302334
7093,-0.2661802304570305
7094,0.05073801062939484
7095,-0.24510690945549857
7096,0.06684410079344423
7097,0.02799262547372633
7098,-0.09445044184888955
7099,0.127246633905715
7100,-0.022245093437514574
7101,-0.0728287445282291
7102,0.657243946417669
7103,0.08902243487166323
7104,-0.19877188018633557
7105,-0.14486078426566817
7106,-0.4669627003594043
7107,-0.35420939862574213
7108,-0.7150574889717897
7109,-0.7949733487285037
7110,-0.7018934936466914
7111,-0.3852790985173129
7112,-0.2505970632568031
7113,-0.41725255516759907
7114,-0.5992468350409536
7115,-0.1971661738120764
7116,0.5213795934298353
7117,-0.37252221122695317
7118,-0.4782330136126033
7119,-0.32412470899542245
7120,-0.21162849691912755
7121,-0.375953765600649
7122,0.4908242304620922
7123,0.4225216634046711
7124,-0.3407741129459675
7125,-0.41154484759838034
7126,-0.5652266725592995
7127,-0.5358880266150836
7154,-0.21710732429651952
7155,1.3445171929241293
7156,-0.4156319706047829
7157,-0.2744451390420749
7158,-0.25640375271951604
7159,-0.2444813710276878
7160,-0.10410939740767775
7161,0.2764992371641966
7162,-0.15412071338273697
7163,0.3459013855413999
7164,0.7416774574254549
7208,-0.9342121667410264
7209,0.3820544134329584
7210,-0.12515599125337135
7211,0.012288758805701239
7212,0.1098006586139928
7213,-0.5486033669023839
7214,0.6257795004564148
7215,-0.5287513522228106
7216,-0.1865341207504233
7217,-0.28466385388381626
7218,0.6122953275414139
7219,-0.7114523164290647
7220,-0.4723282066429144
7221,-0.2551209717748561
7222,-0.4848298985764867
7223,0.41244105889009924
7224,-0.003019538042833142
7225,-0.5700222701118868
7226,-0.1204062194807784
7227,-0.027712617783147014
7228,-0.5437196846941673
7229,-0.19307702972734084
7230,0.09189205693492404
7231,-0.32203137582705305
7232,-0.44369181306522854
7233,-0.3616425521854614
7305,0.0026759422986666476
7306,-0.39696983461878754
7307,0.6310707544614796
7308,0.3154529704938548
7309,0.4811371484725516
7310,-0.08067188362780163
7311,0.4863659914399832
7312,-0.07389692735277181
7313,0.06041020791040591
7314,-0.327485595393178
7315,0.9508691015054438
7316,-0.39693386836518213
7317,-0.023902380874285034
7318,0.61272220690088
7319,0.6080582256118834
7320,0.05355662281408623
7321,0.5214943753888487
7322,-0.6566906938327746
7323,0.3839676967809034
7324,-0.2909026156231596
7325,-0.027147825557168256
7326,0.7717948831688486
7327,0.3325964037838827
7328,0.7407819325058256
7329,0.05682138003414963
7330,-0.3954913459276116
7331,-0.5522176461979654
7332,1.1613397225900408
7333,-0.05939836346880735
7334,-0.04538262243961534
7335,0.26725648892779175
7336,-0.5315482734856181
7348,-0.45363846784524287
7349,-0.4218858194119328
7350,0.5738362538972407
7351,-0.014537423502616748
7352,0.5559520023446849
7353,-0.6501835262506126
7354,0.08147591411544426
7355,-0.3502395372088636
7356,-0.6789809438921127
7357,0.25890379290228793
7358,-0.6441054275328494
7359,-0.49618365001103903
7360,-0.3288749915938507
7361,-0.5750872286974101
7362,-0.41779063368380065
7363,0.6828800069429121
7364,0.13502518357178436
7365,-0.06682725006075639
7366,-0.8535485569496845
7367,-0.5500641634375314
7399,0.06790503207757284
7400,-0.380648415468907
7401,-0.7676393058583818
7402,-0.5747853343589514
7403,0.04733877037866918
7404,-0.7584807991332865
7405,-0.6633818310364956
7406,-0.3912846640164358
7407,-0.3973193506316269
7408,0.48995846827553124
7409,-0.5115111297559807
7410,-0.765874966607014
7411,0.8083485448650669
7412,-0.5338721092461958
7413,-0.5666941572139242
7414,-0.12327625605087729
7428,-0.12852555969969923
7429,0.3616836860839201
7430,0.284918158535154
7431,-0.0410830931125256
7432,0.32759893701260245
7433,0.3340806848065013
7434,-0.12131275110741786
7435,0.33829438894825603
7436,0.1256441203510109
7437,0.4643837252893908
7438,0.041757020344212095
7439,0.9192327997483869
7440,-0.2084448276638433
7441,-0.37618090774057733
7442,0.32793286436866753
7443,-0.4153818500871138
7444,-0.04952513127860163
7445,-0.5184150136676088
7446,-0.26002995746144486
7447,-0.2233100270305673
7448,-0.16937637881638093
7449,0.05194081969044886
7476,-0.12507527159999288
7477,0.02748945876575619
7478,0.3251613296864612
7479,-0.0681372255168356
7480,0.4992286478333049
7481,0.6838685447851076
7482,0.6279586528831395
7483,-0.15099451878649436
7484,-0.3056679675191431
7485,0.16663725566247028
7486,-0.06762128089607898
7487,0.41308651199954716
7488,0.19635139652892286
7489,-0.007373339174445229
7490,-0.25153114024386986
7491,-0.43160455328395514
7492,-0.3045270661289074
7493,0.10576886182120082
7494,-0.23310403518934733
7495,-0.3467479117544108
7496,-0.09193783427926464
7497,0.32004072481637313
7498,0.41588037458496097
7499,0.09173067328957442
7500,-0.057877020494987
7501,1.1086093805469883
7502,0.3567405693546932
7503,-0.18775155091878004
7504,0.41158660659706336
7505,0.696818376270928
7506,0.27548914742087643
7507,0.4283275458148432
7508,0.9364878206756839
7509,0.4862624107354139
7510,1.074364534587431
7511,0.03760557435030029
7512,-0.5610603257924207
7513,-0.08190700648115241
7514,0.6169044501947427
7515,0.6638765029455189
7516,-0.5413725365842887
7517,0.060784462492767706
7518,-0.47689844193254555
7519,0.8390959772841364
7603,-0.10838888889021231
7604,-0.346909111962607
7605,-0.584187713151404
7606,-0.27246306516317437
7607,-0.6034846152139015
7608,-0.33299725598594837
7609,-0.506669013511585
7610,-0.5097686385017818
7611,-0.3650171825848739
7612,1.2393698089560314
7646,0.10439882489910776
7647,-0.031685706710780234
7648,0.4862805217787852
7649,-0.060584016582695244
7650,0.08783348517622856
7651,0.10486502981991921
7652,-0.347587608728608
7653,-0.17491095232602016
7654,0.5150951456678474
7655,-0.09499032572554317
7656,0.01956544489910693
7657,0.825351161488179
7658,-0.027721474532408988
7659,-0.556006054927777
7660,-0.42907829555105514
7661,1.1180941791600807
7662,-0.47666075114240003
7663,0.581130635078221
7664,-0.3580144380558563
7665,-0.5957417878628548
7666,-0.20919039960633407
7667,-0.20558168836217136
7668,-0.022068513422392425
7669,-0.5045241180162492
7670,0.7389339921370865
7671,0.9722774451426719
7672,0.02300942800932544
7673,-0.12133567173844167
7674,-0.3882585372096755
7686,-0.5281328799264281
7687,-0.579582577805239
7688,0.2265340979349984
7689,-0.5860271410526583
7690,-0.21388854388437445
7691,-0.34891986620082094
7692,-0.20523240003297064
7693,-0.2025298658542659
7694,-0.35954142452567134
7695,0.11650362021773555
7696,-0.44316565805170227
7697,0.012894894638050547
7698,-0.4051897733290202
7699,-0.07528789196226462
7700,-0.5606600445986387
7701,-0.5383137315125207
7702,-0.658371601492542
7703,0.042293721138255636
7704,-0.3705403978765781
7705,-0.24849945969278786
7830,0.4424493489547748
7831,0.2640825779020188
7832,-0.022785422867544508
7833,-0.381853548351755
7834,0.444753304445789
7835,-0.2114611982479624
7836,-0.4755610471014744
7837,-0.13984488709874848
7838,-0.12449529922690032
7839,-0.656394165354412
7840,0.1850256178610499
7868,-0.2978122424498817
7869,1.214986145996229
7870,0.3265515928001946
7871,0.13707840355064926
7872,-0.4823170057373535
7873,0.18249065622688884
7874,0.5166438641651282
7875,0.144943429899893
7876,-0.6649805029292123
7877,-0.07455584700503791
7878,-0.62535215520276
7879,-0.13948236610136827
7880,-0.3683486453883254
7881,-0.05586260066445524
7882,0.17292277160141656
7883,-0.41144660503809505
7884,-0.4580435728810935
7885,-0.4006356001389863
7886,-0.047952686003383524
7887,0.5053935361167877
7888,0.32828621887845766
7889,0.21448995280997007
7890,0.10985125149349846
7891,-0.486360353383987
7892,0.38925488364297745
7893,-0.1123587219117572
7894,-0.20951469958365554
7895,0.23681797488580664
7896,0.5876717406754421
7897,0.28169624922285774
7898,0.2737063471389918
7899,-0.6222217137396671
7900,-0.24352412574006077
7901,0.1177253309573398
7902,0.007588783795003537
7903,0.5288044932247886
7904,0.6080592519749046
7905,-0.5863782416994054
7906,-0.7154975669203241
7907,-0.021882903176116353
7908,0.29033995870535534
7909,0.13325516301598309
7910,0.024869244871992505
7911,-0.28658092853718403
7912,-0.42101864371526343
7913,0.014410069786089524
7914,0.12345923595297387
7915,-0.2130951330268634
7916,-0.1634511854457929
7946,-0.1255347124468801
7947,0.9703191132991295
7948,-0.11826588081720622
7949,1.0090859275416362
7950,0.39589257764085506
7951,0.5162715513873667
7952,0.29920574763431906
7953,0.193620817630583
7954,0.02973865469192809
7955,0.971395498252437
7956,0.49013317520115335
7957,0.7929065148997416
8060,-0.03978554021446215
8061,0.04704018755149704
8062,-0.00984407804444383
8063,0.1915750113471774
8064,-0.4377409802461707
8065,-0.1853240455463056
8066,-0.04253797014138977
8067,0.008153338007848968
8068,-0.08104143472805128
8069,0.47335006811478103
8070,0.25216013958642375
8071,-0.02751405682112329
8104,-0.2537206738896303
8105,-0.04251438440524984
8106,-0.3240838768591796
8107,-0.16025280077648243
8108,-0.3094649384686887
8109,-0.19312822805537955
8110,-0.19972832210417288
8111,0.9053361741656573
8112,0.15326971603805728
8113,0.9544007159701144
8114,0.37732318819832156
8115,-0.48744183090199544
8189,0.6095129723888567
8190,-0.07195754285743014
8191,-0.24912587267780634
8192,-0.19543302207797525
8193,0.32657345420893935
8194,0.40687005390536957
8195,-0.21515567249134965
8196,-0.039671959012399824
8197,0.2535621010109694
8198,-0.48864589678941595
8199,-0.6788984191410679
8200,0.15876985178103392
8201,0.3330783975216024
8202,0.3444132719708697
8203,-0.8156134041390788
8204,-0.6549813631387514
8205,0.22528734893548308
8206,0.4284309306270564
8207,0.30380484878231206
8208,0.1623340171784416
8209,0.005351480014007259
8210,0.03176220512317139
8211,0.25816584130000925
8212,0.38224588190131725
8213,0.30014396393530335
8214,0.17156655986347324
8215,-0.6802336788750827
8238,1.0504398815899776
8239,-0.2332578537855557
8240,-0.015111576386281467
8241,-0.09672765783439952
8242,-0.5242546511809844
8243,-0.4851853716956119
8244,-0.1791674791074266
8245,-0.1551518246579077
8246,0.7626430447412849
8247,0.0640872292877941
8248,-0.0986683589296311
8249,0.38701649636069013
8250,-0.02677731977306691
8251,0.26573169440720473
8252,-0.08145275200788561
8253,0.2833695602254131
8254,0.323687527600486
8255,-0.009823143224094721
8256,0.3823962289978621
8257,-0.2783685067139471
8258,0.49202986661235526
8259,0.3777857898094012
8260,0.32540310632085534
8261,0.3674498813786299
8262,-0.5337314594607845
8263,-0.681925292178519
8264,-0.6668332163778345
8265,-0.6905487419249007
8266,0.6335461462672294
8267,0.3628854888123516
8268,0.9124344944511009
8269,-0.708041715728778
8270,-0.433782054827022
8271,-0.19230578850437005
8272,-0.32559601069193894
8273,-0.19693666802308452
8274,-0.5590880878166763
8275,0.33719485063217947
8276,-0.5258141884806617
8277,-0.4740552272213118
8278,-0.5420829694970377
8354,-0.13866075471997308
8355,-0.14672013228432423
8356,-0.3380717432692062
8357,-0.3977788017449268
8358,-0.663945326928097
8359,-0.540427683988508
8360,-0.31412523746277476
8361,-0.5472911537233451
8362,0.3654164201529058
8363,-0.43445235114034586
8364,0.10566896346045845
8410,-0.013957199058402397
8411,-0.2094003016739998
8412,-0.060486833043467594
8413,-0.15062066955718495
8414,-0.6192691690954922
8415,-0.36714789732372144
8416,0.03712603961106639
8417,-0.3190541966341355
8418,-0.11763198599861624
8419,-0.319431265107341
8420,0.5008536875287956
8421,-0.023238002063909538
8422,0.0015909318775970405
8423,-0.25600372664439786
8424,-0.13686633573455714
8425,-0.19281545427447716
8426,-0.2687115269250105
8427,0.03470334164393114
8428,0.4972886404342138
8429,0.6552794781092104
8430,0.35035502173664607
8431,-0.22861304962482587
8432,-0.13350725059645124
8433,-0.05001808079572356
8434,-0.09607100266395843
8435,-0.14497333381696564
8479,0.09013346521548468
8480,-0.5391277249905325
8481,-0.39663614419903687
8482,-0.08440330366135639
8483,0.4320338527537734
8484,0.005655006846220306
8485,0.014800044188729738
8486,0.27027002414284684
8487,0.07461141300295192
8488,-0.12815390452034156
8489,-0.30772244509365904
8490,-0.2125737868897948
8491,0.1489936442615256
8492,0.17066216362273395
8493,0.018554125164437815
8494,-0.04565113270569528
8595,-0.007106865729716076
8596,-0.15679659162903453
8597,-0.4734790096269641
8598,-0.24762272222358173
8599,-0.4722118901474555
8600,0.6677561154684375
8601,-0.2358079649244167
8602,-0.11437395517905322
8603,-0.2267829025736339
8604,-0.25772683269598734
8605,-0.37616366553669023
8606,0.18153104446489732
8607,1.1584198105969348
8675,-0.2836133273078959
8676,0.28672192687799525
8677,-0.05780881717535746
8678,-0.36184541807207576
8679,-0.052488087901133754
8680,-0.22101885541949373
8681,-0.21041289310300265
8682,-0.11705145769653069
8683,0.32830700250613243
8684,-0.6755196942605988
8713,-0.5779615487403014
8714,-0.32011778445852096
8715,0.279744290242766
8716,-0.17026236591958555
8717,-0.3481095776495935
8718,-0.13706615451153242
8719,0.09447414367224276
8720,0.5545730646174858
8721,-0.036033691043368385
8722,-0.3585861493500871
8723,-0.4319891262272023
8724,0.3321775609539498
8725,-0.4886476399289536
8753,-0.2090907172684802
8754,-0.5836376837417585
8755,-0.46185627115278327
8756,0.23963899050437848
8757,-0.8004673119178071
8758,-0.21168991045966506
8759,-0.39824119333753444
8760,-0.3655875303893819
8761,-0.5199037945384075
8762,0.2360228808928517
8763,1.4664965741327884
8764,0.21004140973639784
8765,-0.535902060432932
8766,-0.4254995836084302
8767,0.3372515998809905
8768,0.0015391462681099422
8811,0.817560851062263
8812,0.09798991265150658
8813,-0.5114270019021775
8814,-0.43963271071786897
8815,-0.22323269823012917
8816,-0.20647162889445445
8817,0.11048227810873824
8818,-0.26970057613599474
8819,0.037979448467511924
8820,0.08948098242377825
8821,-0.2982582593355416
8822,-0.03015914671077713
8823,0.2114180622311888
8824,0.33247587346900875
8825,0.5592550264759839
8826,-0.22234270574589196
8843,0.021664189777176164
8844,0.28867769083419165
8845,-0.17472216449597824
8846,-0.5450090467038287
8847,0.4295429750991954
8848,-0.09534983393175035
8849,-0.09154629272227717
8850,-0.5499978194584003
8851,-0.044344257244593246
8852,0.8839289221581772
8853,-0.26221802660468163
8854,-0.29038291008703043
8855,-0.33527107950998136
8856,-0.009758814346793349
8857,0.1733921980698599
8858,1.0415775669347025
8859,-0.6134622900193724
8860,-0.2995061012971314
8861,-0.4788720915168195
8862,-0.3939665450057518
8863,0.13924014190344697
8864,1.3242698264493196
8865,-0.38775773099833155
8866,0.1353617279653842
8867,-0.17549431766176765
8868,-0.32579360213664404
8869,0.39530808624367475
8870,1.4930610134789952
8896,0.5856907750300793
8897,0.47597514495640736
8898,-0.4052386379039635
8899,0.5685656887307546
8900,0.5523200724907218
8901,0.8140268003577751
8902,0.05118535525364799
8903,0.7926573193513613
8904,0.28884375913103
8905,0.5719112902024175
8906,0.4880136966969897
8907,0.2517906727315882
8908,0.025357590351791894
8909,0.16844355206505723
8954,0.2049131889274307
8955,0.5578658178855077
8956,-0.4639179074425637
8957,-0.49787893854149257
8958,-0.33635593492505717
8959,0.5635507744044121
8960,0.4910319799657127
8961,0.2985728180155398
8962,0.5534824635420005
8963,-0.22565349195726722
8964,0.2864957161535465
8965,0.1282259482316237
8966,0.3115931799170861
8967,1.097723975931469
8968,0.1284311928194269
8969,0.7441083129109732
9009,-0.06383185455486573
9010,-0.6788795750679062
9011,0.08456162495624785
9012,-0.22092635668720756
9013,0.9636586967025388
9014,-0.353825858470782
9015,-0.3984266996232718
9016,1.2953242607178947
9017,-0.40424709837446354
9018,-0.4380117256408424
9019,-0.5398946489284852
9020,-0.4072235666327665
9021,-0.5501565768427
9022,-0.3319327541528932
9023,-0.041562335062733644
9024,0.04731949855025949
9116,0.1215474860647785
9117,-0.21119433525221615
9118,-0.0818067841227095
9119,0.017734743190508592
9120,0.24783611497154168
9121,0.17561436384481297
9122,0.05747732546542619
9123,0.022827492415872813
9124,-0.658860026875048
9125,0.5043634549958449
9126,0.08797823133469164
9127,-0.0545855147500519
9128,0.14244648261981818
9129,0.15253205943045334
9130,-0.36256487620754935
9131,-0.3407787713149808
9132,-0.36257724966859417
9133,-0.0963688915964796
9134,-0.0251537589856089
9135,0.19007669716599201
9136,0.13635796017124371
9137,0.031093436441815184
9177,0.4318292720827529
9178,-0.3964683164082229
9179,-0.6820378959304384
9180,0.24958587693123616
9181,-0.5457526178846861
9182,-0.04726139865054356
9183,-0.04258946043687996
9184,-0.14245176337083712
9185,0.11095088888993278
9186,-0.2928523874397272
9187,-0.39122524240669077
9188,0.18033851035125747
9189,-0.4625228946452458
9190,0.8256272725812164
9191,0.6045920193838511
9192,-0.1266493812934188
9193,-0.16215668213672374
9194,-0.36602874358275794
9195,-0.34876698319178356
9196,-0.07658460284027918
9197,0.08399843999477918
9198,0.07340146783391147
9199,-0.7499455647876534
9200,-0.34062439731912175
9201,1.3267652001766517
9202,0.13145267722650228
9203,-0.20635899335446303
9204,-0.5886753789870379
9205,0.07288543001339974
9206,-0.41942784296627084
9207,-0.6020399435597333
9208,-0.42605140274571723
9297,-0.4252086257789082
9298,-0.18722680135890377
9299,-0.7469345691539593
9300,-0.7086814098136229
9301,-0.3406785184336077
9302,1.1174253377569228
9303,-0.4467084247826373
9304,-0.36888806963488674
9305,-0.493287972111201
9306,0.09443852824575588
9307,0.18618129563182945
9308,-0.47681612380521726
9309,0.07347785845127605
9310,0.013181970297891782
9311,-0.04986381684304764
9312,-0.5745679269849072
9364,0.013225334328719293
9365,0.549088178903532
9366,0.42569807628766815
9367,-0.061678032975201844
9368,0.04130837244143558
9369,0.18576912566059284
9370,0.28057474314359
9371,0.051418435629811576
9372,-0.12944908069408168
9373,0.08328976300049659
9374,-0.6185998019117548
9375,-0.6048591965503841
9376,0.08846611825626668
9377,-0.2879753894703441
9378,0.9078727491194949
9379,-0.4403400805977605
9380,-0.13740745298159449
9381,-0.0499637835551307
9382,-0.5332093057493983
9383,-0.4607905297770334
9384,-0.31064865841179956
9385,-0.15948597794922198
9386,-0.20701718275334807
9387,-0.44095639754023735
9388,-0.6643127920557856
9389,1.0357166673086025
9390,-0.031912934970170184
9391,0.5162495849828774
9392,0.36935890755813816
9393,-0.3850916547235599
9394,0.18921757463102945
9395,-0.0662956865786593
9396,-0.078959078430723
9397,-0.6567180906688844
9398,0.44081671239453707
9399,0.15787819975759163
9400,0.010250825554259019
9401,-0.022077469737405805
9402,0.21271234412108705
9403,-0.5321534212834587
9404,0.058106481798868403
9405,-0.118845920339782
9406,0.31272691490161275
9407,0.18899518729555462
9408,0.11197064627195803
9409,0.2607349897903741
9453,-0.6070776792585644
9454,0.3939095310965577
9455,0.08827025278513935
9456,0.09052776577416717
9457,0.7086869031197642
9458,-0.2432313038326151
9459,0.019448995037460545
9460,-0.6088053713431414
9461,-0.8064454043394605
9462,-0.10164023998199333
9463,-0.0891473007911057
9464,0.2868536319991859
9465,-0.21391039260619465
9466,-0.18706240320549705
9467,-0.5566656262378782
9468,0.08942503651120852
9469,-0.3477761025347643
9470,-0.2895352493860096
9471,0.08855168390421657
9472,-0.61743897734405
9473,-0.06313654827965964
9474,-0.2764174561114762
9475,-0.030806938396278308
9476,0.37150813325099863
9477,0.15974829815446626
9478,-0.21081575590652196
9479,-0.05739587256554862
9480,0.14417958841690365
9481,0.3800550192878964
9482,0.2761871350737234
9483,-0.06361428170306116
9484,-0.07215777322831593
9485,-0.40237299860305636
9486,0.6704363147382104
9487,-0.4661853158367067
9488,0.02627917947294458
9489,-0.30622003044789664
9490,0.3529009300955786
9491,0.26165020171904463
9492,0.40413998908510784
9493,0.4053392271571362
9494,0.18344462893181984
9691,-0.09866721939511494
9692,0.011363722810102141
9693,0.07681179770772487
9694,0.5705438970469863
9695,0.060386717485332156
9696,0.05053450838473862
9697,0.5034210322496575
9698,0.04458656926086488
9699,0.22826026995353982
9700,0.0734913392895543
9701,0.2341351345218911
9702,-0.09751176565598839
9703,0.054416612515616004
9714,-0.5715629381072183
9715,0.9636436495609682
9716,0.4368138776434751
9717,-0.7861491007390646
9718,0.8643541641656632
9719,-0.19551931204807582
9720,-0.7091703170490457
9721,-0.051503827407872
9722,-0.190640925628254
9723,-0.1387294888381727
9724,-0.03971791681510932
9725,-0.3934318607067722
9726,0.2537177670759845
9727,0.3573623098131281
9728,-0.47473382817012505
9729,-0.2567489667143928
9810,0.598272987306131
9811,0.3788608388236283
9812,0.3149426586191769
9813,-0.0681524673345971
9814,-0.7344638286738029
9815,0.4563447803251716
9816,0.4157165753119233
9817,-0.3064446397704821
9818,-0.1509395320696011
9819,-0.7153691892974945
9846,-0.1599671191161116
9847,-0.0032397873079472103
9848,-0.4398498162831356
9849,-0.37586169589843627
9850,-0.28391022791176357
9851,0.9052485001821933
9852,-0.1392284005246734
9853,0.26630801855004826
9854,-0.2126315786164524
9855,1.1007649050229882
9883,-0.08847831112618257
9884,0.5800365780504635
9885,0.29208155013431597
9886,-0.44276650467948075
9887,0.4286612067739103
9888,1.1721498304823048
9889,-0.16018865502168048
9890,-0.6236756939017798
9891,0.36315646533544077
9892,0.03440034510736694
9911,-0.38022581791345333
9912,0.012574113362083333
9913,0.2590164286920802
9914,-0.2994337647697136
9915,-0.3337101576292803
9916,-0.3708885982519468
9917,-0.07608849787286565
9918,0.1773699140157255
9919,-0.054214106871322706
9920,0.58648151908548
9921,0.587456116649653
9922,-0.24175650781864716
9935,0.07725427033610824
9936,-0.3266768262254708
9937,-0.08505663408876427
9938,0.6806895792886192
9939,-0.14688568924167889
9940,0.1888096302838514
9941,-0.6841648324138164
9942,0.9535742613752608
9943,-0.02993821797837508
9944,1.0199446270127017
9945,-0.06915107997016406
9946,-0.5383233059947242
9976,0.12023247653317841
9977,0.7025927525028995
9978,-0.2377838303139476
9979,-0.20018107375818117
9980,0.04840822751997999
9981,-0.24409646744584665
9982,-0.26039441184681716
9983,0.2498424468895246
9984,0.014997813632875476
9985,0.2440614735544888
9986,0.6105894268363423
9987,-0.08861936951606843
9988,-0.20277259484728238
9989,0.28239772191345136
9990,0.018473335264316833
9991,1.3005120427669252
9992,-0.3341230164587266
9993,0.04747881877919772
10007,-0.31369244076540204
10008,0.4063502579097732
10009,-0.2927989041810747
10010,0.2230137785909807
10011,-0.18563194916008602
10012,0.7488698625302783
10013,-0.46047812329153653
10014,0.5561653762006067
10015,0.01213048846924629
10016,-0.18710808771760568
10017,0.791927909259053
10018,0.15181486069648242
10066,0.06482076330917452
10067,0.9197337595431276
10068,0.2172572517656049
10069,-0.3722898050876541
10070,0.7826422630372043
10071,-0.4558952330509949
10072,-0.22614779736903115
10073,0.13214180655565078
10074,-0.7720891614883703
10075,-0.4276731705650083
10076,-0.230272276808621
10077,-0.11151851661533176
10078,-0.25596236294409913
10079,-0.3052932724497635
10080,-0.021327828547925906
10081,0.3288276428401573
10082,0.34740839447413685
10083,-0.47890851334470774
10084,0.13082954731740565
10085,-0.33233895334222197
10086,0.22595338229586137
10087,-0.24579877069798836
10088,-0.20647199786349596
10089,0.6981610216193329
10090,0.35265804934628936
10102,-0.30837066880020303
10103,0.4537673308318061
10104,-0.07345931097192894
10105,-0.18580543093354016
10106,-0.305109748367088
10107,-0.24430265604055768
10108,1.2617005951909879
10109,0.016512545758549338
10110,-0.044950300958554304
10111,-0.24051884961066095
10112,0.06973972783473531
10113,0.13412272822618354
10114,-0.5038085062940235
10115,0.1796785362459514
10153,-0.36051632513917037
10154,-0.19771646231005224
10155,-0.1575695489037185
10156,0.1533262625287712
10157,0.8594698818957573
10158,0.6988668357408482
10159,-0.19378105579525248
10160,-0.1644143525482617
10161,-0.6903723372826034
10162,-0.5992767069408387
10163,-0.19028312336770306
10164,-0.08075773422635597
10165,0.6983346783578219
10166,-0.34614848069956783
10167,0.9606225545315976
10168,0.08098452897498729
10169,-0.46454613265091527
10170,-0.12871984032218822
10171,0.7827175825250149
10172,0.2627950508270994
10173,-0.06463488305215798
10174,-0.5719086823713567
10175,0.20815475868045857
10176,0.1457830995602094
10189,0.011851799782642808
10190,0.23450727383553271
10191,-0.448124317801846
10192,0.14592644081508138
10193,-0.4404114130655411
10194,-0.38174366362956436
10195,-0.2658882095367253
10196,-0.22093680681655642
10197,0.20120291530445672
10198,-0.6300600146182995
10199,0.6959385751998257
10200,-0.17627002250594465
10201,-0.20186489569482297
10202,-0.0665981147642382
10203,-0.2499649440584008
10204,0.5814898236912693
10205,-0.13543075725883652
10206,-0.26026712777381966
10207,-0.5458787000425134
10208,-0.5393582802161245
10209,-0.3102609249064812
10210,0.8801157064549057
10211,-0.16214855641105336
10212,0.1038519985306019
10213,0.050518835812643895
10214,-0.016204368658753188
10215,-0.4656950614301317
10216,-0.5590155204975434
10217,0.0094038031932097
10218,0.2672121452449395
10219,-0.24485473695988588
10220,0.5388329888039882
10221,-0.6319593066749194
10222,-0.7137190611894115
10223,-0.21017170361589593
10224,0.04665982834988368
10225,0.10245282392273115
10226,-0.27816343518586806
10227,-0.20502534113040155
10298,0.5895164850075674
10299,-0.34680672384258665
10300,1.168545645243268
10301,-0.18956402300423741
10302,-0.5200677375156288
10303,0.41003977106330713
10304,0.42823976144017795
10305,-0.27347205229894184
10306,0.4435400331868231
10307,-0.29405389538308013
10308,-0.22444067761757594
10309,0.13586018720302326
10310,0.3254551850918448
10311,-0.22150423206305703
10312,-0.3850129816392834
10313,0.6817298466550478
10314,0.946793306900247
10315,0.2782602951922277
10316,-0.4084267928417189
10317,0.5175357538078682
10318,-0.02765998649311875
10319,-0.1673563309289487
10320,0.03958645210339787
10321,0.3754740369186126
10322,-0.24242348938085606
10323,-0.2793819972329384
10324,0.3091287576993142
10325,-0.6062047544570079
10326,0.8483024760319203
10327,-0.5501979901233908
10328,-0.4495677276878429
10329,-0.2408513865884595
10330,0.11819463355603474
10331,0.20553140537274048
10332,-0.5200487525512825
10333,1.0973239764057314
10334,-0.05899707826441852
10335,-0.42284724002392826
10336,-0.7991136278620121
10337,-0.5514082350825413
10338,-0.5045017915494848
10339,-0.2062696138634447
10340,-0.5151584514553452
10341,0.47079624403260323
10342,-0.41191273131175027
10343,0.412129464249231
10344,0.38201530938519135
10345,-0.7184720930410861
10346,0.18742066509564861
10347,0.1236214659408716
10348,0.3413123320265962
10349,0.4579601440989568
10350,0.06194948025972741
10351,0.508488432409749
10352,0.6825142375323126
10353,-0.7446526940994406
10354,0.5066613792599234
10355,0.5081265202871154
10356,-0.3060793187596928
10357,0.15075577274703617
10358,-0.6228907213766002
10359,0.31913295191072566
10370,-0.017656413026038528
10371,0.5077489608765959
10372,-0.5837644248477932
10373,0.48585140716615977
10374,0.6880588813406674
10375,0.5999676670581824
10376,0.3734295695606048
10377,0.23187805729283392
10378,-0.13605706255853073
10379,-0.13134241506469152
10380,-0.3928642223752763
10381,-0.5474696408602278
10382,0.14865085944445755
10383,-0.43952370045695754
10384,-0.4652328409559804
10385,-0.15998188773243371
10386,-0.05074761517957345
10387,-0.16582477853063493
10388,0.07825396255841707
10389,-0.11197426892055123
10390,-0.15433197538641635
10391,-0.3383887586713455
10392,-0.3059407213093468
10393,-0.4952779811655292
10394,-0.5024389018338745
10395,0.0026514168313438863
10396,0.35337194545426664
10397,-0.2477675314964892
10398,-0.3258062728817631
10411,0.35621180627469123
10412,0.5478052774596003
10413,-0.2757599183984337
10414,0.6508342657780951
10415,0.15788150280450908
10416,-0.09055755176720903
10417,-0.03294497954184845
10418,0.26506138108060706
10419,0.517201408682219
10420,0.49152898690855923
10421,0.1202435401255447
10422,0.34642209344070757
10423,0.07388732418126985
10424,0.16925896830849935
10425,-0.1949868348174122
10426,0.18797280158801094
10427,0.6511839632442571
10428,-0.6278512769864638
10429,-0.3565113493772533
10430,-0.6933589674546841
10431,-0.6566363470768258
10432,1.048580136291619
10433,-0.34500864073060505
10434,0.21403292163081294
10435,-0.29482432363696576
10436,-0.5628740299798567
10437,-0.24108057785803041
10438,-0.2841682695906366
10439,-0.09494648163384996
10440,-0.6232705461213006
10441,-0.5136375662329524
10442,-0.7262359738613159
10443,-0.45828854502988337
10454,-0.36613765132477927
10455,0.016396040613828725
10456,0.5239768659215446
10457,1.3609964774875654
10458,0.4899910068568016
10459,0.2613139159679432
10460,-0.7980939109306404
10461,-0.3180915110930816
10462,-0.21935729367038123
10463,-0.48271746761902795
10464,0.4835210495305014
10465,-0.14954787738412698
10466,0.2953168898349931
10467,-0.08194960701267727
10468,-0.3494577135860118
10563,-0.4658090879702915
10564,0.1449373684658589
10565,0.41413849150065096
10566,-0.8294302725727484
10567,-0.6043625992693898
10568,-0.6378496602032859
10569,0.7367287990907256
10570,-0.6428822148638761
10571,0.18961836227128503
10572,0.4758914401601861
10573,-0.6065097212843514
10574,-0.1794347138670262
10575,0.275428738770272
10642,1.3809944092327702
10643,0.08470838930059668
10644,-0.22497936594094375
10645,-0.5584385132917439
10646,-0.35458318750476786
10647,-0.5089169560014399
10648,-0.3408999064376865
10649,-0.529324220457455
10650,-0.40110601360943926
10651,0.5293320659067128
10652,0.05843349332739915
10669,0.20547802136700022
10670,0.23317024210718407
10671,0.3180591136632749
10672,-0.21555635963464276
10673,0.11921181203512873
10674,0.18066078516052397
10675,-0.13920868600603897
10676,0.3140057915963578
10677,-0.17095290607695401
10678,0.0662960014472102
10679,-0.004996313785181353
10680,-0.1384306903851926
10681,0.5409046021727807
10682,0.31256989797209933
10683,-0.4693070740345121
10684,0.027246573427261375
10685,-0.04077993335076005
10686,0.6492522859387577
10687,0.7535339507735337
10688,0.2765139697047198
10689,0.016810624213257536
10690,-0.15385363163602125
10691,-0.2097948748616959
10692,0.3757176310853857
10693,-0.1840822600253055
10694,0.008027317897266767
10695,-0.20228030531852118
10696,-0.0896825499602917
10697,-0.09964175718061859
10710,-0.2662811693683332
10711,0.08763012138790695
10712,-0.1598379446662188
10713,0.12296907743084383
10714,-0.2851191440813726
10715,-0.38853100992876477
10716,-0.18716278286480884
10717,-0.11265348176799256
10718,0.5614192347395166
10719,-0.07786402887781275
10720,0.9224194865767574
10721,-0.6884384034853049
10722,-0.07306475988538548
10723,-0.18861471050021142
10724,0.11785888552210846
10741,0.2922200243801205
10742,0.26086604787339474
10743,0.156920135668983
10744,0.5587375361352456
10745,0.030387050804926416
10746,0.08129559364012084
10747,-0.19291854289466365
10748,-0.08159836113168328
10749,-0.18847347938771425
10750,-0.5389039016158022
10798,0.4418032501102926
10799,0.17225914093247538
10800,0.5026309567161451
10801,0.5821326786154142
10802,-0.4081584190665815
10803,0.7012774491054152
10804,-0.08772748081051575
10805,-0.37241063714560896
10806,-0.05929396120188539
10807,0.1615412246032168
10808,-0.48525791101018856
10809,0.4908286705297208
10810,0.334192511328832
10821,0.27087953568185175
10822,0.5059856519858785
10823,0.150173424253489
10824,-0.23645769202974437
10825,0.02374082023275418
10826,-0.14470011066147687
10827,0.04599023669601299
10828,0.4333758403348956
10829,0.19691101652082033
10830,-0.18467750076059655
10831,0.5994420054723546
10832,0.4971832020950206
10833,0.16861960006984694
10834,0.18014767239195167
10835,-0.26698202771722024
10836,-0.10370708193633255
10837,-0.32035825073814356
10838,0.6336710045646095
10839,0.17157362322299707
10840,0.08394517539253232
10841,-0.5668137423739963
10842,-0.531454159045871
10843,0.08007357193462923
10844,-0.2183303394583939
10845,0.3478694134917699
10846,-0.5350622706201801
10956,0.8882117407391097
10957,0.7720131874463471
10958,0.0945754437550331
10959,-0.05884900055131197
10960,0.2873107981120241
10961,-0.6343512579008563
10962,-0.6894067415819363
10963,-0.287199201207881
10964,1.261320718236322
10965,0.000853000245767524
10966,0.414651003789815
10980,0.08174544553752694
10981,-0.2147801002001576
10982,-0.0802421402186429
10983,-0.25625716820236083
10984,-0.2435049005449823
10985,-0.0555230533774088
10986,0.163525895400472
10987,-0.1672406309189282
10988,-0.4390360762545072
10989,-0.174011578640271
10990,0.24936495177453497
10991,-0.09968147796858037
10992,0.17624666992995325
11004,-0.4174399198521265
11005,-0.2839505055314794
11006,-0.19202673922407743
11007,-0.3128007693692155
11008,0.08000819516451765
11009,-0.19588483430988946
11010,0.2716921653246951
11011,0.5244451629163234
11012,-0.13274136295858097
11013,-0.05253399774045439
11014,0.12193740025741652
11015,-0.3048439778582421
11016,-0.251065558247811
11104,0.4613727003903445
11105,0.1997948494025787
11106,0.3144937276596845
11107,-0.14824791262408912
11108,0.40426702029136097
11109,0.24734831209636232
11110,0.12749764616331657
11111,0.1269153236746463
11112,0.10129119989758142
11113,-0.28506140833935445
11114,-0.6984723795512567
11115,0.4897515995278778
11116,-0.5045103114921511
11117,0.34294039195286696
11118,0.4165730827775782
11148,0.07542767830019476
11149,-0.6537131942828585
11150,0.7600560897793296
11151,0.06975642602244911
11152,-0.030867953455534197
11153,-0.2409415874583888
11154,0.11856935176191287
11155,-0.232838366040377
11156,-0.09349375412423738
11157,-0.9349412803024754
11158,0.7587963733145147
11159,1.163712513054305
11160,-0.6106110364271278
11161,1.0688195897404544
11162,1.4012366833463454
11163,-0.49916284108032544
11164,0.7344839883529849
11165,-0.5701999492799315
11166,-0.4839426545972313
11167,-0.45521327720453025
11168,-0.34940735432549935
11169,-0.8133084020546267
11170,-0.6716673509042238
11171,-0.4754034626833207
11172,-0.48072549420571087
11173,-0.6588558885775617
11174,-0.49376007967201946
11175,0.10283281448030218
11176,0.1471034139220756
11177,-0.5974214208161727
11178,-0.5640921566527451
11179,0.12243195433340064
11180,1.5787611485858144
11181,0.35749950862896046
11182,0.2774914961863598
11183,0.12751342522398917
11184,-0.36889898972882523
11185,1.4824147989419951
11186,0.1718833595319435
11187,-0.36164057256023535
11188,-0.5022979928265917
11189,-0.45036330543503433
11190,0.35517211030736334
11191,-0.6042346382928123
11192,-0.17892069329558574
11193,-0.36663985748667693
11194,0.2503327489992601
11195,0.023309588252222666
11196,-0.3210088978722479
11197,-0.00667973066603722
11198,0.18314079907332365
11199,0.48851290871942554
11200,0.030327216988957933
11201,-0.3455041066545168
11202,0.3239377852233667
11203,-0.21440713254310162
11204,-0.3344087975469615
11205,-0.20516446755945952
11206,-0.21688394799274086
11207,-0.12656895927068118
11208,-0.040232180224995764
11209,-0.09859761405748702
11210,0.15512219427880727
11211,-0.33281678312457796
11212,0.7157242825256724
11213,0.28879594820448407
11214,-0.6035496228008318
11215,-0.4818697667803396
11216,-0.35913744079038484
11217,-0.6047301900507898
11218,-0.4487385084780919
11241,-0.15241574792672063
11242,-0.06296643982600261
11243,-0.26376563420755067
11244,0.21659380979016377
11245,0.5770593448864901
11246,-0.3385615426678559
11247,-0.11034928613422683
11248,-0.20231303702713888
11249,0.3563530395449712
11250,-0.7238444439692675
11284,-0.3968353520767391
11285,-0.4044029380106148
11286,-0.2598285034804003
11287,-0.21623719693758742
11288,-0.1376024774943214
11289,0.4461619348499232
11290,0.0908329488179906
11291,0.012866767116405942
11292,0.38028396790277574
11293,-0.15345318743672634
11294,-0.17083314593494126
11295,-0.3387507573406743
11296,-0.584992886782179
11297,-0.5822937639097451
11298,-0.2175712523108649
11299,0.012390444638952391
11300,-0.3304808314517671
11301,-0.3090650771988267
11302,0.6633124904904881
11303,0.10635210347841272
11304,-0.18191369081281686
11305,-0.7261015822079234
11306,-0.16015607635165374
11307,0.11862645788005176
11308,-0.2511903944262473
11309,-0.6477260344054777
11310,0.4033684793766886
11311,-0.3953218429272265
11312,-0.5940721261293332
11313,0.3571413179877002
11314,-0.1374798806077228
11315,0.8943762434604667
11316,0.26451461243706553
11317,-0.051715277199471624
11318,0.3156445125582737
11319,-0.21708464550789922
11320,-0.06745118754550046
11321,-0.1333584465257196
11322,0.6137080294694633
11323,0.36787617606595147
11324,0.033997448845321174
11325,0.6487892926326737
11326,-0.5283920676389074
11327,-0.5026328213326746
11328,0.26582749647931947
11329,-0.02098798802385611
11330,-0.4679275326750767
11331,-0.2538795252342855
11332,0.9290546923843908
11333,0.002673807852585003
11334,0.008529909348921907
11335,-0.10568173806722662
11336,0.3257954107022756
11337,-0.08311801535792297
11338,-0.1307710924882629
11339,0.2235983785101467
11535,0.5623955396469436
11536,-0.23385967771050253
11537,0.4347212222831126
11538,0.38018553617297746
11539,0.7384285555267499
11540,0.3845034248600233
11541,0.41440693893377856
11542,0.852358349245133
11543,-0.6189381789817803
11544,0.4440567442933304
11545,-0.21584111986159482
11546,0.0059809911366699164
11547,0.6663437803764767
11548,0.6800441112714655
11549,0.5450241387259397
11550,0.7527171041585783
11551,0.3553874535141536
11552,0.4697486152157869
11553,-0.335979481631446
11554,-0.14452937555012554
11555,-0.6213129910514043
11556,-0.06534618143439586
11557,0.47146578193223865
11558,0.6580553212537483
11559,0.2731894878130641
11560,0.5802459663342336
11587,0.7815487276788644
11588,0.1276816231438178
11589,0.8819153070989378
11590,-0.5885374221110967
11591,0.6716593549231875
11592,0.07270990387081924
11593,-0.06401088110923246
11594,0.2815272632142467
11595,-0.09845478040973062
11596,-0.07442054070941569
11597,-0.5082585456462182
11625,-0.509079686892679
11626,-0.012680949125477917
11627,0.6021500278462134
11628,0.3725538669667149
11629,0.34086278520472435
11630,-0.2774819135562651
11631,0.20430866396851705
11632,0.07402572500404613
11633,-0.13581013270846382
11634,0.7031256494975302
11635,0.697189445892668
11636,0.025390702713377372
11637,0.24451582973345673
11638,-0.23467844190351445
11639,0.35202003225633455
11640,-0.4484932487530972
11641,-0.589294681163191
11642,0.12392272463911551
11643,-0.3354635072525522
11644,-0.8098192562997076
11645,0.05503583539808134
11646,-0.6097323713945769
11647,0.038918663285872485
11648,-0.43919832723849195
11649,-0.6307217097147386
11650,-0.8290631587297685
11651,-0.17843005434565218
11652,0.8524815799288004
11653,0.7764611119680435
11654,-0.43235913775074486
11655,-0.60115100502638
11656,-0.3585676049611173
11657,-0.45985114544968
11658,-0.7447697130029912
11659,-0.8482718538946035
11760,0.03907331039404505
11761,0.7851741294326333
11762,-0.22100165283095968
11763,-0.47378818229892816
11764,0.016773977344589824
11765,0.08938603632390495
11766,0.3289395403751321
11767,-0.1722745484912338
11768,-0.7784270650981333
11769,0.5099315550766066
11770,-0.21192699353735273
11802,-0.8467701258178849
11803,-0.7479630057499699
11804,-0.28568924179066774
11805,-0.6929849576207033
11806,-0.6038322897482131
11807,0.053257752550528684
11808,-0.5758577510694748
11809,-0.26062578111795714
11810,-0.2095226235996091
11811,-0.13960326943424967
11812,-0.05963027318190403
11813,-0.1572903050983788
11814,1.0281971607252
11815,0.21994237787755833
11816,0.31747731560445835
11817,0.12397480927045844
11818,-0.11161278083117586
11819,0.6363481530430546
11820,0.4112328116214512
11821,0.6510055865569967
11822,0.48590755219785337
11823,0.20825209367179526
11824,0.39254744842048894
11825,0.22566488573373297
11826,-0.5904657250245259
11827,-0.5417465545135749
11828,0.9202730481663837
11829,-0.044064790015409375
11830,0.8055105047934912
11847,-0.1103608355649914
11848,0.6606216121820372
11849,0.4525676758851387
11850,0.33639460671336724
11851,0.2425250622157673
11852,-0.275325294380701
11853,0.400796042000093
11854,0.464855115904143
11855,0.02833432425443122
11856,0.3808562185478969
11857,0.39468598493091095
11858,0.36899959212791955
11859,0.5777592621285027
11860,-0.4398773630278554
11861,0.7375707339170539
11862,-0.069000274627877
11863,0.3626806752804984
11864,-0.16120417804681297
11865,0.3043499605744828
11866,0.11426509508114174
11867,0.27257858380253025
11868,1.1527037631005286
11869,0.24343376718334547
11870,0.46723625107125216
11871,0.1377685779693734
11872,0.07071045006434207
11873,-0.3312399381942446
11874,0.580150156829758
11875,0.39479051477093174
11876,-0.4834431829434669
11877,0.40408992115961884
11878,-0.3251004004249498
11966,0.33127320524885123
11967,0.14638145635480404
11968,0.13377041216849125
11969,0.6718270905350062
11970,0.10571047848985725
11971,0.40002214657435253
11972,0.39376309846257385
11973,0.36816649189977874
11974,0.045247899698622404
11975,0.3589941662394601
11976,0.10905597843553108
11977,-0.1445271078346406
11978,0.3011391160726451
11995,-0.6360604073499976
11996,-0.1927639435278659
11997,-0.007381469678367947
11998,-0.2674032146726609
11999,0.3914976242102921
12000,-0.3776203008023448
12001,-0.17842867921421135
12002,0.27462811400621695
12003,-0.2169537276819617
12004,0.44812852740193104
12005,-0.7205690604922051
12006,-0.8355815736330741
12007,-0.44802426617074703
12008,0.8295193024311656
12009,-0.09201593196166734
12010,0.4834619491314833
12011,-0.6973736788342806
12012,0.41812923526939627
12013,0.1729652224561369
12014,0.5381264964248619
12015,-0.08811938451257297
12016,0.6092879941850207
12017,-0.13677247969812273
12018,-0.030172603480547858
12019,-0.22863673558096453
12020,-0.49087152536004774
12021,0.23795475928151916
12022,-0.1287431731586406
12023,0.26828177132194947
12024,-0.06692284710355137
12025,-0.4816642291426721
12026,0.32322076855734705
12027,0.27742649140591313
12028,0.21246795772283128
12029,-0.03658296093024585
12030,0.45826824249820486
12047,0.11816218856479901
12048,0.27390924574054204
12049,0.260784546168047
12050,-0.04640057915223075
12051,0.07158652089676422
12052,-0.12364527715775601
12053,0.13105029997399342
12054,0.1677664943423991
12055,-0.3338698812733987
12056,-0.47607140929944586
12057,0.18285466584601162
12058,0.8504133569756656
12059,-0.4001900992325002
12060,0.2855502658277625
12061,0.08634700438135234
12062,-0.3576116894355216
12063,0.3012825955306946
12064,0.15005619394505434
12065,0.48383954774066473
12066,0.41352548041802045
12067,0.38386355462299493
12068,0.42084494456309607
12069,-0.14160273983280278
12070,-0.09311321119445737
12071,0.5016553880498662
12072,-0.2154829442512642
12073,-0.375528442237564
12074,0.4918619644971105
12075,-0.4241446638844759
12076,-0.17145250825347508
12077,0.10073719603814874
12078,-0.45098740238717727
12079,-0.7337587891655633
12080,-0.40600323405596545
12081,0.9986500615693865
12082,-0.33359905227470543
12083,-0.5001135794192154
12084,-0.3539510539381663
12085,0.8845294669237141
12086,0.2206824128882045
12087,-0.4579182481829748
12088,0.8230351332131789
12089,-0.5133230699498714
12090,0.7647748082150037
12091,-0.49657371365731023
12092,0.4384725841380813
12093,0.34292068532957887
12094,-0.6365206336686452
12095,0.5923166785814283
12096,0.16268919115906166
12097,0.22176587113422436
12098,0.7058435252071059
12099,0.3732674322089524
12100,0.6061032971335932
12101,0.5887594382827934
12102,-0.2077031227486128
12103,0.5281665174157087
12104,0.2580991765407548
12105,0.5916842121298557
12106,-0.4444840137153934
12107,-0.0027465319751651396
12108,-0.3172827201658212
12109,0.13298417925485406
12110,-0.26424860185603116
12111,-0.24936345626862255
12112,0.6265504623518275
12113,-0.3022305513209943
12114,-0.36425650705632895
12115,-0.4475685502507642
12116,-0.7951923609393234
12117,0.20739934750722605
12118,-0.12489851603904309
12119,-0.12308630071797065
12120,0.189687857990175
12121,0.4309351848406179
12122,-0.1529044816710864
12123,-0.439824839376199
12124,0.30453522410112
12125,0.6240631965415717
12126,-0.10921314504490436
12127,-0.4756576926626071
12206,0.2794434901606576
12207,0.27054274683812696
12208,0.2037236928258358
12209,0.09767102438874112
12210,0.9484203519037024
12211,0.39170696482886647
12212,-0.25681269851369015
12213,0.006812124456285845
12214,0.20431202323476066
12215,0.3100567046685521
12216,0.1311249479610335
12217,-0.5161084951249119
12266,0.0010307532757090343
12267,-0.26853964749030135
12268,0.8920983677230873
12269,-0.8429344417730695
12270,0.2694268655251105
12271,0.39981934977539524
12272,0.21841639685456196
12273,-0.07779414108757832
12274,-0.08606205941260033
12275,0.3979767829257579
12276,-0.2946162323416942
12277,-0.20699432800152612
12278,-0.31557956743470084
12279,-0.22774481357536325
12280,0.36028661076298873
12281,1.3150399087941766
12297,0.3291927128041674
12298,0.1236833606945339
12299,-0.1900678493082278
12300,-0.5752512492701122
12301,-0.5340338904467207
12302,0.5670565900076258
12303,0.8382400145147375
12304,0.3497780598847746
12305,-0.19083887787109516
12306,0.7671518787798841
12307,-0.17913020495863413
12308,-0.27700078616117996
12309,-0.7894475399069882
12310,0.33077190134802303
12311,-0.19207915586351293
12312,-0.01603594924186838
12313,-0.2413817933621606
12314,0.25097911004964596
12315,-0.18963687099573934
12316,-0.04327692184094793
12317,0.20590700094068498
12318,-0.3426897763321957
12319,-0.230591003399661
12320,0.2511736813839034
12321,0.7672807650273865
12322,-0.14872230365781425
12346,-0.6152178526980729
12347,-0.35113730928508763
12348,-0.6692128748171281
12349,-0.38824979606102966
12350,-0.2618877139928698
12351,0.3039672611824931
12352,1.1870478455732505
12353,-0.72689854435305
12354,0.01425719667714248
12355,-0.5485739938212231
12356,-0.5071346683681293
12386,-0.048924246110194775
12387,-0.10587770336207465
12388,-0.0962883646535991
12389,0.42912186163130683
12390,-0.004581563295582791
12391,-0.5791491694120596
12392,0.9766819654443818
12393,1.3056064423814129
12394,0.15365976696328512
12395,-0.20868396632234854
12396,-0.4998825885217968
12397,-0.19399208700918635
12398,0.5407773337741898
12399,0.2064771348740194
12400,-0.37616282606963336
12401,0.5778220595570527
12402,-0.022780466531971508
12403,-0.1427531047001236
12404,0.3791022497352719
12405,-0.10024390882747591
12406,-0.5645133054221233
12407,-0.514317377284011
12408,0.6111874957994321
12437,0.6389292149458965
12438,0.6568351632209002
12439,0.7448192087747898
12440,0.22951135390201394
12441,0.11791170135495421
12442,-0.27238844795267864
12443,-0.039994766113572916
12444,0.9651767571344374
12445,0.13525099597465873
12446,0.35516467344316066
12447,0.56462507833598
12448,-0.3018053181598201
12449,0.09276121167302379
12450,0.19907756014177475
12451,0.23556077595315117
12452,-0.29802913705558803
12453,0.7457127923188027
12454,0.33673809959951206
12455,0.4317963714006856
12456,-0.3240796225349337
12457,0.09279909520149339
12458,0.19075232546447904
12459,-0.3122063189962346
12460,0.6065726337808659
12461,-0.3778294603623633
12462,-0.14993801447158941
12463,0.18665357849189063
12464,-0.04705505476827728
12465,-0.1267237428501357
12498,-0.11593818464142691
12499,0.49166090575900984
12500,0.2762131138163568
12501,-0.013963490763219746
12502,0.20998607923543872
12503,-0.0022595081308723203
12504,0.21084973134612703
12505,-0.6487261322908282
12506,-0.22209594561249618
12507,0.42252435801227495
12508,-0.08216374994001734
12509,-0.1379350108575999
12510,-0.3048406615314906
12511,-0.12450809515442451
12512,-0.061487185603371616
12513,-0.1419607049631058
12566,0.21951458216027378
12567,-0.09784748206077704
12568,-0.28969227216457927
12569,-0.22753873389906837
12570,-0.16234654180411295
12571,0.17189651173608628
12572,0.17545519220680067
12573,0.4672306659922861
12574,-0.05302406663574298
12575,-0.0657422947886667
12576,-0.0011386520701917174
12577,0.09024053845997582
12578,-0.17826154762062127
12579,-0.573505952907756
12580,-0.6358531436831393
12581,-0.38191132526288496
12582,-0.08654098961257516
12583,-0.14730936157614122
12584,1.2841738663414126
12585,-0.4971859235186133
12586,-0.006888299869719047
12587,0.10759665366382244
12588,-0.6856033906625841
12589,-0.517896836990441
12606,0.6384796131072776
12607,-0.19982265148525816
12608,-0.28812199477757167
12609,0.015977255727897023
12610,0.3777145093691077
12611,-0.3721515995575187
12612,-0.01663332344837594
12613,0.2157828944673177
12614,0.14205123815346188
12615,-0.11372105989879816
12616,-0.1218804032415047
12617,-0.2681299592326575
12618,0.09204799217661125
12648,0.10185890962145647
12649,0.24232345418379744
12650,0.2645945853730312
12651,4.525447365627544e-05
12652,0.3290513577548214
12653,0.40944759693949173
12654,0.23700158122988188
12655,0.039235624056835706
12656,-0.4603945739112792
12657,-0.08056379469784543
12658,0.07111377508635326
12659,0.6072693197607522
12660,0.05918533822889703
12661,0.5791677857189307
12662,-0.27921453424132725
12663,0.4401972428047443
12677,0.1403851434917877
12678,-0.030242127969396543
12679,-0.11767039206687739
12680,0.2151894968224551
12681,-0.6523494441943385
12682,0.09972239609120956
12683,0.5867397969849736
12684,-0.09391207250842812
12685,0.3023051979204886
12686,0.3213977389655722
12687,-0.24442113416403138
12719,-0.053730765334036104
12720,0.3861616738480024
12721,0.3766858400864111
12722,-0.11444650257437443
12723,0.25318229900454803
12724,-0.5428830133501455
12725,-0.2633115491860159
12726,0.20853942336257703
12727,0.23054752222435837
12728,0.22898582900356118
12729,0.029725528989777816
12730,-0.08659769715678739
12731,-0.43565028036812437
12732,0.05905643107378493
12790,-0.3188796447968648
12791,-0.6989082723884348
12792,0.2832901451526003
12793,0.29915203560937365
12794,-0.1831193270965526
12795,-0.13134660936923112
12796,-0.041807142207798687
12797,-0.40223410085196115
12798,-0.4359845133173272
12799,1.2381710006406668
12942,-0.11145408638593071
12943,0.1550819882083066
12944,1.1025685211057217
12945,-0.45444603024647834
12946,-0.45809863280163804
12947,-0.5138931554610153
12948,-0.12673609605713107
12949,-0.248592933946896
12950,0.36622142397297697
12951,0.046874145408276224
12952,-0.5288367199864806
12953,0.27010954520166286
13028,0.08940919669622352
13029,-0.5557221369482311
13030,-0.595272159357995
13031,0.4400151369639467
13032,-0.05439189655933063
13033,0.2993335926701789
13034,0.44114273053718106
13035,0.2642453868794269
13036,-0.34188152814914596
13037,0.4758066447488511
13038,0.392781538098694
13039,-0.25467620204464186
13040,0.21583370240199673
13052,-0.29678035942977393
13053,0.17946687526286975
13054,-0.2595749337967525
13055,-0.369310625365692
13056,-0.11396334110314657
13057,0.8234369074892169
13058,-0.10966581265895435
13059,0.246567784348136
13060,0.6755482995348239
13061,0.6661201374311497
13062,-0.07395382904157424
13063,0.0785243896163845
13064,0.370857647714135
13065,0.49423582887503414
13066,-0.5049722728200088
13067,-0.500460321791283
13097,-0.09177602838250846
13098,0.25245153768047507
13099,-0.05237003045994704
13100,-0.12034159054720689
13101,0.2055915015499143
13102,-0.0652367056031426
13103,-0.32057945278891997
13104,0.026886091777230156
13105,-0.7147619378386911
13106,-0.6905412412615312
13107,-0.12641901434256353
13108,0.3896317172831727
13109,-0.3285466103109489
13110,0.39166585353038025
13111,0.46398092287534864
13112,0.36208763177685643
13129,0.22673123359358782
13130,0.0109806797017159
13131,0.017422376157088686
13132,0.40161873294991457
13133,0.29561516719492903
13134,-0.22093270105194482
13135,-0.18508731231668507
13136,0.07932253506716079
13137,0.14908058997355583
13138,0.1646942041051538
13139,-0.16519747249828054
13165,-0.41349561704338955
13166,0.8842213734614308
13167,0.22434223017144123
13168,-0.4922844646182687
13169,-0.026463911750285604
13170,0.46088829846055634
13171,0.006809627379667421
13172,0.452449977345196
13173,0.17842153498890223
13174,0.4115651351138011
13175,0.006322255542354285
13176,0.5136638592093132
13177,0.49756915612874125
13178,-0.28234528191336167
13179,-0.1254314142104579
13180,0.19156576851245877
13181,0.23766966998823158
13182,0.8334150681766324
13183,-0.49470187556744366
13184,-0.2510542135157513
13185,-0.3002513163923839
13186,-0.5913513737521384
13187,0.33041158790373826
13188,0.18740181586094956
13189,0.3369812468380191
13190,0.40785183980315376
13191,-0.41269766757514464
13244,0.5647414555455723
13245,-0.4083518889911686
13246,-0.11418924636249005
13247,-0.2464255125182251
13248,-0.5142011130710208
13249,-0.4255735325317531
13250,0.16761857654231038
13251,-0.46604539054064054
13252,-0.06771612878018031
13253,0.008523925279587577
13254,-0.2876982932295032
13355,-0.7920377735906525
13356,-0.7392576123482005
13357,-0.6502827698940373
13358,0.22244635758770182
13359,0.22594187662676074
13360,-0.6335999867294142
13361,0.8360877858548372
13362,-0.4273007139661761
13363,-0.09022923816399643
13364,-0.5952118077625033
13365,-0.4529240501763947
13366,0.39849940603478784
13367,-0.8809600590627042
13368,-0.3215585281873588
13369,-0.6710223496793659
13370,-0.5657020881547198
13403,0.05771740316514681
13404,-0.2094499487013745
13405,-0.7101611602772713
13406,-0.7701089699876517
13407,-0.1431122457437295
13408,0.09109828417744051
13409,0.40010428088989375
13410,-0.3243176720378784
13411,0.17226744957902668
13412,-0.24359602164992583
13413,-0.10463605003209482
13414,-0.8676727095595637
13415,0.05787272296843027
13416,0.1299269197580449
13417,-0.07882086774049007
13418,-0.6248598852492614
13419,-0.2262072408279553
13420,0.0013160830050277794
13421,0.12920769262438517
13422,-0.5997017653982841
13423,-0.5144432901464697
13424,-0.5055215478662111
13425,0.03569936623076689
13426,-0.5713494795159962
13427,-0.5951667140612324
13428,-0.25149593770877465
13429,-0.42714908271882024
13430,0.16617435963570515
13431,-0.13655802797690667
13432,-0.6685547485001193
13433,-0.2844954315616074
13434,-0.2744971433197563
13435,-0.25913154375302727
13436,0.5195496873550605
13437,0.06010164021376556
13438,0.3968630244429153
13439,0.7424440873429441
13440,-0.230147381046533
13441,0.017732773022639994
13442,-0.5864814053825721
13443,-0.2636390203250133
13444,-0.6683824370867457
13445,-0.0177981691533593
13446,-0.24791801481883327
13447,-0.34057240818877466
13448,0.3336104792137069
13465,0.5914126616724711
13466,-0.3687326042823809
13467,0.8175864395026295
13468,0.5090613714479022
13469,-0.1804038619479871
13470,-0.4726145711088571
13471,-0.04611591793235105
13472,0.4693002662638349
13473,0.5342899629965308
13474,0.6600004427389832
13475,-0.2167564027875633
13476,-0.5201318914129526
13477,0.37065181446725637
13478,-0.3118202731958091
13580,-0.1770640424870099
13581,0.4021579953437958
13582,-0.09547651886595986
13583,0.0070073123120319575
13584,-0.26939657243218085
13585,-0.010775564652455813
13586,-0.059889598038328676
13587,0.16832857016690986
13588,0.07931651063028516
13589,0.47273303963474345
13590,-0.06063614747420917
13591,-0.5554294310579179
13592,-0.21551443864158745
13593,0.15417504045978084
13594,0.6156246837782586
13595,0.47551879079573683
13606,0.534315229029692
13607,0.09828881142130724
13608,-0.3910728525606046
13609,0.010922960042777874
13610,-0.37099427255855477
13611,-0.2982052359354634
13612,-0.06924466053935653
13613,0.0619785567677323
13614,-0.3151548103549433
13615,-0.7503858301335017
13616,0.5213546403840091
13617,0.1744088755520223
13618,0.4047678217822282
13619,-0.3945604583547846
13620,0.14766044188912256
13621,-0.25763698010104075
13622,-0.16812348756276904
13623,0.22776900091154445
13624,0.014224610035698582
13625,0.03736300083339812
13626,-0.6068342045969614
13627,0.2780021760594083
13628,0.054481506539222985
13629,0.7508061102335462
13630,-0.10229336009177785
13631,-0.3352427362795776
13632,0.08224041495396574
13633,-0.049064571837132004
13634,0.11511273773342072
13671,-0.1827549562191709
13672,-0.27789287326559525
13673,-0.37634373488090983
13674,0.010689350547759144
13675,-0.05319826333884074
13676,-0.36401643462316263
13677,-0.4753850450359002
13678,-0.402528030203038
13679,0.6996940464229273
13680,-0.39257065073900693
13681,-0.40553838581836543
13682,-0.27821464660842293
13683,-0.4583630047878088
13838,-0.6472855123265571
13839,-0.24655734094405335
13840,0.3260366554478169
13841,0.20708990044082626
13842,0.7567889038863651
13843,-0.033776620779122926
13844,0.7342100607078869
13845,0.18460605177203188
13846,0.28698864900932775
13847,0.05230249813596498
13871,-0.18129035940632754
13872,0.094358459788811
13873,-0.72408385922434
13874,-0.202834273850169
13875,0.21368314814210837
13876,0.18354848974725763
13877,0.487025354613204
13878,0.24808782605935262
13879,0.4701953522678429
13880,-0.3330413036746681
13881,0.031105598088773057
13882,0.3474584829399353
13883,0.2982615476938399
13884,0.33443803393874405
13901,-0.1186238046589469
13902,-0.17904231778244534
13903,0.18365248018993205
13904,0.5862272366269077
13905,0.202190099579108
13906,-0.9206732857119967
13907,-0.5805755578603539
13908,-0.8632081526367731
13909,-0.34924989165473597
13910,-0.10992743900746688
14088,-0.5546191816098026
14089,-0.1434821877031484
14090,0.05777420569991908
14091,0.242186439872164
14092,-0.5271643371460736
14093,0.11076098172323666
14094,-0.14545407611320632
14095,0.23243780073995343
14096,-0.38802299898304
14097,-0.5356737779456053
14098,0.48638638241859034
14099,0.5775120780158804
14100,0.5670029991518996
14101,-0.1445589014997678
14102,0.03404595204098851
14103,-0.011381267251981672
14104,0.0998549155875865
14105,-0.39633536783961015
14106,-0.6893143093820685
14107,-0.45769683607843126
14108,-0.2909604250469093
14109,-0.46849360132560025
14110,-0.26792545416298064
14111,0.8261883709527278
14112,-0.6923465853020976
14113,0.46200869334454
14127,-0.4792447599741507
14128,-0.3794254026997374
14129,-0.057904550637824945
14130,-0.0963965610897449
14131,0.7570265456483922
14132,-0.327733884106556
14133,0.5913678557374354
14134,-0.5389604778036271
14135,-0.5265819171041947
14136,0.38130886268871533
14137,-0.2969399463302308
14138,0.08516978438643633
14139,-0.03782086453195123
14140,0.5806651495637631
14141,0.30791763237467196
14176,0.2139682916151276
14177,-0.36016087341272374
14178,0.3036277853306891
14179,0.3524160264401469
14180,-0.5453358191869148
14181,-0.32922928028183474
14182,-0.021574414349114557
14183,-0.3749753972432562
14184,-0.3350961462848018
14185,-0.4656778105514192
14186,0.028863603481187355
14187,0.1664056495584981
14188,-0.42694223003098175
14189,0.04294091135422132
14190,0.5728730748401709
14191,0.698132314307998
14220,-0.4817909690159499
14221,-0.5726512662159051
14222,-0.26642865881632566
14223,-0.14539555755666853
14224,-0.26112207782271757
14225,0.0179779583586636
14226,-0.695555239449132
14227,0.2715099799090612
14228,0.4932933030217489
14229,-0.1383516614909668
14230,-0.17857075266187566
14231,0.29301312774465
14232,0.5269243786085
14233,-0.014272175647021199
14234,-0.6947356660992908
14235,0.038230284351321725
14250,-0.4346081670969478
14251,-0.2142962298378697
14252,-0.47644825186138307
14253,1.2388142076679234
14254,-0.3213645084456771
14255,-0.2905436740049245
14256,0.173905504004766
14257,-0.5605654730492124
14258,-0.08664472875457367
14259,-0.5770092560261156
14260,0.2623637112135124
14261,0.2107783934966398
14262,0.3545924404198615
14263,0.26861253018644204
14264,-0.20918842183503322
14265,-0.6225689215029576
14266,0.2881972305470489
14267,0.8847743149403937
14268,-0.06330605478144556
14269,0.5059728205197983
14270,-0.6196079308498338
14271,-0.5590676269881641
14272,-0.045779448476833906
14273,0.04061409767561033
14274,-0.5580218182542712
14275,0.17679776072855447
14276,-0.17212472917854033
14277,0.41145770312638436
14278,-0.32426489363813593
14279,0.24584085958445046
14280,0.8856107226295851
14281,-0.015219306255653174
14282,-0.3461704932007792
14283,-0.12141407057416118
14284,-0.12978121556014366
14285,0.6384452654861228
14286,-0.3713182535779289
14287,0.18321794149066303
14288,0.47492431795375945
14289,0.09970895147145475
14290,-0.15723209996759818
14291,-0.034709447122994785
14292,-0.038572700006337744
14293,-0.17180374864024844
14294,0.29303451609613096
14295,0.3464155230008914
14296,-0.2788885878545439
14297,-0.23980851369496906
14298,-0.160887117827491
14299,0.35180300035641243
14300,0.051857621710518075
14301,0.5854511976058236
14302,-0.19986499768976365
14303,-0.16545366527665112
14304,-0.35935033580536446
14305,-0.12595635578459013
14306,-0.5257446258688383
14307,0.17783714125174785
14308,-0.0030019587972685835
14325,-0.48409304472603254
14326,-0.23994644863459796
14327,0.4996074512341544
14328,-0.2550389932991653
14329,0.033580404510921244
14330,-0.25147182568580156
14331,-0.025582679414014417
14332,-0.6216951224050025
14333,0.4680558092191135
14334,0.43971751556523886
14335,-0.024205411965429482
14336,-0.13418518984271594
14337,0.09595149845970813
14338,0.059228815304001536
14339,0.21491125685628237
14340,0.27011868799003064
14368,-0.27889150916004357
14369,0.06612748999266388
14370,0.020849452387892847
14371,0.05495996336662262
14372,0.024877437217584536
14373,-0.07061451085080808
14374,0.039355599227232946
14375,0.04284644967386789
14376,0.040070972336096355
14377,-0.18722141623459937
14378,-0.5711747033710614
14379,0.07988127984687905
14380,-0.2754415848657465
14381,-0.28228992991005253
14382,0.08705949892899012
14383,-0.04817643912098027
14384,0.044927632958477376
14385,-0.049924893400654924
14399,-0.7981928618033891
14400,0.042404498964875956
14401,-0.881923721525912
14402,-0.13995685163830343
14403,-0.2512329166411022
14404,-0.37732719651867036
14405,-0.5529184737153298
14406,-0.18068144843197537
14407,-0.301400979521622
14408,-0.03742054750636212
14409,-0.39657292993933035
14410,-0.732259035025775
14411,0.6368615936565116
14412,0.6925488754396507
14413,0.44121087411315507
14414,-0.3788882101763998
14436,-0.6598528015642269
14437,-0.30653248372685293
14438,0.5171996465291314
14439,1.1835995817380551
14440,-0.7580109136837897
14441,-0.1447028228447435
14442,-0.424872037415738
14443,-0.3968626526987194
14444,-0.3059115978574555
14445,-0.11265407629020764
14518,0.4526812895560869
14519,-0.15921888308625304
14520,-0.041605033120782314
14521,-0.17159116592664245
14522,-0.10226264375008387
14523,0.03660496799006116
14524,-0.217700360633871
14525,0.2393954219542132
14526,-0.375323642670368
14527,0.030750114607882767
14528,-0.4375154601244912
14529,0.05137857021084096
14530,0.18679597134991893
14531,0.2205324013990454
14532,0.4190426927322629
14533,0.18439302794480217
14564,0.11943786999584022
14565,-0.6067079898608039
14566,-0.09792904696353223
14567,-0.7886074898615087
14568,0.48201456877489923
14569,-0.3782648442571864
14570,-0.7659037919386879
14571,0.3741169122059054
14572,0.38986946733931316
14573,-0.6534892258104505
14574,0.05838283114719339
14575,-0.5114870071860301
14576,-0.05376218573004124
14577,0.32524794571356785
14578,-0.0620959210477177
14579,-0.01421579505108915
14580,-0.019877240346161007
14581,0.527029480462288
14582,0.13032759504912617
14583,0.1308519651979103
14584,0.07166699590000294
14585,0.27955846132034745
14586,-0.5148633182657124
14587,-0.6337932299879362
14588,0.04800823955227715
14589,0.24866110857004542
14590,0.08872543123635972
14591,-0.13231992252584784
14592,0.13807660521855367
14593,-0.1178352095542673
14594,-0.41337651669304626
14595,-0.5887242202879738
14596,0.04121310863959632
14597,-0.2961355758581845
14598,0.5136936662271874
14599,0.18970269079546404
14600,0.3469076855285236
14601,-0.19606781201271484
14602,-0.07304502355742848
14603,-0.6516899374022991
14709,0.5366705318085649
14710,-0.6741995532850162
14711,0.10778984140860645
14712,0.0268885217674861
14713,-0.5974015385270967
14714,0.3315328353140293
14715,-0.4587617141379363
14716,0.41431237757080747
14717,-0.24224791014148875
14718,0.02262962261815088
14719,-0.34803840489305526
14720,-0.27497290453691675
14721,0.3327178867280651
14722,0.5851322727523509
14737,-0.27147974538736064
14738,-0.3989980136547957
14739,-0.2691512468910204
14740,-0.16799440962549875
14741,-0.6762168412749521
14742,-0.19751640648431945
14743,-0.6246603156924605
14744,0.3138226160256074
14745,0.2587088241822153
14746,0.5548519791775193
14804,0.38724141698261416
14805,0.06022029726534257
14806,0.2336507349502653
14807,0.013322358458672277
14808,0.2992459033080307
14809,0.6355662368696164
14810,-0.13383105592503644
14811,0.020438802499988005
14812,-0.05697016567274418
14813,0.6076470640678444
14814,0.1500105499020214
14815,-0.051121825667027
14816,0.26371813428997815
14817,0.14740605163889123
14877,-0.8306122487483839
14878,0.1656250431959599
14879,0.1271674828483354
14880,-0.5974874935706629
14881,0.42029800127193584
14882,-0.23216246383691663
14883,-0.14916464258215503
14884,0.34302019647521903
14885,-0.46739609033129836
14886,-0.4641441484647652
14887,-0.5864061707783289
14888,1.5250193198956798
14889,-0.7270810868517329
14890,-0.19885742789803118
14891,-0.4402925497956758
14904,0.001958375078178365
14905,0.028220037416894397
14906,-0.18171244070385043
14907,0.2825404618829118
14908,-0.26203858794848855
14909,0.09240897996726197
14910,0.1015912379481315
14911,0.3892370991490495
14912,-0.3434498588354908
14913,-0.854703650863492
14914,-0.09714021029350205
14915,-0.44889003097392005
14916,1.3732007295141995
14917,-0.6813025625706433
14918,-0.6859130592133194
14919,-0.3783809162047947
14941,0.5129320050834646
14942,-0.07698227445967411
14943,-0.019428376399161285
14944,-0.24674663947361367
14945,-0.0040295232786972945
14946,0.7700874896797101
14947,-0.5915198599926818
14948,0.06491225892049218
14949,-0.536731838751723
14950,0.1211346771115331
14951,0.07042240482752063
14952,0.24187275287776827
14953,-0.14134658168779773
14954,-0.3647183036364373
14955,-0.15370795981864754
15123,0.7758257165035731
15124,-0.16150698128887037
15125,0.24279007622159685
15126,0.11115994970502449
15127,0.17539725207999582
15128,0.22011525229257956
15129,-0.48564773158176333
15130,-0.094353014043286
15131,0.43901487671159545
15132,0.10043336363866004
15133,-0.13091025040826298
15134,0.3002198420962786
15135,0.7075942426462125
15136,-0.37547989188557906
15137,0.2941669979900895
15138,-0.20796419753331102
15204,0.06497564914415718
15205,-0.37076447104642235
15206,0.5551943339506055
15207,0.7582333625241688
15208,0.7869256785803727
15209,-0.33803362574624135
15210,-0.1455937210227597
15211,-0.018446149657240916
15212,0.41053030876301966
15213,0.368900718107386
15214,0.40779193400745556
15215,0.4053872275902789
15216,0.31617491865539515
15217,-0.02614245469110517
15218,0.184385546633688
15219,1.1821567204799333
15316,-0.16622613148106363
15317,-0.005589136763941793
15318,0.10569393003410749
15319,0.02895723059914372
15320,-0.10092730925262884
15321,-0.46778243189003493
15322,0.02233870168917891
15323,0.09888031928414957
15324,0.4786420949304869
15325,0.09414833015380442
15326,-0.3333555703173806
15327,-0.35445692908289284
15328,0.02932490100208042
15329,-0.006803715414272382
15330,0.6027634288667738
15331,-0.3357489298856835
15353,0.4667111582799225
15354,0.3093818503034228
15355,-0.08785761409087484
15356,0.6637354766586319
15357,0.2678815661740291
15358,-0.10835856168519242
15359,-0.002867112116045928
15360,-0.406539136707992
15361,0.9963523359226014
15362,0.03976817549541428
15363,0.17016598543680161
15364,0.4320197028391468
15365,0.4734727146787987
15366,0.11990187668879569
15382,-0.24642431059925973
15383,-0.17641424765083735
15384,-0.3360459593769154
15385,-0.08401257705460105
15386,-0.599831294645742
15387,0.6311428183407337
15388,0.07051771441356798
15389,0.08390695753165645
15390,-0.23213088808885782
15391,-0.5797731800890403
15392,0.3967440069244328
15393,-0.13954374946717552
15394,-0.14213274385955282
15395,0.5487679168404018
15396,-0.20454641775965016
15397,-0.26245974697582297
15398,-0.10430178227292164
15399,0.13467017804651282
15400,0.38265800981778986
15401,-0.08349548869077471
15402,-0.08557659837839524
15403,-0.22663551560398232
15404,0.19925406834545012
15405,-0.5162049753204373
15406,-0.1475397489004036
15407,-0.2636039983913065
15424,0.13249633784257886
15425,0.3713228445229386
15426,-0.336484227763507
15427,0.4319668480592482
15428,-0.1388488270705618
15429,0.6328800779195294
15430,0.01730336541810762
15431,-0.019589474656431516
15432,0.3268370105753811
15433,-0.10929216930136001
15434,-0.41432829670020843
15435,0.22638500969373793
15436,0.29126469323712856
15437,0.07506662998476193
15498,0.5914236993011754
15499,0.3129401857378942
15500,0.18707739893447387
15501,0.12113705162202264
15502,-0.11917968515507864
15503,0.0660835443760906
15504,0.571015129242729
15505,0.055307527582637336
15506,0.1771772563597202
15507,0.04846291869979317
15508,-0.13260246831271574
15509,0.04190629833800979
15510,0.08415357816286023
15511,0.10836011625508846
15512,0.38815177258831757
15513,0.1444381400749295
15514,-0.3893240899369324
15515,0.03889774758276679
15516,-0.09027580104600194
15517,-0.1710506532214498
15518,0.011553907449486922
15519,-0.7449059547613139
15520,-0.41141658765124095
15521,-0.20958443581660652
15522,-0.1292255880391025
15523,-0.18733543020508917
15524,-0.4854273387642288
15525,0.3396024968925174
15526,-0.2703396206619153
15527,-0.23628745589235844
15528,0.053237884202016
15529,0.5295160780015669
15566,-0.7077534967477196
15567,-0.4086355132283029
15568,-0.34520168947664176
15569,0.1794136274753945
15570,-0.1457156944502457
15571,-0.464940785622499
15572,0.07546945968751617
15573,0.18341520115080068
15574,-0.14498054269134003
15575,0.7158863191152762
15576,0.52771123565542
15577,-0.37007251009565073
15578,-0.24004663526624875
15579,0.3948602847195933
15580,-0.3721498782492345
15581,-0.7546703694866345
15582,0.5972900262913836
15583,0.13364162984313452
15584,-0.04847354331524506
15585,0.8084066153611829
15586,0.1519810674190595
15587,0.060333002680015686
15588,0.4356224134508581
15589,-0.00668438951701554
15590,0.6789626307316412
15617,-0.0098686360150997
15618,0.4483028358357789
15619,0.23826816622234478
15620,0.5479066765180607
15621,-0.4648774548164039
15622,0.3996196011331271
15623,-0.1156939542870727
15624,0.3209580210060673
15625,-0.43230307274188523
15626,0.011375823920523692
15627,-0.23392203947552545
15628,0.02441559655380232
15629,0.35288424353729886
15630,-0.1947214307963115
15631,-0.14091551743937097
15632,-0.055322454084927544
15633,-0.25993737604774836
15696,0.6755693828632969
15697,-0.3902527392610311
15698,-0.013636528065138653
15699,-0.7159910315323892
15700,0.2198172251665136
15701,-0.29135439511606825
15702,0.22970992647284105
15703,-0.1500700964420477
15704,0.24824328199414086
15705,-0.25538358776365055
15706,0.10825284825399356
15707,0.3486981018233192
15708,0.5113588332458323
15722,-0.03369244969188552
15723,0.12901121451654363
15724,0.26755570440394594
15725,0.11603002247551392
15726,0.1694558295648672
15727,0.7103460591112101
15728,0.36901791363120034
15729,-0.08287593612363059
15730,0.48494342108514954
15731,0.10721431738412007
15732,0.5823984796041313
15733,-0.6787219253574491
15734,0.19784834121125205
15735,0.4074460438488474
15736,0.5845036701381052
15737,0.7720284885616706
15811,0.1569784278918366
15812,0.16380640301366806
15813,0.007369144100999439
15814,-0.36906564257489116
15815,-0.08839733536369664
15816,-0.04851601851951551
15817,-0.10449073031129029
15818,0.6196153908953596
15819,-0.0267684978729896
15820,0.8833430277312695
15821,0.44168292120579944
15822,0.19635485443512996
15823,0.14643744370867234
15824,0.1299529469929537
15825,-0.609244419978541
15826,-0.5034378785631108
15827,-0.20823441405054008
15828,0.2533892874480032
15829,0.8473227679485038
15830,0.12675251936681614
15831,0.45894795814264105
15832,-0.5453134233531811
15833,0.42822361243588525
15834,0.18262835587215082
15835,0.5813605650558172
15836,0.4507849626584355
15837,0.16647829113183218
15902,0.31275828184566196
15903,0.36723328492068097
15904,0.1839373173617437
15905,0.2252659407106299
15906,0.1476343221510508
15907,-0.22291596602298713
15908,0.09905089287119917
15909,0.16034642356129686
15910,0.23104433227884802
15911,0.07898798939138867
15912,0.00661062278439753
15929,0.9325142315138832
15930,-0.36702849467371806
15931,-0.1776201769067327
15932,-0.3518981228971826
15933,0.9253186232809906
15934,1.0090873297845142
15935,-0.4181741960072366
15936,-0.3649707353601828
15937,0.6076484261847255
15938,-0.31271138505307416
15939,-0.5308789043458032
15940,-0.28281669597460946
15941,-0.24097788540208642
15955,-0.229594498689552
15956,0.18523118060771815
15957,-0.5955714603084233
15958,0.4006172440968448
15959,0.006144946480859698
15960,0.16250743502533005
15961,0.14037606182231388
15962,-0.16477023633582788
15963,-0.48262930988845537
15964,0.13242782182593843
16010,-0.3672757463563625
16011,-0.37473267860690157
16012,-0.6416532545824948
16013,0.38261290653395613
16014,-0.25155454603604077
16015,-0.20045643576794353
16016,0.740273012829024
16017,-0.839281587441202
16018,-0.49593205635418297
16019,-0.5175143927081658
16020,-0.7276692857561502
16021,-0.25639468386772307
16032,-0.6839655294648943
16033,0.31038843843845454
16034,-0.31723614741502515
16035,0.3264557740387669
16036,-0.5374292498758381
16037,-0.38105306463107097
16038,0.18536782676360417
16039,-0.07338855713600488
16040,-0.25789009297835175
16041,0.10075869214876572
16042,-0.5380561115057985
16043,0.40934380564137046
16044,0.7305021679997181
16045,-0.284056522851593
16046,-0.4924477358071302
16047,0.09881632856665017
16048,1.0747516169602016
16049,-0.2797760309175515
16050,-0.07501645612854549
16051,-0.5936309632951026
16052,0.1513621325644828
16053,-0.8158924117270742
16054,-0.2755830992547661
16055,-0.2875677624845442
16056,-0.2752065033420049
16057,0.35352178927477224
16058,0.1833324921063038
16059,0.24283873989908036
16060,-0.5670841093754511
16061,-0.8442488226407546
16073,-0.5951295493682063
16074,0.0857443620667862
16075,0.5823647628021156
16076,-0.23754663461159142
16077,0.018618041742579652
16078,-0.33733230951466503
16079,-0.6338772133248454
16080,-0.5360164260761969
16081,0.24462944526092403
16082,-0.12729109203018005
16117,0.09827087871001859
16118,1.2122629398657643
16119,-0.3584723964835278
16120,-0.4773009003911488
16121,-0.7022283538568033
16122,-0.7202428918028807
16123,0.0659335745561367
16124,-0.3165999841622422
16125,-0.43761076462258075
16126,-0.5388198802710161
16127,-0.4125125131888516
16128,1.118323911820847
16129,-0.4144162131834324
16130,0.328328989932817
16131,0.03347113781592738
16132,0.3061587147231505
16133,-0.52682757308046
16134,0.0765865363015586
16135,0.7785047296498739
16136,-0.22940581753127948
16137,-0.28467184788093775
16138,-0.14732761662813765
16139,-0.11374090771198388
16140,-0.4668730106423088
16141,-0.18195219077049854
16142,-0.533092753900075
16143,0.021651524233723157
16144,-0.2797071766352558
16145,-0.48421754841171616
16172,-0.12533559073251513
16173,-0.5625301408712967
16174,1.37647741556246
16175,-0.5566912722089342
16176,1.3666506920946042
16177,-0.5254313990923439
16178,-0.3793122871094139
16179,-0.2643344491352175
16180,-0.5478121287862213
16181,-0.6274331920664622
16182,-0.28936626387449255
16183,-0.11250378997448822
16184,-0.3423001300192542
16185,-0.23342456251186627
16186,0.0779422029166933
16187,-0.5532594528955697
16204,0.06937222012885083
16205,-0.04260717049903688
16206,-0.5388251214288932
16207,0.5031940966391552
16208,-0.31117671291541665
16209,-0.2445686643887015
16210,-0.21070006141835126
16211,0.017648189918268595
16212,0.15279643489075828
16213,-0.3266941815559175
16224,0.2430314967443683
16225,-0.3321847798194732
16226,0.3958898745346179
16227,0.056448435504868416
16228,0.34261890355127345
16229,0.13266893442879057
16230,0.17073415490648627
16231,0.6604980267545164
16232,-0.6055436302836177
16233,-0.6130337995487276
16234,0.005001870579538936
16235,-0.7681716363233819
16236,-0.27493163548174393
16237,-0.5517290539119677
16238,0.3327097227885997
16239,-0.45827368030659804
16285,-0.02459768934306094
16286,0.1200242418023012
16287,1.2283233586752573
16288,-0.24537211183351862
16289,-0.21166057768302293
16290,0.280219571202543
16291,-0.3322896081894054
16292,-0.16298719558139543
16293,-0.5146870772314361
16294,0.18288131127818819
16295,-0.28764068810896515
16296,-0.27958749658275683
16344,-0.5061197932081758
16345,0.5018944157997915
16346,0.5426891355972134
16347,0.5838881601102908
16348,-0.1860230918058222
16349,0.11200857834165902
16350,0.5366474322543016
16351,0.30969546817134036
16352,-0.0766222831043763
16353,-0.6475077454465775
16354,-0.2280727549122224
16355,-0.15689066708971267
16356,-0.11087388424416103
16387,0.026875407175455
16388,0.4991118230365734
16389,0.5193486872738972
16390,-0.08801459246739729
16391,0.03213214725852692
16392,-0.25915536109466364
16393,-0.516594231515216
16394,0.6096616569996585
16395,0.42092686985624284
16396,-0.640036183845655
16397,-0.40899185897966295
16398,-0.28163837554693527
16399,0.08882353834759493
16400,0.21236446185521668
16401,-0.5265371733492055
16402,-0.5522548599551095
16438,0.26375780542629357
16439,0.053816197370482606
16440,0.24112078976205453
16441,-0.17615524146839676
16442,0.4970054160537796
16443,0.2477128867154702
16444,-0.06128468990868716
16445,0.10694932515845049
16446,0.25047938385968466
16447,-0.49095616912473705
16448,-0.3655354684038143
16449,0.26215791999781113
16450,-0.1878043610182388
16451,0.2816388858411478
16452,-0.5521276647702944
16453,-0.26259565311609956
16454,-0.3884149479470673
16455,-0.4486625751959304
16456,-0.4116521653874748
16457,-0.6477241131779586
16458,-0.6564069632674432
16459,-0.5716143737497766
16460,-0.31480318676598984
16461,-0.42360847072108454
16462,1.0535152343516627
16463,-0.26859817153785354
16464,-0.27398756050290274
16465,-0.40848549234436454
16466,-0.45522882334565
16467,-0.5064675562095139
16468,-0.3950066177228606
16469,-0.21068062203082458
16470,-0.21229486799580127
16471,-0.2555820278373916
16472,-0.04655841386969591
16473,-0.20780384734782165
16474,-0.24887861812103237
16475,1.5479475639021738
16476,-0.2629570353028927
16477,0.1897403117247671
16478,-0.48353188081351983
16479,-0.40185759312549163
16480,-0.5348317719303161
16481,-0.5847012369244998
16482,-0.5793996095789098
16483,0.303476803072521
16484,-0.25091850188997405
16485,0.1770237860024753
16486,-0.5557613225779224
16515,-0.5894828221157736
16516,-0.2541381651386623
16517,0.15617456622097828
16518,0.24538031626822376
16519,0.05922183576550648
16520,-0.04221788100698895
16521,-0.12744956644905003
16522,0.3738561636619583
16523,-0.1589255145528995
16524,-0.10924703628571572
16525,0.34811751271369074
16526,0.43697634895470705
16527,-0.3293854693837356
16528,0.14980603258423955
16529,-0.12451243904692084
16530,-0.14943032235844167
16531,0.6610366769923829
16532,0.29098429865685094
16533,-0.39176845864090837
16534,0.10806661215511468
16535,0.010262108277557594
16536,0.9686807421633093
16537,1.0456586491662088
16538,0.026314614457367505
16539,-0.897476684754604
16540,-0.596965198587168
16541,-0.6602725707252716
16542,-0.5963100644425343
16543,0.7566597115476942
16544,0.7932657940467319
16545,-0.3645472172137732
16602,0.38274437283497764
16603,-0.781224331843655
16604,-0.16453331438497198
16605,-0.4869915965043997
16606,-0.013575640722433044
16607,0.017775339575725177
16608,-0.6683991305649619
16609,0.010150925326364524
16610,-0.053221459461894494
16611,-0.5705122563360249
16612,0.25872609797297097
16613,0.19485815981718274
16614,-0.14893661746795
16615,0.8922449394968719
16627,-0.3942582326999363
16628,-0.36951464195514955
16629,0.07820029635967127
16630,0.33975383896012334
16631,-0.08950970021019232
16632,-0.7209954850765303
16633,-0.49802666435088006
16634,0.1644631444700339
16635,0.17868290359292593
16636,0.3725104847579604
16637,0.49105638649091793
16638,0.15533934085780318
16639,0.8746173446760517
16692,-0.23711509645571693
16693,0.30779650385974744
16694,0.3462470984530883
16695,-0.1185042870044278
16696,0.5398743773834609
16697,0.17978449027007537
16698,0.053372010312012184
16699,0.2854947754927072
16700,-0.1903154239520443
16701,0.6232201359916811
16702,-0.36604299468413115
16703,0.2781411779755111
16704,0.089000574110997
16705,-0.21009134475733268
16706,-0.05394276908644835
16707,0.2936552699309391
16708,0.31254904502660874
16709,-0.4415057182944286
16710,0.33808921004572323
16711,-0.3307789714664669
16712,0.15558418356110565
16713,-0.31802891241041265
16714,0.5525335506092639
16715,-0.09963642931070277
16716,0.0697420803846893
16717,-0.18784053988520835
16718,-0.265890932353532
16719,-0.10526065540475266
16720,0.1156330847474187
16721,0.43852775492414486
16722,-0.2565661982685606
16723,-0.4624004197795715
16782,1.1022326158223845
16783,-0.3839816486874902
16784,-0.23655264075171106
16785,-0.2050405481934494
16786,-0.35370773035738207
16787,-0.3877477195264464
16788,0.6377987271615391
16789,0.25185170653648103
16790,1.1791505209202024
16791,-0.442741424594929
16792,-0.38932676180037523
16793,-0.056175950531539835
16794,-0.4739652453113761
16795,0.08012784283557584
16796,0.5050465490146772
16797,-0.05472469533299729
16798,-0.17549596638918885
16799,0.21714439835085436
16816,0.07584016443375234
16817,0.20642641466248934
16818,1.1095312644988524
16819,0.5108921069508947
16820,-0.11528003120581787
16821,-0.09411804051843065
16822,-0.21781805991736647
16823,0.49913339372203736
16824,-0.3795258735952841
16825,-0.6354751312942153
16826,-0.6191577368843837
16827,-0.5085425278703749
16828,-0.25188893634512766
16871,-0.059580598216970884
16872,0.6419407990414873
16873,-0.3401923217668465
16874,0.43267917724490546
16875,0.7005956029050708
16876,0.24966356007970567
16877,0.39584892709060515
16878,0.16789138258082675
16879,-0.1573722131516962
16880,-0.10928500527177831
16881,-0.07577655013332342
16882,0.2967247069959218
16883,-0.13041988711535585
16884,-0.10371798946938411
16885,-0.3571679929813852
16980,0.3818071147268276
16981,-0.2122690312614195
16982,-0.16634534715260263
16983,-0.4900175534518115
16984,0.29664623440707616
16985,0.10986738707180876
16986,0.7666914499659996
16987,-0.6273466824688285
16988,0.04614049436081006
16989,0.34625575800236913
16990,0.3936780394200914
16991,0.6568484757665254
16992,0.26840689505932364
16993,-0.061781298102622756
16994,0.5051149734702697
16995,-0.27738212482440977
16996,0.1040192410903511
16997,0.5044695078651453
16998,0.07423369824655164
16999,-0.038784656470254225
17000,0.37181133056590915
17001,0.6557420230511566
17002,-0.12892800383573086
17003,-0.2975856616190182
17004,0.21495740468604527
17005,0.4734089533248556
17006,0.022271138965664655
17007,-0.14349922639101342
17008,-0.578771384165916
17009,0.14787700536731552
17278,0.555462639838571
17279,0.5059353990542577
17280,-0.24772384149976395
17281,-0.05466112921971661
17282,0.26742242089852264
17283,0.051629735053471154
17284,0.10013952963168223
17285,0.06878830301878208
17286,0.021178695822055005
17287,0.5161471287740427
17288,-0.46199543129499415
17289,-0.634572961609102
17391,-0.33655025567207103
17392,-0.4885808202778616
17393,-0.26919727889829853
17394,-0.43863485984129374
17395,0.3027583652585658
17396,-0.36507543179120017
17397,0.15320405668065437
17398,-0.39360319364605734
17399,-0.7712309570799465
17400,0.2703266519941848
17401,0.985511872490429
17402,-0.2995223111780949
17403,0.2070596815531563
17404,-0.08987263674187493
17405,-0.25508826801264156
17422,0.22760706928205582
17423,0.5759057536069645
17424,0.16336347917228294
17425,-0.08847335293197647
17426,-0.21336637970654215
17427,-0.06692316507588893
17428,-0.29958146889353643
17429,-0.3230937504584938
17430,-0.2128490297394248
17431,0.23267091019782915
17432,0.5218793983465093
17433,0.5140094510559432
17434,0.8658508310456312
17435,-0.4452940381498389
17436,0.1188363048780757
17437,-0.34145931405279567
17438,0.5159528488243705
17439,0.3238763370118641
17440,0.8631723727047242
17441,-0.3581168171214103
17442,-0.19959074640818808
17443,0.40622680661376953
17444,0.13108999416171194
17445,0.25987809448445753
17446,-0.22298521536863644
17447,-0.25886029480877665
17448,0.1395394373209206
17449,0.4407647685992745
17450,-0.6274613988354784
17451,0.387486830223821
17477,0.520656822588663
17478,-0.13726560999277737
17479,-0.0734353266362789
17480,0.3962043286479213
17481,-0.36388656511980977
17482,-0.19906010715798078
17483,0.134846942886106
17484,-0.13218994120361766
17485,0.34700165924168536
17486,-0.26978639707624974
17487,0.35571292274988586
17488,1.1087107029940177
17489,0.24988219596257466
17490,0.976284212882006
17491,-0.051032926674638546
17528,-0.14596810414504424
17529,-0.2725528225201524
17530,0.21746426889122564
17531,0.5298502135877916
17532,-0.04872382539999218
17533,-0.09864689346088124
17534,0.4844678798290814
17535,0.0908122936358165
17536,0.37063610423525895
17537,-0.3110030668043292
17538,-0.36817284642258025
17539,0.06063678030843585
17540,0.316951424629648
17541,-0.12257768480345116
17542,0.2503249012073856
17543,-0.036029216195907446
17544,-0.0092206310105864
17545,0.22068756482723012
17546,0.23623489988191523
17547,-0.30481211284876103
17548,-0.013797883814000975
17549,0.4511869986903709
17550,-0.1045394062867341
17551,-0.1366607916339922
17552,0.6621597348050661
17553,-0.17004697453106654
17554,-0.2975530376634336
17555,-0.126635537002023
17556,-0.2252064380404094
17557,-0.1064752137247774
17558,0.29022633389819996
17559,-0.629501840562529
17560,0.6886196554846372
17561,-0.6620069201993819
17562,0.11140168418685972
17563,0.4870962340230377
17564,0.03128668533071571
17565,0.6861515570135353
17566,0.2105563328455854
17567,0.2953384073886707
17568,0.6911710066767253
17569,-0.3526466606353672
17570,-0.39317677222113506
17571,0.6201029593972501
17572,0.49369579502876804
17573,-0.7110245199498401
17574,0.07448467303203536
17575,-0.16969830078766018
17576,-0.19707291784366338
17577,-0.4022576404984377
17578,-0.13876690774235062
17579,-0.22239460317464826
17580,1.1298246130545766
17581,1.3516003012184543
17582,0.5429906694679458
17583,-0.32287821228399405
17584,-0.7068991772268113
17595,-0.2761045916959446
17596,-0.18021551178414802
17597,0.2567320071805186
17598,-0.2310488368795224
17599,-0.705605403547962
17600,-0.23106102155264532
17601,-0.09442629800965852
17602,-0.3117286991685607
17603,1.5101236292979283
17604,-0.7624258590198618
17605,1.0073292583145401
17606,0.13857727555045118
17607,-0.2154408177215085
17608,-0.4958980828059377
17609,-0.20423058017466053
17637,-0.6614990667632694
17638,0.10491586276590405
17639,-0.29312870731257107
17640,-0.7065138695676019
17641,0.35338893031046276
17642,-0.024478668987064856
17643,-0.2951286280994232
17644,-0.48079345302239007
17645,0.3777690090423309
17646,0.6867627911476983
17647,0.6083960314197616
17648,1.1154989165017446
17649,-0.18488348319841041
17662,0.2296982615570937
17663,-0.11860133058464073
17664,0.14318365619739853
17665,0.37834446422161044
17666,0.0036394668822841147
17667,-0.4345039520247889
17668,0.014187555088289491
17669,-0.4973870605701254
17670,0.13107277255455285
17671,0.13707764298592348
17672,0.22106161056503243
17673,-0.17976574644311116
17674,-0.06845680499434817
17675,-0.33352856919075735
17676,-0.3016248880674788
17677,-0.35989629906710097
17678,-0.08700730920551432
17679,-0.550945001236806
17680,-0.6138552404400909
17681,-0.08049403885475068
17682,-0.4332827082420219
17683,-0.5151356275048392
17684,-0.49931789976186347
17685,-0.1186938227579725
17686,-0.5292081009454318
17687,1.0381688767970327
17688,-0.16106412008227644
17735,-0.13516396713382206
17736,-0.06328101912213749
17737,-0.14706796903688152
17738,-0.026962929850607706
17739,-0.19438014086013583
17740,-0.7542822627033846
17741,-0.043826535312848136
17742,-0.2679083374827436
17743,0.03924537856595845
17744,0.9027268475888168
17745,0.9271863655004886
17746,0.1414196389932386
17747,-0.7672158369214737
17759,0.4784250029290315
17760,-0.6510119224506018
17761,0.3879091035636504
17762,0.7197866160555226
17763,0.18962535601747207
17764,0.2230818312427016
17765,0.6115096782666642
17766,-0.6521747684666654
17767,0.2934925764055627
17768,0.20108187233029315
17769,0.2771710584124649
17770,0.23160519290395093
17771,0.5070742434441688
17772,-0.20603403830944805
17773,0.4312186016639468
17846,-0.42255703223948854
17847,-0.2925968243979289
17848,-0.3346013328151212
17849,-0.39651555754443485
17850,-0.24960141679611753
17851,0.1624476079256425
17852,-0.15347474365729818
17853,-0.6902286831738723
17854,0.7823296643777184
17855,0.47764294198217466
17856,0.4306176671624641
17857,-0.1853276988298504
17858,0.09292226298891833
17859,-0.24893304464716667
17860,-0.5471826280836034
17861,-0.25769875581714763
17889,0.3194863596030612
17890,0.2989880953648425
17891,-0.08081393459622638
17892,-0.22802298061414739
17893,0.03823545151688931
17894,-0.4809983431623656
17895,0.05535452768521104
17896,0.587790088629996
17897,-0.1906176665787088
17898,0.09773667474277833
17899,0.2513145972207077
17900,0.657091551989208
17961,-0.7792881376832486
17962,-0.7071540885604869
17963,-0.0917028764538681
17964,-0.3844637468639528
17965,-0.629367664871746
17966,-0.7560326556871229
17967,-0.42270748351542103
17968,1.905171513904503
17969,-0.7521307908301352
17970,-0.39245422303491856
17971,-0.6254923374560726
17972,-0.6963734389749322
17973,-0.2794796302857129
17974,-0.5653203442713951
17975,-0.27099335264060637
17976,-0.43258693051670744
17977,0.9521795153481896
17978,-0.30099304604486166
17979,-0.6067501045797347
17980,-0.3270880530668453
17981,-0.4322416421016544
17982,0.23608056132152572
17983,-0.5598461573471164
17984,0.3111867612520819
17985,0.508669485194128
17986,0.12074267558916146
17987,0.24386463558209232
17988,0.19810047223234892
17989,-0.00911263414489022
17990,0.08820552130095577
17991,-0.019177669048435778
17992,-0.411159251656405
17993,-0.4998755227206826
17994,0.18978122324041935
17995,-0.3758698466757657
17996,0.028557269133834565
17997,0.07617497414525753
17998,-0.7842548590990421
17999,-0.7787707745409252
18000,-0.46774640377116905
18001,-0.5033309089625548
18002,0.9990435410927214
18003,-0.17623962517704556
18004,-0.73566929007002
18005,-0.4950475882740777
18006,0.5573681827164205
18007,0.172105916750458
18008,0.05032776493204814
18009,0.12622407880016967
18010,-0.5632565404242781
18026,0.11216929900861254
18027,0.02721866345764904
18028,-0.22489881433551762
18029,-0.38196012632624715
18030,-0.3078195804632048
18031,-0.16088389511093487
18032,-0.01780667724924527
18033,-0.32034890200997357
18034,-0.1921895834862603
18035,2.812278014560632e-06
18036,0.5126634816109034
18037,-0.10791938506988813
18038,-0.5322682351529139
18039,0.5051320146148575
18040,0.8845051280720584
18041,0.2812740886285541
18117,-0.2493328954543449
18118,0.15444402484770134
18119,0.16122202926727525
18120,0.42737276571205157
18121,0.42471622855484437
18122,0.49895001441301556
18123,-0.1573883106223956
18124,-0.19564701284621053
18125,0.1812677193730992
18126,0.12547324938387358
18127,0.608166601492607
18128,0.048221734640854566
18129,0.1180371214892057
18130,0.03643473460666351
18131,0.5083542092819179
18132,0.21676761882751944
18133,0.048436445835766784
18134,-0.16130069736346103
18135,-0.22377506658247298
18136,-0.3623549163409285
18137,0.04187666209638054
18138,-0.3065678452278042
18139,-0.36136599585481755
18140,-0.31114702239227443
18141,-0.6697738245727014
18142,-0.473232528789907
18143,-0.2846641350059259
18144,-0.2811526928079245
18145,-0.3995579064667828
18146,0.4095727129385229
18147,-0.1386997079149559
18148,-0.3000761642379093
18149,0.020626551529355247
18150,0.154932415836313
18151,-0.0004375072191366014
18152,0.06426357894830885
18153,-0.4303147340450367
18154,-0.12457474352586008
18155,-0.16498169156716586
18156,0.10017238128492266
18157,-0.4255977098976455
18158,0.020277794445718783
18159,-0.1081390590953672
18160,0.0615906081364864
18247,0.0474560736793881
18248,0.5184933983634555
18249,-0.013127644009274977
18250,0.029113414008128544
18251,0.21337115000038906
18252,0.44127168457766663
18253,-0.03938765867176834
18254,0.09838440478747179
18255,-0.27500582340634144
18256,0.12613221227721022
18257,-0.6631749252391946
18258,0.3903668505193001
18270,0.8748750992794598
18271,0.23636032282879071
18272,0.4167261845156962
18273,-0.12440291416229785
18274,-0.5740391989881881
18275,-0.3377358912955863
18276,-0.28553272675706504
18277,-0.1446038958048546
18278,-0.08754436342910239
18279,-0.5559170850583416
18280,0.307563945550933
18281,-0.2078703329831393
18282,0.24694322029423854
18283,-0.05618521363221314
18284,-0.3375293824408188
18285,-0.3841814624185782
18324,0.03893847334075903
18325,0.2180038077392586
18326,0.3380776545451264
18327,0.27388441686636505
18328,0.0506562066123029
18329,-0.05135608322412598
18330,0.3865117818955994
18331,0.2428567088924733
18332,0.0362429764850105
18333,-0.44958211045410224
18334,-0.16038972782721594
18335,0.1871814514666634
18336,0.22172925289197642
18506,0.15171733983707764
18507,-0.7708419186003246
18508,-0.5179375409940469
18509,-0.1393561617727643
18510,-0.562379009768238
18511,0.5006287897676501
18512,0.6091888436600266
18513,0.23454831727003161
18514,0.3263491570417014
18515,-0.1769603117405677
18516,-0.1291759198731029
18565,0.37447401931717894
18566,0.10785689018462855
18567,0.2425496674227984
18568,-0.6294267888793286
18569,-0.42230882276990817
18570,0.8878432015855082
18571,0.4113079143842124
18572,-0.11186021026850157
18573,-0.012955784866375483
18574,0.1581573818821481
18575,0.1250192287167676
18576,-0.15458337951207057
18577,-0.6121438817575868
18578,-0.28558077495423206
18579,-0.6264553731116574
18580,-0.0034157180128803616
18694,-0.47064513915208456
18695,-0.05417980276291551
18696,-0.19869944665074424
18697,0.11484438179487559
18698,0.5249377712604991
18699,0.38357183184684385
18700,-0.22806368920657716
18701,0.2422624361758124
18702,-0.012791475484301207
18703,-0.01506697592728598
18704,0.4900578707859842
18705,-0.4212788111007407
18856,-0.24772064881290823
18857,-0.3182908047731107
18858,-0.5498654964090263
18859,-0.3467308160709755
18860,-0.7503428030110002
18861,-0.20940253161801864
18862,1.237230365781513
18863,0.6676516474222134
18864,0.6279345231841711
18865,-0.09767370677021872
18866,0.06214272884213504
18867,-0.23153077210186496
18868,0.24031783588193886
18869,-0.16323025910443847
18870,0.4058736876005742
19125,-0.5037090506457543
19126,0.6987342087960495
19127,0.5836408495735865
19128,0.5392352527139102
19129,0.003840217573766805
19130,0.4909778822276569
19131,-0.09559846671609457
19132,-0.29035108822611094
19133,-0.3643369357783962
19134,0.657600066883617
19135,0.4017778226778564
19136,0.8086392384410326
19137,-0.1262088077142369
19138,-0.14638442487033992
19139,-0.1680816419362846
19140,-0.373378162452393
19305,0.011877032337357804
19306,0.4235876864071776
19307,-0.5351661713487356
19308,-0.09095055929484339
19309,0.7494452877857041
19310,-0.25345841443522393
19311,0.007698627163633169
19312,0.324402048972961
19313,-0.16724921822066216
19314,1.0158748914972253
19315,0.9976291752179949
19360,-0.5436324880448337
19361,-0.31960394126706926
19362,0.7342463689643052
19363,-0.7632108184334495
19364,0.04804683633255526
19365,0.5618567232762968
19366,-0.009456856910464106
19367,-0.8581822658913749
19368,-0.36494820450831367
19369,0.528333630662801
19370,0.12849101184461242
19371,1.4952771150157882
19372,-0.17607120252716335
19373,-0.0035716798184969173
19374,0.45969149003405696
19393,-0.7299369607243729
19394,-0.18629543967128592
19395,0.19289393831268292
19396,-0.11414432448247125
19397,1.475613090158937
19398,0.012049953786136575
19399,0.12698845635737868
19400,-0.7901078290823849
19401,0.1850163763306783
19402,-0.2060507869697199
19403,-0.1533254114724875
19404,-0.12492280746388301
19405,0.12339642253427793
19406,0.4282744440371261
19422,0.3915070709433728
19423,0.36054451975928054
19424,-0.07596223282814972
19425,-0.4603786995481115
19426,0.6440838752239938
19427,0.21645699954668274
19428,0.14956655844828423
19429,0.023167848416926054
19430,0.20230659961886663
19431,-0.5906617796691893
19432,-0.20450871389706418
19433,0.7946159196043387
19434,0.23850542655898554
19435,0.269691943334303
19436,-0.062416405812585576
19437,0.4880512850451929
19438,0.2390786472094035
19439,0.11543077429902308
19440,0.37038643768758367
19441,-0.7188880165290037
19442,0.15772465649465137
19443,-0.3331372733156358
19444,-0.6692180010470618
19445,-0.25212484681732017
19446,-0.07744568938212897
19447,-0.1269867666005074
19448,-0.42605166109061404
19449,-0.032206938012791064
19450,0.4554589191716477
19467,-0.45429908862693047
19468,0.7452374489793918
19469,-0.07721927564496847
19470,0.3107626213951371
19471,0.13606965511628522
19472,0.4285415964904313
19473,-0.3944643288797539
19474,-0.37041271173958323
19475,-0.11298964404160679
19476,-0.36647032015506587
19586,-0.8671121026906636
19587,-0.2820011873204564
19588,-0.3052087763447854
19589,-0.02264306066609119
19590,-0.7420757314164297
19591,-0.6391011590255403
19592,-0.40380723347234887
19593,-0.21656763943547463
19594,0.32128959321536876
19595,-0.6202394314458831
19596,-0.47728434530950337
19597,0.2784062942463041
19598,0.19866774051167915
19599,0.7927423088086094
19600,0.7781247605545096
19601,-0.029516031131421372
19742,0.1701617112787061
19743,-0.35559967618369953
19744,0.047652220392595056
19745,0.00619844184978699
19746,0.03843723836339782
19747,0.5236505238383515
19748,0.03835769417556481
19749,0.03460715572541921
19750,0.23185795279511257
19751,0.431636408867869
19752,0.07415331087826656
19798,-0.2569339209946878
19799,0.007389435416135737
19800,0.17077519541886665
19801,0.3135146148533804
19802,-0.017930746565277836
19803,0.29734148247132974
19804,1.0408178743684744
19805,-0.7727347973385746
19806,0.14890902958020732
19807,0.3388935121516653
19808,0.0031462965322695685
19809,0.1521958844989475
19826,0.7270513120812503
19827,0.3338027256163002
19828,-0.6179135513332248
19829,-0.43945878161859664
19830,0.5968231840990167
19831,0.5706726616425256
19832,-0.5795899161700548
19833,-0.03353899101836762
19834,0.3839719388961922
19835,-0.4107055678602289
19836,0.14371975170722895
19837,-0.5258300616693173
19838,0.26377438464688274
19839,-0.8097005726269736
19840,-0.5688680815667316
19841,1.1374547174614258
19842,-0.5069844627523301
19843,-0.7842805098347421
19844,0.07784913073451272
19880,-0.15489309344881336
19881,0.977914903867229
19882,0.9341883192778953
19883,0.2746289026719315
19884,0.4384794027863408
19885,0.35814455579735416
19886,-0.040723169992104145
19887,0.026468729106528054
19888,0.7304437346555112
19889,-0.19539353380660476
19890,-0.1484597376505859
19891,0.20751829369181246
19892,0.23293402313996625
19893,0.13072603894570756
19994,-0.09976452931611438
19995,0.10030954099168782
19996,0.028304382999502033
19997,-0.043346962885700877
19998,-0.2887821001673729
19999,0.30039013333553394
20000,-0.3673906620580239
20001,0.46706097665469326
20002,-0.19055173041083073
20003,0.3170048617957693
20004,0.9014803586637685
20005,-0.1627473219278907
20006,0.09435213700589463
20022,-0.3527535819026446
20023,-0.18479311575274593
20024,-0.37295816766200707
20025,-0.28911479147880104
20026,0.14545845893499268
20027,-0.6054965719469192
20028,0.013649373956297228
20029,1.0620373330599215
20030,-0.5219406749811045
20031,-0.3206021252000708
20032,-0.12594749642433994
20033,-0.6486341555567723
20034,-0.15152779441007308
20035,-0.7485722201209549
20036,-0.1352643545932424
20037,-0.2597239304002726
20038,-0.05509145209249096
20039,-0.44965746767453707
20040,0.13772349847403395
20041,-0.26436991555854994
20042,0.06095063329263749
20043,-0.4368303166387955
20044,0.0011620496959798138
20045,-0.29438972299777794
20046,-0.415305742431355
20047,0.5506738898631951
20048,-0.1870188133429972
20049,-0.5649552913286572
20050,0.32607128270963043
20051,0.06246539273691913
20052,0.18401821455426212
20053,0.1786013725389931
20054,-0.40644743944763023
20055,0.08526263973972828
20056,0.212097183779541
20057,-0.22521547756480298
20058,-0.1536626432690919
20059,0.2028832445746832
20060,-0.021732578301577613
20061,0.1863423590903696
20062,-0.09469577178176862
20063,-0.12792153803856576
20112,0.6551292551888587
20113,-0.1426572215595293
20114,-0.6597394728980935
20115,0.44028416678922744
20116,-0.32480249971399777
20117,0.9052373481181617
20118,-0.14854153156426653
20119,0.13985033709314523
20120,-0.08504737461612213
20121,-0.10147240378962802
20122,0.5519503716548724
20123,-0.15068021577255322
20124,-0.18558297874379265
20125,-0.21394277775445208
20126,-0.29653869078905015
20127,0.228907700219717
20196,-0.6058611026894685
20197,-0.27762077237127003
20198,-0.6695329559980401
20199,1.5802638959806268
20200,-0.42565883446323266
20201,1.2929701131891451
20202,-0.39219961873004966
20203,1.0584444714997001
20204,-0.35376598408610616
20205,-0.5407034387539886
20206,-0.577398459027646
20207,-0.4902446482539453
20208,-0.5513000979995207
20209,-0.44148904699508273
20210,-0.356736187388965
20211,-0.3135546866348594
20212,-0.19676392615830415
20254,-0.7103587896340543
20255,0.22833526326448686
20256,0.7131260052758248
20257,0.23623996800862848
20258,-0.18000076690100805
20259,0.3967828597445179
20260,-0.37681915398286536
20261,-0.5145593408947661
20262,-0.30654596790838995
20263,-0.5352206457450223
20264,-0.38347494449688574
20278,-0.4026832469644999
20279,1.182629883394705
20280,-0.6589055534085593
20281,-0.013837508858488737
20282,0.1701659783183555
20283,-0.29112364055305134
20284,-0.046861549602278604
20285,0.8826238779581189
20286,0.3502372498786438
20287,-0.4866055300705784
20288,0.3833112297323556
20289,-0.40842700581411634
20290,-0.28051374379351646
20291,-0.5882102060818102
20292,0.06129533974342907
20293,-0.6231791984142115
20361,-0.34850423957654514
20362,-0.5566209400633685
20363,0.7808477237761859
20364,0.462945076703132
20365,-0.25624249074044725
20366,0.39392278692076343
20367,0.4957521334976486
20368,0.749447222725104
20369,-0.22491218545673744
20370,0.5215086287406532
20371,0.8764359191769211
20372,-0.056405235189907574
20373,0.007884542559425708
20374,0.06091455863570032
20375,0.0512506293806606
20376,-0.07278711652243378
20419,0.07107138034772285
20420,-0.18140067328728754
20421,0.22129157660161458
20422,0.1514464027890544
20423,0.2986431243040023
20424,-0.618162626237226
20425,-0.043639943739731624
20426,0.26197757689526646
20427,-0.11568383378415592
20428,0.28199896696818805
20429,-0.596859636301351
20430,0.06441036931751423
20431,0.10691495185759742
20432,-0.14413118679164721
20433,1.3327281110464326
20434,-0.047237404268902994
20451,0.03385491723138141
20452,0.08706963960183568
20453,-0.7461346864544033
20454,-0.3804253057509902
20455,0.6054425010519666
20456,-0.21064808346924513
20457,1.345771414832626
20458,0.2953176506581901
20459,0.188441449472883
20460,-0.03446679778872537
20461,-0.18996272676651182
20462,0.3587630328992601
20463,-0.3788776831221448
20464,-0.337411447482381
20527,-0.38680401521624835
20528,0.23597863485648995
20529,0.07280482240770003
20530,0.1915167128279599
20531,-0.30751052093625353
20532,-0.03401905766431153
20533,0.6110618775225398
20534,0.13521793618329947
20535,-0.07832190720825899
20536,0.12912145757910257
20537,0.206306459575483
20538,-0.14088111227883865
20539,1.4031355899616167
20540,-0.6074096229475672
20541,1.2960859763469217
20542,-0.626279257198693
20543,0.07778688410559777
20544,-0.06670242038089232
20545,-0.3589288746195466
20546,-0.12837130028939953
20547,-0.03936576740114092
20548,0.193854491252306
20549,0.3863661178467933
20550,-0.45597522410983243
20571,0.04569342255698605
20572,-0.7536877976221046
20573,-0.18770199243401947
20574,0.35024560998660415
20575,-0.2855363277435835
20576,-0.14101495056047808
20577,-0.19127796038726555
20578,-0.2090136521990187
20579,0.13131646959808135
20580,0.07703137425556003
20581,-0.3619634296844729
20582,-0.41444813424153837
20583,0.1304657773925369
20584,-0.16798125482635842
20585,0.7062812689618136
20586,-0.2729041098885441
20587,0.2171948121481032
20588,-0.18133972805044613
20589,0.17937329355688758
20590,0.11257616180344535
20591,0.057179457269062026
20592,0.39012284144903
20593,-0.5308411257898483
20649,-0.10830196368283598
20650,0.8170340866192987
20651,-0.16046568340218564
20652,-0.18802382960663
20653,0.38192292897183255
20654,0.07075014433170043
20655,-0.5775261965948285
20656,-0.5059297164702852
20657,0.4669763071581251
20658,0.13101951557237837
20659,-0.2577117047160451
20660,-0.15803235339613483
20661,-0.08297738731568383
20662,-0.5071464586550425
20663,0.8999122917295406
20664,1.189854753952658
20665,-0.2100639854458253
20666,-0.04586239862527043
20686,0.6854617489467637
20687,-0.6193554032624193
20688,-0.10552510742237595
20689,-0.08951065717509916
20690,0.07720664833974016
20691,-0.1283662764263519
20692,-0.7135797793653058
20693,-0.0917173566405184
20694,0.12382309707816305
20695,-0.25682504864717925
20696,0.06440731240994114
20697,-0.535247121370994
20698,1.0500995492693344
20699,-0.19116053158350288
20700,0.3203515716558072
20701,-0.05338841026671251
20857,-0.6936575147772778
20858,-0.09651553006371512
20859,-0.35062578494993657
20860,0.8893804102000301
20861,-0.7041460846946537
20862,-0.03314600154208337
20863,-0.1669981982986093
20864,0.3315212046570627
20865,0.889129645880499
20866,0.6925530497898856
20867,0.6664408504703967
20868,1.5398100386838685
20869,-0.28793437714035236
20870,-0.1774848791362961
20871,-0.540381589629586
20872,0.17140425826887473
20873,0.14277319317947215
20874,-0.4432040212075101
20875,-0.20459296916741454
20876,-0.2180483147855511
20877,-0.047608758092631376
20878,0.2187794143302552
20879,-0.15774092196713063
20880,0.031418031134107294
20881,0.08940098657680406
20882,-0.05461716863407848
20883,-0.13032709582918295
20884,-0.13536576631189134
20885,-0.1588330660231314
20902,0.6412910084475689
20903,-0.3677757180100992
20904,0.12672028699393006
20905,-0.027493794460347998
20906,-0.7113305779281467
20907,0.34672842239572293
20908,0.07882350217998357
20909,-0.13008728878898193
20910,0.04608608859392982
20911,-0.5896882943869014
20912,-0.656180499654943
20913,-0.039457368139493784
20914,-0.4335327414829132
20915,0.19970570781915956
20916,-0.7508519565911064
20961,1.229490620759099
20962,1.273841281338894
20963,-0.502145895674639
20964,-0.6334546519981774
20965,-0.5860767330070805
20966,-0.610953322507702
20967,-0.18292727852084967
20968,-0.5220907040255441
20969,0.2974652158949833
20970,-0.2892657725184017
20971,-0.5470552779465152
20972,-0.4459105873182755
20973,1.4264484153184582
20974,-0.4823386664523902
20975,-0.4491354794465836
20976,0.3989668794901144
21020,-0.004413705218985542
21021,0.11690863829286322
21022,-0.08150169437490473
21023,0.02400479104144035
21024,0.6273556422543649
21025,-0.24173805562749673
21026,-0.14259428159710263
21027,-0.056020894569150465
21028,0.07779301084756415
21029,-0.21782132468608667
21030,-0.39882688548883516
21031,0.10660623566955198
21032,-0.11998510815087894
21033,-0.5221459579567075
21034,-0.13972096924395028
21035,0.25515315689998175
21052,0.2538839201755118
21053,-0.00326522808873303
21054,-0.025571467383175173
21055,-0.16244409930991688
21056,0.12877227230182964
21057,-0.29463681351046367
21058,0.058757503872558264
21059,0.1255738518637443
21060,0.28474404174357015
21061,-0.08016613420407773
21062,0.18451435481573136
21063,0.1256799862076849
21064,0.2410862963211751
21065,-0.5280427104099068
21066,-0.6888610440078474
21067,-0.010203981385359273
21185,0.19146724715413463
21186,0.10752148778065403
21187,-0.016817094479182906
21188,0.14707904026293034
21189,-0.14248074999157603
21190,0.4051506486848887
21191,-0.7068538850301113
21192,0.11651649764551822
21193,-0.29650600136245675
21194,-0.164021781163178
21195,-0.7455686458082983
21196,-0.8116150631085903
21197,0.6023171568335219
21198,-0.272744367481952
21199,-0.30295690854839047
21200,0.7610853866217291
21317,0.12437530618358267
21318,0.03675023000370431
21319,0.056265170430446036
21320,0.002183866314425187
21321,0.5698158906438998
21322,0.742327134809756
21323,0.4723493399362912
21324,-0.5946774128941493
21325,-0.28582774393198296
21326,0.04091112706934141
21327,0.6291834239756035
21328,-0.02983803965904927
21375,-0.23069402565664526
21376,0.39337312286418397
21377,-0.597345366386155
21378,-0.13613807452667015
21379,0.09834367232624139
21380,-0.5193748828988619
21381,-0.2910402508747816
21382,0.37115065573591904
21383,-0.46997555765065147
21384,-0.330250718905338
21445,-0.3359635157617896
21446,-0.38607558078421167
21447,-0.7429864446266393
21448,0.251844901662838
21449,-0.46800384811368173
21450,-0.5390205361241549
21451,-0.37597531334257667
21452,-0.27911341819690866
21453,0.9597974614783684
21454,-0.3516652319623473
21455,-0.08689821756959736
21456,-0.42303202618605595
21457,-0.3952979331345091
21458,0.22762691394966472
21459,0.8563015818673371
21460,-0.048092020687437814
21486,-0.015171227152759391
21487,0.3416395142989358
21488,-0.012717953164629654
21489,-0.513021223960077
21490,0.38000951904275565
21491,1.092011478451952
21492,1.010657463462356
21493,0.09960652754803263
21494,-0.40177032406010743
21495,0.020221315993843157
21525,-0.4563749207448935
21526,0.29931172166519737
21527,0.6352531674548793
21528,0.4859695886195971
21529,0.27116289918553543
21530,0.37799950662815107
21531,0.8754326624444568
21532,0.7491707080278518
21533,0.6643137748059196
21534,0.3869721935675202
21535,0.3038465918620718
21536,0.42224361904624763
21537,0.4925685562090116
21538,0.4649773157184589
21539,-0.2339073658695813
21540,0.6873283790447182
21541,-0.041826103037195014
21542,0.663293540546019
21543,0.2175056140354102
21544,-0.6056961079776897
21545,-0.34259414498014007
21546,0.48756864090019053
21547,-0.521534321984814
21548,0.04008188974449109
21549,-0.6335839486677997
21550,0.09929842165565485
21551,0.15006343057108043
21552,-0.1414764586512034
21553,0.0019365581401711157
21554,0.5182669226213854
21555,0.0511961069174987
21556,-0.31870156476951556
21572,-0.21641335981847104
21573,-0.7351714853275174
21574,-0.805495035551037
21575,0.7309065022746717
21576,-0.8626280977790967
21577,-0.23475533484184785
21578,0.6802991844098046
21579,-0.1423597606990848
21580,0.1748488477832271
21581,-0.4542429204503614
21582,-0.29896643635771375
21583,0.038581181093200634
21584,-0.048350763651069384
21638,-0.8814318696188654
21639,-0.17692729908386812
21640,1.678046341338388
21641,-0.3916862207716843
21642,-0.5402082967448868
21643,-0.10615296232149068
21644,-0.1666760656450396
21645,-0.08558610741212844
21646,-0.09792540816507472
21647,-0.8486146691220623
21648,0.7560954569759141
21866,0.20242446201894126
21867,0.7135590274820298
21868,0.07072631074178137
21869,0.3994606356571419
21870,0.9090047630342057
21871,-0.3781877466798672
21872,-0.34121514047435875
21873,-0.011648641114350586
21874,-0.3754437117752789
21875,-0.09526394228518298
21876,-0.5435128985195771
21877,-0.23150084694133122
21878,-0.24556846459703258
21879,0.39374583736125646
21880,-0.3278969010710948
21881,0.18574788881304016
21897,-0.6949957612435784
21898,0.9616158523780602
21899,-0.16071044962388273
21900,0.2765768299270941
21901,0.31328828329320985
21902,0.44352618925818776
21903,0.5458367127074305
21904,0.719833772709327
21905,0.2392118806385824
21906,0.4478113422644543
21907,0.8118771457710846
21908,0.3848703789218121
21909,-0.5797944692255048
21996,-0.5075572667845347
21997,0.5769527234305147
21998,-0.029532821100049067
21999,-0.44684025807043265
22000,-0.2604618999264007
22001,-0.6414274208030313
22002,-0.10129770258157339
22003,-0.09701528249953041
22004,0.26057942985071
22005,-0.24214982480062894
22006,0.3862949762310274
22007,-0.48023543217976894
22008,-0.0900096560538185
22021,-0.059830156141808186
22022,-0.3859910800825233
22023,-0.3250691622609613
22024,-0.12768300308199132
22025,-0.40672951715252703
22026,-0.32093309653572893
22027,-0.40821103817614557
22028,0.6854369161761462
22029,0.08755373502840615
22030,0.022261319149944142
22031,0.062620039565065
22032,0.10943286065585199
22033,0.2707084374451577
22034,0.4317428709444763
22035,0.031518955002145285
22036,0.03421150696783816
22096,0.3261160703485523
22097,-0.4444374490193946
22098,0.5159287362837238
22099,-0.005250805625525226
22100,-0.1791764273290068
22101,-0.008150657388164742
22102,-0.2284028075353045
22103,-0.1228645583052699
22104,0.5380993145141411
22105,0.7093258046043209
22106,-0.19933448378793062
22107,-0.410353694306969
22108,0.18078259050011067
22109,-0.5742020293278906
22110,-0.20785311097080122
22111,0.05678708351735913
22112,-0.049541237176420075
22113,-0.33776237688732114
22114,-0.667573299472376
22115,-0.013253226707337432
22116,-0.25891762512300653
22117,-0.07645052750385622
22118,-0.3677396426276457
22119,0.244710079799357
22120,0.39122885075652164
22121,-0.1815018034669443
22122,0.6931673974029158
22123,-0.3819894273638421
22124,-0.16665428382565411
22125,0.5454263840611604
22126,-0.22931642003738995
22127,0.9619680096190955
22128,0.39346410768915663
22129,-0.08396509014953868
22130,0.22845495801196905
22131,-0.035181653057164974
22132,-0.04259527667384403
22133,-0.39414331371790656
22134,-0.3495243906849886
22135,0.9177013749287479
22136,0.6275514414171337
22137,0.006595757129445032
22138,0.3395792953687301
22139,0.36294461449600496
22140,0.2848894542810487
22141,0.2624137543890803
22142,-0.1606818586049298
22143,-0.4480429847371507
22144,-0.3341150254277017
22145,-0.6234440749301732
22146,0.28787143395114867
22147,-0.04642098624962937
22148,-0.46952400696002927
22149,0.036522228771413326
22150,-0.6626492801076158
22151,-0.24842917141817747
22181,0.2565956378774784
22182,-0.054906045954846175
22183,1.2716927424887312
22184,0.3499659138310356
22185,0.43675558520029634
22186,0.5335141972567594
22187,-0.39242900210682546
22188,-0.027009977704041913
22189,0.6915142102414602
22190,-0.008876859326647418
22191,-0.3965538896477028
22192,-0.4182831915729569
22193,0.14693013308310626
22204,0.1579863927063247
22205,-0.2582213538070378
22206,-0.2133720734885984
22207,-0.0787909486034281
22208,-0.037773879726420836
22209,0.05059582468443767
22210,0.41967332074095404
22211,-0.11556039303898209
22212,-0.3749200676147435
22213,0.19361942389881065
22214,-0.297645960434456
22215,-0.5069527035170792
22216,0.321419427037495
22217,-0.14388735376815182
22218,1.1797969889148312
22219,-0.3721148714813677
22220,-0.40454528061502837
22221,-0.32003791302564727
22222,-0.3168775121001862
22223,-0.3042784691643368
22224,-0.2577170845809797
22225,-0.061640225736931474
22226,0.901422133313191
22227,-0.3418499071922319
22228,0.19017536992788542
22229,0.006240836251117231
22230,-0.3511168006888323
22257,-0.7351904087666674
22258,-0.7343206707282255
22259,0.42407358650960464
22260,-0.4623716529836205
22261,0.003556617810569665
22262,-0.5147263263185811
22263,-0.29477880375987575
22264,-0.5743339562391079
22265,0.41615871304494767
22266,-0.47811837313833205
22267,-0.3307999552310083
22268,0.3294097970952778
22269,-0.12451435182817201
22270,0.054968914563693905
22271,-0.11417192504873137
22361,-0.5015054407157532
22362,-0.4293934838133568
22363,-0.7988197707888902
22364,-0.4121896519013034
22365,-0.10514847002223558
22366,-0.1411437736206966
22367,0.034882544496776635
22368,0.5706539981269536
22369,-0.3680705147870846
22370,-0.03180469087779343
22446,-0.615221048758761
22447,-0.635237915359101
22448,-0.14542897650537895
22449,1.224281784162019
22450,-0.29254939772264704
22451,-0.041627833801502576
22452,-0.6495378541775623
22453,-0.4032520715701655
22454,-0.4927450123035481
22455,-0.6023593108884048
22456,0.14110768114988498
22457,-0.5581363900976488
22506,0.4061922490742641
22507,-0.28074107156623346
22508,-0.12657044628759506
22509,-0.6283585114397083
22510,0.615855540291883
22511,-0.33486942990146296
22512,-0.5946654906329103
22513,0.24100691998463508
22514,0.7549108643112061
22515,-0.3523983202167661
22516,0.6482791369076412
22561,0.023983615946785553
22562,0.45920225387348135
22563,-0.1246755634081444
22564,0.04476548241923759
22565,-0.30785735915206824
22566,-0.14953069501781815
22567,0.44487482181878635
22568,-0.20895961779371547
22569,-0.46640547215636474
22570,-0.35203690907406016
22571,0.8174842984694386
22572,-0.15556616488419814
22573,-0.3752669758026666
22574,0.36765225249943323
22575,0.34862974478156783
22576,0.09646024820601905
22577,-0.37843203233692424
22578,-0.3964005628365386
22579,-0.13175656074111242
22580,0.6162784185422803
22581,-0.3862288642509669
22582,-0.25746732685940205
22583,-0.492437021930385
22584,0.03293592003702658
22585,-0.6846755456501801
22586,1.0006127202959225
22587,-0.48707608800118984
22588,0.20235895388704261
22616,0.27219092231304337
22617,-0.049239767822323574
22618,0.08362172141010005
22619,-0.0991162580968719
22620,0.3390844055415311
22621,-0.09485180432539023
22622,-0.7609066931469779
22623,0.39623013697819165
22624,0.5623820689268957
22625,0.2715071723482976
22626,-0.5225991652373476
22627,0.0261012962045942
22628,0.5370742175436214
22629,0.8847231123288415
22630,0.260217941961412
22631,0.47731991129143836
22632,-0.7532044596945042
22633,-0.2160092218996209
22634,-0.35299305596207975
22635,0.06992907674751196
22636,-0.09004156666873869
22637,-0.5113104159586865
22638,-0.3054578898558514
22639,-0.7024843449334373
22640,-0.6061162740467589
22641,-0.6447608977936558
22642,-0.014723736676342303
22643,0.46612080653365107
22644,0.43410407631913767
22645,0.7467279056125109
22646,-0.24565216525952427
22647,-0.06993356704265295
22648,-0.7526689947645436
22649,-0.8145617686501407
22650,1.0642364744619384
22651,0.37390218798806363
22652,0.9623030408154901
22653,-0.4231822195427263
22654,0.762791665151902
22655,0.586791956528356
22656,1.379028572995097
22657,-0.8660566219904755
22658,0.9136644106466004
22659,0.6962857391754398
22660,1.3370928037917025
22661,-0.764616202638914
22662,-0.7574151028046512
22663,-0.5305065717455295
22680,0.23221455546221537
22681,0.3107908594208195
22682,0.06084519121108989
22683,0.017666442751846645
22684,-0.1544359823161504
22685,0.17070850071232843
22686,-0.4790688080187603
22687,-0.02770434295225671
22688,-0.07978900559803265
22689,0.10384135561376814
22690,-0.19957820390638076
22691,0.28861815855574596
22692,-0.48255533409980145
22693,-0.27629468267418666
22694,-0.0433810588258179
22695,-0.06586681397043355
22747,0.3188723160489971
22748,-0.1656761490910568
22749,0.47967386586175953
22750,-0.3803064331982334
22751,0.08313771101072454
22752,0.2545230869224991
22753,0.6781625076129321
22754,-0.4994509992755042
22755,0.28207183022711796
22756,-0.10743256686052743
22757,-0.4156053826960077
22758,-0.7509272239831415
22759,-0.46734809575626174
22760,-0.7838501202090071
22761,-0.48233946967784064
22762,-0.7940444240145476
22801,0.28553393106290437
22802,-0.4482195694099777
22803,-0.32032801508246506
22804,-0.1541340641025962
22805,0.14501100554866642
22806,0.009327687967526782
22807,-0.7553430797212795
22808,0.10101174836134573
22809,-0.12260399377716485
22810,-0.4823666201790626
22811,-0.401752532669418
22812,-0.561123731082834
22813,0.2668621561170863
22814,0.2619071885560977
22815,0.724772712337215
22816,0.2410393124208549
22817,-0.17579483831725157
22818,0.018949412564562784
22819,-0.18581491485429402
22820,0.22480591965615931
22821,-0.12266010996190918
22822,0.028220610242697758
22823,0.6881934626928758
22824,0.03221041501933314
22825,0.01392474103650411
22826,-0.015370498673221059
22827,0.036139025855614584
22828,0.3785731148764927
22829,0.0909642877695755
22830,0.3048232462412047
22831,0.0780182104148962
22832,-0.31684057640914726
22833,0.013202318602089175
22834,-0.7295534745955544
22882,-0.06696855975009795
22883,-0.7878872234286756
22884,-0.671949952543575
22885,-0.47361640413989253
22886,0.7531725514370271
22887,-0.31432159629917983
22888,0.48359750099425214
22889,-0.7025907662391834
22890,-0.852687585556565
22891,-0.2532401941432184
22892,-0.049133614147522625
22893,-0.16023137178737545
22894,0.0577187814466378
22895,0.9080603046541158
22896,0.4504439267136602
22897,0.8437443474111225
22898,-0.4709496833323701
22899,0.03471446311308235
22944,0.34059583662582404
22945,-0.06082231550189321
22946,-0.5403337146483999
22947,0.022581294319677883
22948,0.19966408138957142
22949,-0.6292593010662655
22950,-0.4159070658853831
22951,-0.5573633548498012
22952,0.09915023859237411
22953,0.6214611483882448
22954,0.12787255903778316
22955,0.5808001378315567
22956,0.1401653748423389
22957,0.5538995155525563
22974,-0.018322264527404097
22975,0.4259916428260414
22976,-0.047526098450106025
22977,-0.7855194313878529
22978,-0.705907901243867
22979,0.4432807884954755
22980,-0.3214634889872452
22981,0.3079897028589553
22982,0.5151722134299217
22983,0.08925716347752835
22984,0.03212863562700802
22985,0.16756743513112127
22986,0.07903287153158997
22987,-0.4119172547118768
22988,-0.6235994969137972
22989,0.22315859811049388
22990,0.7405735366265354
22991,0.023720776023029286
22992,-0.5504182519746159
22993,-0.3001599922253671
22994,-0.13631601868366972
22995,-0.21954006262067718
22996,0.014283164167187473
22997,-0.44383005565501504
22998,-0.4479322961256321
22999,-0.036075413887689076
23100,-0.46469212805370974
23101,-0.07096819668730375
23102,0.11088544554595986
23103,0.6271775397266443
23104,-0.3637441753881021
23105,-0.668094390916214
23106,0.04826007135658488
23107,1.1607288235876596
23108,-0.7118425523654484
23109,-0.426366287410798
23201,-0.6936851779778466
23202,-0.5070675555201756
23203,-0.35695580999693893
23204,0.0008111575860360737
23205,-0.4194006176601166
23206,-0.5408452190044946
23207,-0.48172053351774774
23208,0.11259136480248774
23209,-0.30983389288725316
23210,-0.059356374882564525
23211,0.4063315021573302
23212,0.6152434286375594
23213,-0.7339233555623196
23214,-0.0067416496539765974
23228,1.2749070840475378
23229,-0.6408271090448711
23230,-0.26970774080128757
23231,1.0688177176711313
23232,-0.06349372014325969
23233,-0.48660017150877694
23234,-0.19287677860036162
23235,-0.45244890838753354
23236,-0.35240177734721423
23237,-0.2803543707023464
23238,1.4699359965154788
23239,0.612370699645735
23240,-0.2940854569537577
23241,-0.09315566703884287
23256,-0.04840935499815931
23257,-0.0004589344143337143
23258,-0.41910634364542493
23259,-0.2805175095938845
23260,0.22801351921437346
23261,0.033114201678194496
23262,-0.03823255792111979
23263,0.22430218749635017
23264,0.3856210194990487
23265,0.2866758197976431
23266,0.5216888627744837
23267,-0.6059937011576175
23268,-0.12992231387256975
23269,0.5335341730745844
23270,0.22511203830817295
23271,-0.0720825830344604
23272,0.35915963513559923
23273,0.5838111606166283
23274,-0.42542466397252493
23275,-0.4682488255861733
23276,0.7645575808989777
23277,-0.21139519833032527
23278,0.03443444185209726
23279,0.317837951836755
23280,-0.12288718808659982
23281,-0.047611448582560986
23282,-0.03699365619889329
23283,-0.1368416017788075
23284,0.11247434262878042
23285,-0.31823284140995733
23286,-0.04850891983127219
23287,-0.5346600880196473
23288,0.33031471236345666
23289,0.35558435455557746
23290,-0.5840093694080816
23291,-0.049085638889886526
23292,-0.36961187373963694
23293,-0.17871486806006248
23294,0.062343232043479316
23295,0.14634961499970017
23296,-0.3070653067113114
23297,-0.340705680678281
23298,-0.689911871701695
23299,-0.028170311153472502
23300,0.6432809082025944
23301,-0.2789288813130552
23302,-0.23687536726070998
23303,-0.2691122076643425
23304,0.5384676947349967
23305,-0.4530864759350182
23306,-0.15095781598688895
23307,-0.1702027789291494
23308,0.12438865162792029
23309,-0.6028843487821406
23310,0.6583137480003981
23311,0.7635769431906257
23312,1.0756711715570006
23313,0.03740706023194204
23314,-0.28795132007299207
23315,-0.5026906799123058
23316,-0.6708097587671428
23317,-0.3430380714336368
23318,0.6827101239130163
23319,0.42535303294922666
23320,-0.2105201480487472
23321,-0.20995283692752564
23322,0.11287101425900845
23323,0.15688927017670334
23324,-0.5048839438272993
23460,-0.2145747758705846
23461,-0.47208815115491615
23462,-0.42320393712859977
23463,-0.06538081920560258
23464,0.7556371089472733
23465,0.22977203065672205
23466,0.5663298656143836
23467,-0.5680009701937342
23468,0.3415578125512228
23469,-0.1380849004635481
23592,0.26920949118789383
23593,-0.15700749817326218
23594,-0.7403259698554073
23595,-0.33911872971823825
23596,0.3088932268506763
23597,0.6153232983883061
23598,-0.1493835790390302
23599,0.27983058836625874
23600,-0.18601207308335638
23601,-0.15488918591912626
23602,-0.12423896023021104
23603,0.39325303772220577
23604,0.4918080341762656
23605,-0.5309758521642806
23616,-0.5302320749079513
23617,0.006369365085946127
23618,-0.18996533416538977
23619,0.45799027522886226
23620,0.7437849965021438
23621,-0.07257672929865051
23622,0.3827817514660605
23623,0.06735489862762456
23624,0.8477517449961227
23625,0.03989893571800688
23626,0.38604079175544126
23627,-0.11400896088060827
23628,-0.338575181640283
23629,0.527467540440614
23630,-0.07053854973519036
23631,0.16471213725122857
23659,-0.011252627949922767
23660,-0.3360757650254453
23661,0.34241855609443383
23662,-0.18632957819039164
23663,0.22907208645626073
23664,0.21081362630133538
23665,0.04887126391068046
23666,-0.1199710755521567
23667,-0.05712554271791909
23668,-0.22920592493852485
23669,-0.011540188541551519
23670,-0.10911378985643712
23671,0.11386543512726437
23672,-0.46550063157074356
23704,-0.18067223734074353
23705,-0.09511585692660045
23706,-0.2000906887195521
23707,-0.5238895543152372
23708,-0.4700765065021682
23709,0.24222455774786836
23710,-0.0072647323832411015
23711,0.7301488680658472
23712,0.37893387879844775
23713,0.3368203618426042
23714,0.02130188300099639
23715,-0.2630541221312227
23716,-0.04445543489520189
23717,-0.2060039111007533
23718,-0.1528105407887384
23849,0.04466614625038113
23850,-0.6477002653804843
23851,-0.2436620387441862
23852,0.18327052068508112
23853,0.07699702050641898
23854,-0.17025111482461805
23855,-0.15094699824338936
23856,-0.2048422688503968
23857,0.6394716223056851
23858,-0.5494795199675113
23859,0.34857109486363635
23860,0.5233791653016535
23861,-0.13545751123400052
23862,0.9101695796986218
23863,0.530529977517062
23864,-0.3902877482571506
23865,-0.49896786716246544
23866,0.7177198588421527
23867,0.6653198564077429
23868,-0.42524501722846964
23869,-0.3023487253801013
23870,-0.18400211229444402
23871,0.05485814819368841
23872,-0.3183432484962814
23873,0.5359190287211113
23874,-0.3697151529775663
23875,-0.10018782658812295
23876,0.1015904817525109
23877,-0.1588325121342625
23878,0.46376233387766763
23879,-0.2359887251511001
24006,-0.1652446244264642
24007,0.20932925727295326
24008,-0.48386400701277105
24009,-0.12306175824286644
24010,-0.07439334645003635
24011,0.49496687211117524
24012,0.03299390011109886
24013,0.43117236485899446
24014,-0.28994721000516804
24015,0.6312178814215603
24016,0.13824167948900856
24017,-0.34796916703652075
24018,-0.38600557778611727
24019,-0.2907435867420321
24020,0.20050190593831047
24021,0.1510979056835146
24022,-0.26566856099085673
24023,-0.48389404768980715
24024,-0.09395115116506168
24156,-0.11372561443827203
24157,-0.40582726279618947
24158,0.326428774011125
24159,-0.03998660957350428
24160,-0.10871035908789409
24161,0.22422899530101542
24162,0.18647761380871541
24163,-0.276662339151013
24164,0.04211502808468251
24165,0.6795860756937429
24166,-0.1146654758539701
24213,0.35630418417168636
24214,-0.46130382207898035
24215,-0.28449026645586345
24216,-0.33149981609957263
24217,-0.02426937061445196
24218,-0.5300836608621117
24219,-0.6312783387378958
24220,0.28710447975642944
24221,-0.6558640572515111
24222,-0.5459094245868856
24223,-0.7482458597829688
24224,-0.45934592327412826
24225,-0.5487752012927418
24226,-0.7729295458293377
24227,-0.6257827807575579
24228,1.3588973909950492
24229,-0.720952007145838
24230,0.5667226190404119
24231,0.6374537400981195
24232,0.1801055643627362
24233,0.6229502180778898
24234,0.1358547581330248
24235,0.4510863505482432
24236,0.8242362184674361
24237,0.5612047832803355
24238,0.4903887025134599
24239,0.38476528730327386
24364,-0.27043038988923157
24365,-0.18817785976434068
24366,-0.06573141812684895
24367,-0.34547649696732213
24368,0.13171807341436598
24369,0.7079880466694359
24370,0.12064402005628239
24371,-0.5051006270566266
24372,0.3600460676029986
24373,0.059573948066056294
24374,0.33518463844500945
24375,0.030714196239483793
24376,-0.318464053400932
24377,-0.03601853974844273
24378,0.20951316164818948
24379,-0.28792822092920956
24380,0.07268717046177667
24423,-0.17326204033860332
24424,-0.022629300093719593
24425,-0.008583309094189792
24426,0.9950613194781099
24427,-0.28439843703022055
24428,0.2270653753766898
24429,-0.774086295905512
24430,0.22058871114143036
24431,-0.255919846188852
24432,-0.08661620474314911
24433,0.716406850842299
24446,-0.8868264930031975
24447,-0.413519035334015
24448,-0.4893032539380369
24449,-0.34829491798888734
24450,1.6291774341334504
24451,-0.4027567417573445
24452,0.9703239213767896
24453,-0.4641672579270257
24454,0.851967503090971
24455,0.05567894831024845
24456,-0.20209228368274296
24457,-0.23004065071017196
24458,0.04631627693888106
24459,-0.1380567881020109
24460,-0.5519401807852985
24461,-0.20275682545686682
24462,1.2336558474387833
24463,-0.621597390950048
24464,-0.5181659016430532
24465,1.5399941114912339
24466,-0.5099971287304189
24467,-0.7707858628650602
24468,-0.1865212315068086
24543,-0.426335534459183
24544,0.3448045164737128
24545,-0.013808451786163564
24546,0.3902883888640258
24547,-0.26048958422768775
24548,0.3548802148787079
24549,0.5605025847865169
24550,0.04864261891806827
24551,-0.5466224177901353
24552,-0.430067884932553
24553,-0.646056444947249
24554,0.11568834006038627
24555,-0.47290905767154584
24556,-0.40971292680857613
24557,-0.4830195108204115
24649,-0.4429571796871204
24650,-0.508363182239783
24651,-0.0037284246362579987
24652,-0.2568168315648867
24653,0.24083415925780738
24654,0.03213305091978623
24655,0.979431921882717
24656,0.2584463360964365
24657,0.6720251704029142
24658,-0.17662854975342956
24659,0.4517571917299529
24660,-0.014217775823343007
24674,-0.7848495704349977
24675,-0.26474348928159286
24676,-0.5116185821346738
24677,-0.28842417682479304
24678,0.2768118852095553
24679,-0.1675559553079038
24680,-0.22977544212992082
24681,-0.672219214852667
24682,-0.21305964724922927
24683,-0.8061470292488346
24684,0.4579119045163599
24685,-0.07489449755688787
24686,-0.1335823141105812
24687,1.0405056113969167
24688,0.6054720867140354
24689,0.7985946768924466
24720,-0.702622085115538
24721,-0.3564002344683792
24722,-0.21214103172727047
24723,1.1601740095163293
24724,-0.42242813518157457
24725,0.2347769713593051
24726,-0.4973965084850733
24727,-0.6433213992022933
24728,0.09540762302539726
24729,-0.5897046613947908
24730,-0.5167157783291422
24753,1.0450095497714351
24754,-0.05960291429555502
24755,-0.9371481699136957
24756,0.4861033946496471
24757,0.7258668534031696
24758,0.3217358504535067
24759,-0.1350175161958625
24760,0.13803832325126733
24761,0.4901941458310125
24762,0.4629074394313272
24763,0.5310623436425361
24764,-0.29651688958904737
24765,-0.15949564892028995
24766,0.10282579211525787
24767,-0.5455848172933113
24768,0.34907351947355714
24769,0.02354746703577744
24770,0.4881935922223346
24771,-0.09090015578455306
24772,0.011292058466075422
24773,0.27680264536213184
24774,-0.4769056187218435
24775,0.19205469641571143
24776,-0.04599791114401994
24777,0.16904998835599466
24778,0.035085901097661756
24779,0.049163493208416995
24780,-0.11161614690540778
24823,0.07379552388285787
24824,0.5436749398773622
24825,0.05734083265721409
24826,-0.014808882459509176
24827,0.43137916542024496
24828,0.06128329627440057
24829,0.3595485687527747
24830,-0.22281680119035657
24831,0.14381204706882472
24832,-0.4456569164426982
24833,-0.13936378938936872
24866,-0.3261474898599481
24867,0.08147229125018618
24868,-0.08716263359803397
24869,0.5284223262804193
24870,0.3731569053411334
24871,0.0011435081958197368
24872,0.35309007272734527
24873,-0.27024993057397745
24874,-0.17551110041901025
24875,0.28634037410151
24876,0.13022986723189697
24877,0.21104304810009072
24878,0.14979791503418088
24893,-0.03277966751843221
24894,0.13951411713864603
24895,0.11250845491879478
24896,-0.27509078870165643
24897,0.6000415510806507
24898,-0.038670705288788076
24899,0.2125030496802227
24900,-0.03856069736160772
24901,0.05091476730469228
24902,0.10585060124312366
24903,0.2599486178762522
24904,0.024212951365480323
24905,-0.1861640715453423
24906,0.30433893729928757
24907,-0.5724283429405465
24908,-0.42680304109749156
24909,-0.24085555841307268
24910,-0.16622926546511563
24911,0.6150425420426175
24912,-0.14340625838581794
24913,-0.04367442755699666
24914,-0.3534123955844347
24915,-0.2194672331866525
24916,0.2936239801677095
24917,0.04385626115898536
24918,-0.20725614792858418
24919,-0.1919658101867598
24920,0.9309144528500017
24921,-0.02733524209612903
24922,-0.16305830263023066
24923,-0.6440423627307461
24924,0.697753065025658
24925,-0.024022240711512585
24926,-0.3456085813717623
24927,-0.5607643063411798
24928,-0.44354837362348287
24929,0.0765524025256929
24930,0.13544283691824538
24931,-0.04796284155287564
24932,-0.06371642504043769
24933,0.6829076190717469
24934,0.23179723870663516
24935,-0.42885106640562476
24936,-0.22718460913168778
24937,0.07629809272711965
24938,-0.07611540126530122
24939,-0.11968364620464207
24940,-0.25299824889746897
24957,0.0179401385302332
24958,0.14179694002625942
24959,-0.2590567454770063
24960,0.01649022256028705
24961,-0.618652004575404
24962,-0.4934339756398657
24963,-0.15072191487923042
24964,0.6824807415914416
24965,-0.1808401222911864
24966,-0.14547491269773524
24967,-0.2878288537462515
24968,0.30870795292179065
24969,0.0990562416151853
24970,-0.6022442922292933
24971,0.18056958203727547
24972,0.319559281715748
24994,0.20423135011487498
24995,-0.09670709905548257
24996,0.4298717913548309
24997,-0.14540893240815317
24998,-0.25142508962309135
24999,0.4456776837640335
25000,-0.04530913809753816
25001,0.6428874947992367
25002,0.35139003613485265
25003,-0.33178434753882524
25004,0.5145375900083312
25005,0.3107754285574559
25082,-0.4527743371780803
25083,-0.4272346874981259
25084,-0.39300662115501256
25085,-0.33188616704462953
25086,0.3654879172126668
25087,-0.2024515521359751
25088,0.37863955193027604
25089,-2.6756570683163228e-05
25090,-0.5085008967202883
25091,0.017264301989304405
25092,-0.09415389131852718
25093,0.27360743833853574
25094,-0.3706596659517212
25095,0.22911276635515632
25096,1.2039098915957278
25097,0.035711388118729315
25147,-0.5197471971442157
25148,-0.7473988637950616
25149,1.33465496952646
25150,-0.0704145223975082
25151,-0.41249844222338145
25152,0.6136960462757218
25153,0.06087407217214902
25154,-0.8072084739331213
25155,0.07434252254257515
25156,1.1753585002322768
25172,-0.09954033873263378
25173,0.41176123415573695
25174,-0.026792457288274577
25175,-0.38780042933059045
25176,-0.5427665736621446
25177,0.7034124678461551
25178,-0.10515333306879852
25179,-0.34140342896604436
25180,-0.16510851413259045
25181,0.11429573337369389
25182,0.4589724735802791
25208,-0.15266121282706924
25209,0.12341871161860471
25210,-0.32710903966126603
25211,-0.21505625695346708
25212,-0.30727821103186215
25213,-0.2966534627891558
25214,-0.13477133766961188
25215,0.9047213514486419
25216,-0.5282587908109674
25217,0.270299735353098
25218,0.2897827063432991
25219,-0.16766257651814073
25220,-0.15947463982804094
25221,-0.5299426284712704
25222,-0.19943448181471662
25223,0.2880583812468048
25306,0.004339188100927732
25307,0.14277862253478876
25308,-0.5923060174423653
25309,0.15729762433137115
25310,-0.07268237463589196
25311,0.20703564599288599
25312,0.277179730340185
25313,-0.012527092127809988
25314,-0.3005704655449657
25315,-0.41652391594890714
25316,0.5678231235424092
25408,-0.09930566838303946
25409,0.12562198634418645
25410,0.06118268429107865
25411,0.2565717816276557
25412,-0.11711994698580934
25413,-0.3299250305432436
25414,-0.3079057596835665
25415,-0.3310962654637372
25416,-0.18253698900076773
25417,0.21387864191952602
25418,0.01713564382774771
25419,0.19411002884376377
25467,0.09890207868985314
25468,-0.11905005435998597
25469,0.8737083771241207
25470,0.28573390802670073
25471,0.050291977824372884
25472,-0.5602572713212879
25473,0.03676413418811067
25474,0.4333706649925577
25475,-0.2000415825276074
25476,0.06306344406387153
25595,-0.1305028144181419
25596,-0.4825754365339789
25597,-0.6806206705509259
25598,-0.6837725121181634
25599,-0.15435000895958464
25600,0.24450115755130797
25601,0.2745789098345093
25602,-0.0727310502602817
25603,-0.35451495673385175
25604,0.19298815012134451
25605,-0.7059777673935623
25606,0.5568993242611904
25607,-0.15417140283223152
25608,-0.39400898233381065
25649,-0.4582574838670146
25650,-0.33036496888734346
25651,0.13758189483803795
25652,0.45842465973632235
25653,-0.4235053344057592
25654,-0.7773029044548885
25655,-0.2162581165982782
25656,-0.665761574728111
25657,-0.4591894918050796
25658,0.34160029016838067
25659,0.07740365393785055
25660,-0.13066942805451115
25681,-0.11519364693250568
25682,0.28069580674445715
25683,0.28944586264108396
25684,-0.17597418222569927
25685,-0.3327663772247909
25686,0.2739482629295892
25687,0.9993060452640978
25688,-0.36869048209672256
25689,-0.3532582705973517
25690,-0.7750113320459908
25691,0.4825854855196754
25692,-0.6967929666692686
25693,0.2596558789658002
25694,0.022617994082316878
25807,-0.1956246514371068
25808,0.5748652063888235
25809,0.8199478860413456
25810,0.26311369832601683
25811,-0.5206469542014047
25812,0.3442182179801443
25813,-0.33376585822598204
25814,-0.2218966043219514
25815,-0.2518339787845916
25816,-0.5998770054894739
25817,0.019781153657115816
25904,0.5478380335413295
25905,0.8364507675083581
25906,0.40869296510112185
25907,-0.4222267924650959
25908,0.3466007062474241
25909,0.25683727043811755
25910,0.4657050644969162
25911,0.02116954669521949
25912,0.6461503256571441
25913,0.25650311439483103
25914,0.11098064438639178
25915,0.5454295069003573
25968,0.08188561276703593
25969,-0.4653587935446269
25970,-0.05942351586868188
25971,-0.37836228936494226
25972,0.038398799042014375
25973,-0.29135282350834507
25974,-0.09261120962976119
25975,0.2175463815509594
25976,0.34887849776463437
25977,-0.2297392053888
25978,0.05691451749533155
25979,0.9115210378561653
25992,0.18984051462928098
25993,-0.616901594394052
25994,0.22695173035640326
25995,-0.7179379367580263
25996,0.06956159360329323
25997,0.1689291239059399
25998,0.0719198205438836
25999,0.12922296708078598
26000,0.5097475604209747
26001,0.3743689066446515
26002,0.1724092314156095
26003,0.03953232298289798
26004,0.14834144700492619
26128,0.6053449576597706
26129,0.37864727703436407
26130,1.1206536947009704
26131,-0.5495299892523916
26132,0.5728121654313387
26133,0.9178773516956014
26134,-0.040065134912239606
26135,0.9915207687322846
26136,0.6733154001218677
26137,-0.24241139893375882
26138,-0.2030215641625408
26139,-0.21601934432828748
26140,0.23067573437130323
26141,-0.19063293461767786
26142,0.07748633446230214
26143,0.2452321327449022
26144,-0.19408021658231742
26145,0.15597526502473674
26146,0.24769416954874746
26147,-0.7632044957657507
26148,-0.31246009601669733
26149,-0.18356630621748746
26150,0.6535316974823228
26151,-0.021473872570384425
26152,0.679397837137283
26153,-0.4713479703093565
26154,0.14334307845212454
26155,-0.15512114134679456
26156,0.038508900491983064
26157,-0.44026511938276014
26201,-0.5640908257488184
26202,-0.2878396919317071
26203,1.077523516134093
26204,-0.2431122962799208
26205,-0.45426619289438513
26206,-0.1726820024429707
26207,-0.18141272591880514
26208,1.0548216999430697
26209,0.2922790615539854
26210,-0.22747153901767264
26211,0.3554650392419244
26212,0.04523595903394627
26213,0.3006333143262189
26214,-0.02217111748401382
26215,0.5837264466506181
26216,0.2711983343933822
26217,-0.022271905732932265
26218,0.21163748319770748
26219,0.16263582552401348
26220,-0.09433724654073562
26221,-0.04350507174901411
26222,0.5444619323433046
26223,0.23164763302247082
26224,-0.008309146756264554
26225,-0.6854568367353365
26226,-0.2439458383418603
26227,0.04144166239872481
26228,0.13955173866940157
26267,0.3244396927972475
26268,0.1107943790888934
26269,-0.1453802358581515
26270,0.6704918223410004
26271,0.13682637337182676
26272,0.14472117139545854
26273,-0.06415267370961371
26274,0.1952929419603039
26275,0.31101689888680006
26276,0.1724436980711721
26277,0.05742845624816789
26278,-0.5075643228923566
26279,0.9059753778691755
26321,0.12821583387074686
26322,0.2295451634202593
26323,0.10771491920440972
26324,-0.15196703677395956
26325,0.49335251435654964
26326,0.20081009812217065
26327,0.10421240208460986
26328,0.29712315772179787
26329,0.29377827378921695
26330,0.36186103078063303
26331,0.404502047131705
26332,-0.11345872197941567
26333,-0.2389144867791799
26334,0.11218812723825855
26351,0.08421318051731656
26352,-0.08883590494085193
26353,-0.07156923924449911
26354,0.6759831916119607
26355,-0.14921086937438388
26356,-0.10139062324743893
26357,0.1327730635389886
26358,0.2454751301719451
26359,0.9363574790880593
26360,0.2691098696640704
26361,-0.40892606332552606
26362,-0.6039198608892483
26363,0.39226163714373924
26364,-0.0937301487243681
26365,-0.5388635599070608
26366,-0.06297795943136196
26410,-0.09925100545765109
26411,-0.22179286470205434
26412,-0.5027326866349671
26413,-0.2777015099719932
26414,-0.0901757733466129
26415,-0.12760297136763782
26416,-0.9270939600638064
26417,-0.49931770854960167
26418,-0.3520613736919258
26419,-0.2704485297898495
26420,-0.6436515041079724
26421,0.8437771298587742
26422,-0.20398298445999946
26423,0.7692526844633576
26424,-0.24169113952326746
26491,0.17338227272569517
26492,-0.5570124997327397
26493,-0.16127866030637855
26494,-0.4574945739791696
26495,-0.49434984100640206
26496,0.05326720654539858
26497,1.094345073832105
26498,-0.609133790576064
26499,-0.6893555377716177
26500,-0.7004505667327412
26501,0.11975283678361501
26502,-0.5915340773374071
26503,-0.4695951162651182
26504,-0.12876194180127465
26558,-0.4181126728525133
26559,0.18934491688824762
26560,-0.22695761837172593
26561,0.5970394978802065
26562,0.7414137278118813
26563,-0.8493454870907571
26564,1.1567989332868618
26565,-0.3523248888049133
26566,-0.5185012494314689
26567,-0.4848561336607496
26568,-0.0512660895204983
26569,1.2672641250699537
26570,-0.34060362594998866
26571,-0.7965462146096245
26572,-0.5581129200563252
26573,-0.4098731303510204
26574,0.19017607975199885
26575,0.31261233201386684
26576,0.18871323520188749
26577,0.5722783428992156
26578,-0.32280438047466686
26579,0.19198710654120613
26580,-0.3090649946551481
26581,-0.7676340026409951
26582,0.1101038945625831
26583,-0.5636348854996268
26584,-0.525749619797617
26585,0.0939894913182623
26586,-0.10204316196845925
26599,0.6030179060897493
26600,0.6124336296990858
26601,-0.2404781113797202
26602,-0.34363891120028384
26603,-0.07586772933074791
26604,-0.6751859124799828
26605,0.02943355921624559
26606,0.10980094235169914
26607,-0.4284175786960816
26608,-0.33808114515884113
26609,-0.0045443777923381695
26610,-0.54563945541216
26611,-0.2054925173101375
26652,1.0263443924523488
26653,0.05153672236185565
26654,-0.46697808657173107
26655,-0.009717775680153501
26656,-0.04011402836534904
26657,-0.48952817207209365
26658,0.6915155837403848
26659,-0.5330841125241745
26660,-0.600280541894461
26661,-0.660675534112255
26662,-0.5794165365643559
26663,0.888536303895798
26664,-0.317195072144067
26665,-0.5493868958424981
26666,-0.4175702363967493
26667,1.1064584950351717
26668,-0.45977586637256984
26669,-0.26518440700194124
26670,0.0807448397744247
26671,-0.35982598190723747
26672,0.29926708375896655
26673,0.09213381843140278
26674,0.9978406843531682
26675,-0.8613735608155202
26676,-0.1431166184306816
26677,-0.02318827685896563
26678,-0.012060402856688149
26679,0.15287117825341523
26680,-0.7699379850878417
26681,-0.42133785652557354
26682,-0.4496422029220807
26683,-0.4044003654439382
26700,-0.2890857754853818
26701,0.031245238562196655
26702,-0.035232743060711016
26703,0.6148166350928588
26704,0.09170615845346115
26705,1.5156531541704499
26706,-0.5143800941246837
26707,0.23296544809522424
26708,1.4207611055426121
26709,-0.05773198761682778
26710,0.6089800569157413
26711,-0.11399184934277619
26712,-0.16566723617712706
26713,0.2763941368928353
26714,-0.16508024788171632
26715,0.26775291471673146
26716,0.35051080535878854
26717,-0.3769451751713626
26718,-0.13823096027219423
26719,-0.38998580119870396
26720,0.14007733766643304
26721,0.08061010021578567
26722,-0.6024242009003745
26723,-0.15178134319516257
26724,1.2340539368638386
26725,-0.055073653617833375
26726,0.23441100820780705
26727,0.9579888536672183
26728,-0.8608619996463742
26729,-0.5639497232873898
26730,-0.552479692997356
26731,-0.2752962460751526
26732,-0.7475889186197502
26733,0.20687774543498777
26734,-0.8635788228330619
26735,-0.3827640700180241
26736,-0.5681993131448281
26737,-0.41605251399713916
26738,1.2106389892655653
26739,0.22185839361398058
26740,0.06624875908570482
26741,-0.09805624550794864
26742,0.496015048234673
26743,-0.1107996833823438
26744,-0.33923061582946407
26745,0.08501135738350014
26746,0.029304277534383534
26747,-0.2273936284327094
26748,0.002704035995273163
26749,0.02627665511555434
26851,-0.48050195473298624
26852,-0.39406754350765016
26853,-0.25134218846426504
26854,-0.5134218026384835
26855,-0.1814539557474547
26856,-0.2187955593744025
26857,-0.7266313396548467
26858,-0.15163405289389686
26859,0.6250208015132267
26860,-0.3111870605962115
26861,1.2880108272032964
26862,-0.3585824980484855
26863,-0.6237275334699488
26864,-0.6101305975863833
26865,-0.6436374758115883
26866,-0.4008043625037502
26883,0.13623994717706617
26884,-0.22974041456329494
26885,-0.16221762946643234
26886,-0.2610942953654738
26887,-0.4356401295998452
26888,-0.5474985679247352
26889,-0.36295852912093296
26890,-0.4555163143080793
26891,-0.5878933875872835
26892,-0.3292359530181687
26893,0.4094862327668175
26894,-0.15415124045470197
26895,-0.04011986925320235
26896,-0.5909619100922554
26988,0.141949970928918
26989,0.21881913578149917
26990,-0.12724827327351648
26991,0.2030163548313178
26992,0.6751298869670685
26993,0.19006682659539853
26994,-0.494437188235857
26995,0.03210625796394878
26996,-0.31430214101555254
26997,0.8050731388255912
26998,0.07099386247644998
26999,-0.4438214627107503
27000,1.1906245085004799
27001,0.22281963518740056
27002,0.5833806033372302
27003,0.1799465936107645
27004,-0.013887621118272589
27005,0.5528766237987814
27006,0.4584564047716364
27007,0.011269560930202913
27008,0.7777465068682587
27009,0.3352187725376399
27010,-0.5014719793345469
27011,0.497831913165375
27012,0.4141141436652282
27013,0.2816241427145192
27014,-0.6581583961846482
27015,0.12280735848475302
27045,-0.6772900839765825
27046,-0.5295437797389381
27047,-0.7946111117195847
27048,0.14647938382608522
27049,1.463491511768614
27050,-0.7555827584052224
27051,1.6163087289808105
27052,1.45016735520633
27053,-0.1945327369030212
27054,-0.7418060761258615
27055,-0.5679027450711264
27056,0.22862368766116214
27057,-0.26462988642096713
27058,0.14206545149931654
27059,-0.6293736608038754
27060,-0.5511889430689164
27061,-0.23649929107540285
27062,-0.25327753622440785
27063,0.08431076616879582
27064,-0.16263797717441777
27065,-0.05164415586490549
27066,0.3859793868696968
27067,0.12109820159916337
27068,0.2207095012672053
27069,-0.6417919349911994
27070,0.49482581969821327
27071,0.5977846102947704
27072,0.13399003095359155
27073,-0.10424004954283314
27074,-0.04737032269699902
27075,-0.03186822498582925
27076,0.2771663389668287
27077,0.314939493882854
27078,-0.005413862446691509
27079,-0.19407857643508017
27080,0.3576599300395191
27081,-0.14429543989131693
27082,-0.08848561131884677
27083,-0.26072831700848903
27084,-0.3506385990675724
27085,-0.7372173553028136
27086,-0.03330083762274666
27087,0.8953111774824918
27088,0.12323355380177951
27089,0.8097066900830259
27090,0.38285221804025693
27091,0.3388908912635954
27092,0.41222878147597874
27093,-0.3549576696592391
27094,-0.2571243956554566
27095,-0.3873572560598592
27096,0.25352230194851455
27097,0.010358595047385198
27098,-0.05790426589966227
27099,0.15221561039638024
27100,0.30132511286051733
27101,-0.10670893459616089
27102,-0.19152397351422745
27126,-0.18140504228104548
27127,0.26751335723030023
27128,-0.7928225950686209
27129,-0.5695106984343113
27130,-0.32230634881034304
27131,0.25499457958186855
27132,0.7895042019715972
27133,-0.27231688531961684
27134,0.08906983157298795
27135,-0.5852053176210276
27136,-0.3048130699988575
27248,-0.19330542115544008
27249,-0.2752805250269244
27250,-0.42315268958632846
27251,0.1758117253426053
27252,-0.37034046820302796
27253,-0.43219280335564697
27254,-0.218424880214317
27255,-0.33094615144132156
27256,-0.2654269184575124
27257,0.3037463171785646
27258,-0.37163439650529817
27259,-0.12335630632504324
27260,-0.08969498021873495
27261,-0.5958773818629772
27262,0.6727654402541641
27263,0.2498231184257689
27264,0.14655593849917659
27265,-0.25009609748111244
27266,-0.2977378975576184
27267,-0.02754173732094277
27268,-0.5219038731866551
27269,0.21258602914228986
27270,-0.07626426920521857
27271,-0.606572737140597
27325,0.23237022922159012
27326,-0.5184883566253017
27327,-0.47894215972015386
27328,0.3837185653665635
27329,0.3625923349825776
27330,0.06466136640163561
27331,0.1730836786993909
27332,0.1665769934605094
27333,-0.08030693246315626
27334,0.3831324969142192
27335,0.032150898346981885
27336,0.0745053516643912
27337,-0.09192958282023007
27338,0.4543099294178472
27339,0.2977667141061221
27340,0.19710648266663022
27416,-0.14981871010719025
27417,-0.02018688216680728
27418,-0.6138144595106496
27419,-0.14118154607127031
27420,-0.10019759015062778
27421,0.11745068865744979
27422,0.08437674518531664
27423,0.2918407069879096
27424,0.10136031027766661
27425,0.07566585974782941
27426,-0.0777438953962598
27427,0.01894096196297068
27428,-0.0533386167526364
27429,-0.6743622964798834
27430,0.5768412811104275
27431,0.025443620718898607
27570,0.04178344690487604
27571,0.04617094658274182
27572,-0.5175069507494562
27573,0.08703427485748862
27574,-0.022252200054316662
27575,-0.2608658078928165
27576,0.07110326975728623
27577,-0.5696727980807302
27578,-0.16378989618861584
27579,-0.014560053205505463
27580,0.10538007030602574
27581,0.4594370995856838
27582,0.3925884774445912
27583,-0.19292142937878148
27584,0.5771686851283704
27585,0.4983458948182382
27617,-0.6048328596388398
27618,0.07546580589292073
27619,-0.02308054700785174
27620,-0.7070491818796836
27621,0.15652031766117086
27622,0.6141938603941363
27623,0.15629712435207957
27624,0.2982413895791384
27625,-0.3194457057410043
27626,0.19910739051329818
27627,-0.41636402491763486
27628,0.4782156730378496
27629,0.13863290509124535
27630,-0.2938986343070983
27631,-0.44446964525841326
27632,-0.32091392439494953
27633,-0.07229435957089783
27634,-0.22228470482141208
27635,-0.12630587316154424
27636,-0.29105390602143916
27637,0.47982640017590034
27638,-0.24881807902628383
27639,-0.3737460608815643
27640,0.6173253651275359
27641,-0.1544546428945583
27642,-0.41120774213284617
27643,-0.027224827412900304
27644,0.6243652769522612
27645,-0.13360409477717677
27709,0.3989067046013163
27710,-0.036204654504009295
27711,0.12713454795763451
27712,0.16458652589635675
27713,-0.7319599203696442
27714,0.18500129388240427
27715,-0.3504435808356873
27716,-0.8034577064854105
27717,-0.46679688819078635
27718,0.6305026423321729
27719,1.0469263410064746
27720,-0.4498877650488639
27721,-0.4683033071937347
27722,-0.3688328179424906
27723,0.15243720784368525
27724,0.8411577273408495
27800,0.4780543701323617
27801,0.6776220229793155
27802,0.5822225021287093
27803,-0.37118417129913556
27804,0.002067081567637505
27805,-0.14669089719224612
27806,-0.9053016114490525
27807,0.23411853383121237
27808,-0.22584152323860346
27809,0.004407441262681222
27810,-0.3571810286025182
27811,0.7471041864805383
27812,-0.39482702795022134
27813,-0.3647623761917622
27830,-0.25583410384089994
27831,0.14730223144856347
27832,-0.07121370533003202
27833,0.4332576884174132
27834,0.09804369172701645
27835,0.5936457538907174
27836,-0.7810792699568612
27837,-0.1978503410758623
27838,0.05122809757341787
27839,-0.06587100573079503
27901,0.6242639108705612
27902,0.27196094455556497
27903,-0.3123467792766964
27904,-0.17024294298142856
27905,-0.4995544622365759
27906,0.8715677270647342
27907,-0.4616361378284752
27908,0.32047382314275
27909,-0.8438630444490904
27910,-0.31506062880490493
27911,0.1475151801884477
27912,-0.14685287807824232
27913,-0.033451095576530004
27914,-0.7790364943476324
27915,0.7073156766696391
27916,-0.2715537682819027
27917,-0.531532344929789
27918,-0.25671893841929844
27919,-0.28062766388411553
27920,0.23999173695217518
27921,-0.557640947091609
27922,-0.16849785193570643
27923,-0.2784456022874421
27924,0.20303845128821923
27925,-0.6508270812255028
27926,-0.026141833228253336
27927,0.2520834707217646
27928,-0.006980671881469586
27929,-0.48673469211617404
27930,1.1877343984673034
27931,1.3155098953004336
27932,-0.15179284316172104
27979,-0.03352917012678428
27980,-0.13436940087652477
27981,0.09771731084262748
27982,0.11048162648410031
27983,-0.24399155817737
27984,-0.10077482794538228
27985,-0.218054672224043
27986,0.5702069859532606
27987,0.4552544573735508
27988,-0.27864572093125084
27989,0.1945051198466023
27990,-0.1594452604168819
27991,0.05868925839980563
27992,-0.14408246653368884
27993,0.21051146552296118
27994,-0.29496320750057675
27995,-0.4590594106270406
27996,-0.5402891350785551
27997,-0.4899344380434776
27998,0.6216118247241182
27999,-0.21827537257130855
28000,0.20721088502518134
28001,-0.3966155237748661
28002,0.11452385519284537
28003,0.041088042699388094
28004,0.6732164188926042
28005,0.05347634532724622
28006,0.2721525357635197
28007,0.0022275558705532605
28008,0.25389529406068384
28009,0.4351060759783436
28010,0.5443258670579986
28011,0.06750347291043371
28012,0.11404102590904347
28013,-0.33999844034405236
28025,-0.7272405470697535
28026,-0.09527585302572261
28027,-0.13689870484968267
28028,0.12178160364350946
28029,0.6175746926904814
28030,0.2615050800456215
28031,-0.23349656308137479
28032,0.701843985581184
28033,-0.6485026963105461
28034,-0.15083099187564275
28051,-0.5861266225325237
28052,-0.2400766842043946
28053,-0.9182252797144635
28054,0.23015336861302982
28055,-0.6178726577656777
28056,-0.6102951743677436
28057,-0.6343035937007125
28058,-0.5265364159415121
28059,-0.4713937292468755
28060,0.46717787374273956
28061,-0.3715199067027423
28062,-0.1764635144645435
28063,-0.3803231598511152
28064,-0.3327974973432076
28065,1.0284567010577215
28066,-0.6294516299635752
28229,0.12389296434779616
28230,-0.44217754566193396
28231,-0.38290318436554616
28232,-0.19322595971740764
28233,0.21498846530456828
28234,-0.15643095209607272
28235,-0.4207339501709468
28236,-0.6196350096181998
28237,-0.13483648971564743
28238,0.8624685243337493
28239,0.35305510454283606
28240,-0.342481121783415
28241,-0.08627048740155693
28242,0.05064514864457967
28243,0.08015761189544598
28244,0.04409077646577669
28245,-0.33000972875472956
28246,-0.337246462320593
28247,-0.08137771037030522
28248,-0.372518500384647
28249,0.09954485274347784
28250,-0.1809019245905333
28251,0.48869443152856895
28252,0.7752659765716949
28253,0.004193175076204245
28254,0.760399144504341
28255,0.24947927172244408
28408,0.027484008601961537
28409,0.15428708660444684
28410,0.03804223315900787
28411,-0.09025663397681682
28412,-0.11248502296998027
28413,0.23151653909014952
28414,0.4942285396441567
28415,-0.12390580862916867
28416,0.09565097684991822
28417,0.43846106085160946
28431,0.3711298041330843
28432,0.2386165289740798
28433,0.6498670930913082
28434,-0.017953380652245235
28435,0.29712589983716564
28436,-0.2012614100200576
28437,-0.472052474170957
28438,-0.5892891367289879
28439,0.19479523255494785
28440,0.4754716552520304
28441,0.2783088261216592
28452,0.265018441799173
28453,0.707792241865304
28454,0.06730747368663657
28455,-0.2624338484722813
28456,0.2966890434938855
28457,0.2687261242951834
28458,0.289891709800848
28459,0.11288107974379981
28460,0.4214269109677512
28461,0.04940930811976614
28462,-0.6035420205931583
28463,-0.21190719178275938
28464,0.787467690638957
28465,-0.6433709215592285
28466,-0.24476279392289949
28467,0.25806886054248707
28575,-0.4558033048333479
28576,-0.4426562902378995
28577,-0.030238398361167554
28578,-0.1667670984594776
28579,-0.15507908046268246
28580,0.323378862048065
28581,-0.5072765605421996
28582,-0.010660071802963286
28583,0.1989208074490741
28584,-0.07507442249805558
28585,-0.4742854871589318
28586,0.7161566641919703
28587,-0.37031314790821096
28588,-0.09277643302373996
28589,-0.36970980792041747
28590,0.175455761289313
28591,0.39269438659801326
28592,-0.5462780938951075
28593,0.5930197593592543
28594,-0.1327232108832781
28595,-0.10430292684284706
28596,-0.6925397788141574
28597,0.0009177574373810948
28598,0.22096024835622002
28599,-0.4481373547540012
28600,-0.7543580408442427
28601,-0.2408075716638315
28602,-0.5516266843836376
28603,0.2075939999883641
28604,-0.20756987399639848
28616,-0.04654291604593419
28617,0.8712766759602759
28618,0.2347794277748401
28619,-0.4317260804070059
28620,0.13172163582107538
28621,-0.023439096838399245
28622,0.7924201506360542
28623,-0.20496040927743348
28624,0.23029053270673558
28625,0.11553403461732824
28626,0.16727180928722263
28627,-0.21766273827033622
28628,-0.11365782714872202
28693,0.14680001500705864
28694,0.40483489623019886
28695,-0.0722360236092816
28696,-0.29684852713302384
28697,-0.16759677762426609
28698,0.5265164240386786
28699,-0.1808523577453023
28700,-0.3916698824172406
28701,1.058004491317197
28702,0.03640435122909756
28703,0.1427686910960077
28704,0.1421234861370909
28705,0.14430429634225092
28706,0.24294581399332044
28707,-0.4511632232882738
28708,-0.2900034735213979
28815,0.09437118271223388
28816,0.07933429490506652
28817,-0.4089759898849592
28818,-0.09382769547776995
28819,-0.19403892492029512
28820,0.0636206016338545
28821,0.31663244556985004
28822,-0.03166364354749447
28823,0.6685254049659222
28824,-0.07829017995503125
28825,-0.24612663534325868
28826,-0.3618886012997298
28827,-0.21664757108815633
28828,-0.34840690306015853
28829,-0.616612736143554
28830,-0.49868500429197843
28847,-0.06429755757579687
28848,0.23847604761163632
28849,-0.08121539434391713
28850,0.1862719609243691
28851,0.3764080952186498
28852,0.797580179769237
28853,0.07661242352126901
28854,-0.6221485307985957
28855,0.42134890730217056
28856,-0.19299507815739722
28857,0.03727199639060892
28858,0.13290447054949833
28859,0.491614591270777
28860,0.044260220055869125
28861,0.3029518577239159
28862,-0.046886199061186226
28885,0.06185068990329938
28886,0.2931429636087169
28887,-0.10686903378498909
28888,0.5063639752399445
28889,-0.26642098842844
28890,0.006094361788211253
28891,0.26537048510686057
28892,0.0467232670346901
28893,0.16520005385930286
28894,0.02285957515814549
28905,1.2632666146202172
28906,-0.15327016208937816
28907,-0.47690643045698566
28908,-0.209618866182109
28909,0.6869115223626003
28910,-0.8794943383641677
28911,-0.000995958049572629
28912,-0.793007190705816
28913,-0.5048404282637609
28914,-0.1076564537594528
28915,-0.553558306518565
28916,-0.04129893455792222
28917,-0.5739695511992892
28918,-0.1816565700707302
28919,-0.488280511008028
28920,-0.08914266572329953
28921,0.2989710167676892
28922,0.837875707903045
28923,0.36498342333336165
28924,-0.3137857038491273
28925,0.012641718719410514
28926,-0.147921429416921
28927,0.06845765177495028
28928,0.007530395481812849
28929,-0.06722373060745972
28930,0.037795490658097244
29033,-0.509726015871176
29034,0.5008140514813751
29035,-0.20998271960460435
29036,-0.2967768458083687
29037,-0.6104036317746987
29038,0.1841409222343942
29039,-0.3123133453038879
29040,0.6953038837790749
29041,-0.6347351907262841
29042,0.47754159981531763
29043,-0.48097438525272607
29044,-0.09916077362528751
29045,0.6649631890812208
29046,-0.13796573942897328
29047,0.061120515803413523
29048,0.026299998145793493
29117,-0.24218735091367888
29118,0.38649820052967465
29119,-0.09743182291590494
29120,0.3355020347806333
29121,0.4961681701655754
29122,0.4073485690272461
29123,0.4624232484580475
29124,0.3113685203689087
29125,-0.6031174820468961
29126,0.6085514314978979
29127,0.17689952182367624
29154,0.0062552293012893
29155,-0.187497329338441
29156,-0.14719704584705184
29157,-0.6024079677576437
29158,-0.2438584722386987
29159,-0.17845476628578716
29160,0.24591648433738278
29161,-0.49112712628530414
29162,1.240594198376015
29163,0.4805447784920822
29164,-0.1525865787939906
29165,-0.1271992352630901
29166,-0.05663708926296615
29167,-0.26702529963001903
29168,-0.10335999693830122
29169,-0.08803404322652623
29224,0.2566805282562563
29225,0.15997199499692466
29226,0.11796455543551346
29227,0.6235149893854282
29228,0.0727582821917666
29229,0.004014114560820445
29230,0.6411250862770328
29231,0.17591068445331237
29232,0.1622011137303292
29233,0.5770411792745214
29234,-0.16037291291432126
29235,0.1722023578847061
29236,-0.18679142789093198
29237,-0.0786639401431503
29238,0.07233230571706833
29239,-0.32793478020663924
29240,0.5932616333485662
29241,-0.07189259831591294
29242,0.35137208709610823
29243,0.5711773633228661
29244,0.032125062450958516
29245,0.4311337003486445
29246,0.11117185677517476
29247,0.37117854712402537
29248,0.591224390221216
29249,0.8360648025525255
29349,-0.9842517439701098
29350,-1.035747721295859
29351,0.4407740465804185
29352,0.8403969703779943
29353,-0.37344552232438
29354,0.16955884029581358
29355,0.06942707668929228
29356,-0.6715164695086445
29357,-0.33316160689950497
29358,0.6559080400820407
29359,0.4238401027422044
29360,0.09282842951928365
29361,0.6420013553384036
29362,-0.13616616585296198
29363,-0.013518373351269819
29364,0.05291594708287053
29365,-0.3043896346600188
29366,-0.2828073418548682
29367,-0.17136991672477395
29368,-0.8208946575289775
29369,0.3634489280951857
29370,-0.36505117032685475
29371,0.7593516633411841
29372,0.32715833187511034
29373,-0.8112991173301773
29401,0.5502025011775966
29402,-0.26919317946490495
29403,-0.14892047181991397
29404,0.4669438834670261
29405,-0.10605004229243718
29406,-0.7853776446945937
29407,0.15943696934530172
29408,0.35576637372088865
29409,-0.5877061785251629
29410,0.8045486373085147
29411,0.6946544093960925
29412,0.642457209904979
29413,-0.5651914819852468
29432,-0.34285738619647804
29433,-0.3331136959444117
29434,-0.3950003790966335
29435,-0.1470826411369432
29436,0.27412977048842213
29437,0.08198804717203237
29438,0.4955280005011733
29439,0.0188136035626867
29440,-0.18834938108357768
29441,-0.4159804782984015
29442,0.46708937088777563
29443,-0.3777896281162362
29444,0.3327658998005069
29445,-0.8711185156386061
29446,-0.15706780853153102
29491,0.7070299952003349
29492,0.5435134740285981
29493,-0.3413162167949252
29494,-0.4868857013406448
29495,0.19926843063653776
29496,0.08357914677016368
29497,-0.30317904392211686
29498,-0.39047023134845005
29499,-0.2115413308574038
29500,-0.28110492982542257
29501,-0.7848259244146744
29502,-0.5484628567958757
29503,-0.32615094904173975
29504,-0.5008525292264134
29505,0.10547293704393296
29506,0.5205152465445325
29608,0.14025756011733678
29609,-0.20649638456260794
29610,-0.27498031387601457
29611,0.2046243114612452
29612,0.5078259906586164
29613,0.13321117344808353
29614,-0.6019620788744271
29615,-0.10283217305350284
29616,0.09967327970274463
29617,-0.4724993688101041
29618,0.4924826333384806
29619,-0.343267655945655
29620,-0.5778276794665286
29621,0.25108094080594523
29622,0.3499878643853401
29623,0.1631060183537186
29624,0.8428464566926498
29625,-0.032389088263802775
29626,0.7222683401852074
29627,-0.08657937211516072
29628,0.4709426178031002
29629,-0.2682082738396216
29630,-0.35466074489808896
29631,0.9319345026136279
29632,0.296289682290984
29633,-0.32049709465866605
29694,-0.5242840083563274
29695,0.3683725701146049
29696,0.6970604100320308
29697,-0.21609080265819086
29698,0.1878155342566639
29699,0.0008917096206938063
29700,0.05751052846060033
29701,0.2569362080959244
29702,0.770399556789171
29703,0.5460246410926525
29704,0.6747046942751105
29779,0.4516420226686261
29780,0.22134598286197046
29781,-0.4534867008164417
29782,0.11898520068358219
29783,0.06715243295393716
29784,-0.2532456772341717
29785,0.1633124565024439
29786,0.4287948411871998
29787,-0.15238532927858064
29788,-0.29627706766791895
29789,-0.0025013298269722095
29790,-0.07113905757107547
29791,-0.0006966724247112199
29792,0.5370329382457362
29793,0.2881219740441775
29794,-0.2578187805416112
29795,-0.32294794002034116
29796,0.8031113912554515
29797,0.004659873674312177
29798,1.3008819731498502
29799,0.09009072090508854
29800,0.15045472316004788
29801,0.2670103152659379
29802,-0.4584285033663757
29803,0.19008449187232665
29804,0.10109930449923996
29805,-0.41035853057912564
29806,-0.29178287617764337
29807,-0.2000145378483667
29808,0.1848917358190451
29809,-0.4438281758760964
29810,-0.25298789146333167
29897,-0.4004489503357149
29898,-0.1381272735499765
29899,0.014019480808532686
29900,-0.2854064479755215
29901,-0.12683854844239872
29902,-0.35120383167515085
29903,0.002684174214667684
29904,-0.13044335146904668
29905,0.5022982490816221
29906,-0.5469970150304599
29907,-0.1020215053906082
29908,-0.12275167431724876
29909,-0.19707735762703724
29920,-0.6870953593539644
29921,-0.01664653649157688
29922,0.33290872170225283
29923,-0.049066071757577684
29924,-0.7339729964378314
29925,-0.04268782653815725
29926,-0.03213436403801827
29927,-0.44016469363599625
29928,0.5317094543154111
29929,-0.019727955124833524
29930,-0.031537253805636045
29931,0.09604484731255268
30100,0.1202380671038425
30101,-0.1266580856993693
30102,0.09883792019157316
30103,-0.12573483566488974
30104,-0.2880840715140985
30105,0.05019513705680169
30106,0.7250570012163291
30107,-0.269370211379561
30108,0.33237584635252826
30109,-0.24678102746365382
30110,0.20428939864189966
30111,0.0928475070008946
30112,0.6050179750953256
30113,1.0374644616989228
30114,0.9888271959748043
30115,0.4236391664824813
30116,0.17748650227117102
30117,-0.12179897369877293
30118,-0.021264697654080254
30119,-0.29326205390447163
30212,-0.17403564064322125
30213,0.0720346008994968
30214,0.0072551060820674335
30215,0.29747885185510675
30216,1.175918977468613
30217,-0.05459798294863964
30218,0.44680215904551995
30219,-0.48409181940499174
30220,0.9649871350762217
30221,0.14754290749904458
30222,-0.6435074654877728
30223,-0.4882538500092691
30224,0.38659315988419835
30225,0.698853342097481
30226,0.07957508333105627
30257,0.09480111233171457
30258,0.8285534463265338
30259,0.17285816982722232
30260,0.2822249443186017
30261,-0.16153370456234026
30262,-0.22600564480489432
30263,-0.2980702309919338
30264,0.5823700136382627
30265,0.6776467245023099
30266,0.6250355445756446
30267,0.29874078968251955
30268,0.2838391621742179
30269,0.3115958963920288
30270,-0.7123457900102661
30271,-0.536751062590218
30272,0.005449494824963333
30435,-0.15557784707237293
30436,-0.43033534855178485
30437,-0.44260227764477
30438,-0.3628390912312335
30439,0.5188969157775876
30440,-0.8507300174627741
30441,-0.11523750811344367
30442,-0.6359817787299163
30443,-0.5130520630335713
30444,0.2885497583329492
30445,-0.367950009447819
30446,0.3722997752284928
30447,0.026868251344502755
30448,-0.7210135167808055
30449,-0.47619302285988635
30450,-0.49015109274589774
30451,-0.24154900957864023
30452,-0.5368944175822352
30453,-0.8681426479880765
30454,-0.22234601606885748
30455,-0.15521858075324624
30456,-0.6567523311674853
30457,-0.616898316972877
30458,0.5190456837172283
30459,-0.5706100523069787
30460,-0.36797956458427705
30461,-0.15062566547793171
30462,-0.5888706812271095
30463,-0.6681197177449988
30464,0.736258138156493
30465,0.7065077752901592
30466,-0.6558913338379295
30467,-0.21809779237370347
30468,0.8723241690512931
30469,-0.7763643895330369
30519,-0.256428598417913
30520,-0.2947481033132733
30521,0.7185336938406539
30522,0.4342953552381423
30523,-0.24114996363492427
30524,-0.17059669828720106
30525,-0.03141285158651767
30526,-0.15460093266467
30527,0.18416763144381842
30528,-0.5462356923906447
30529,-0.4690614157216424
30530,-0.37574422694299436
30531,0.36576397440131747
30532,0.21624395625588885
30533,0.19848584054568422
30534,-0.13580658851479194
30535,-0.8664781245433979
30536,1.1412491236518072
30537,0.2435030464989128
30538,0.11936679126021925
30539,0.6261835914990006
30540,-0.6402950061936699
30541,-0.45061719956023033
30542,-0.41592423218693464
30543,-0.15838404651035554
30544,0.6257181786774009
30545,0.39994475614145586
30546,-0.018929576607485468
30547,-0.4464864260905148
30548,-0.29552166292678467
30549,-0.3569923457268435
30550,-0.36310792657475904
30551,0.5602686230883333
30552,-0.39907654076297033
30553,-0.6992252195364367
30554,-0.37730995765971354
30555,-0.31320928458013786
30556,0.48159126422763177
30557,-0.640724423289976
30558,0.1932055526283319
30559,0.16015925472172174
30560,0.19338724384166925
30561,-0.24510690394760107
30562,-0.4252371117409214
30563,-0.23228542395751983
30621,-0.14443334077670525
30622,-0.6372726346951552
30623,-0.21290342605999768
30624,-0.059811913352695895
30625,-0.20685063805623238
30626,0.5303782894268818
30627,0.44595825839397596
30628,-0.24798687106002607
30629,0.48036390672711
30630,0.16675564355176847
30631,0.25334092926206697
30632,-0.3380358569236337
30633,-0.2616452851318578
30634,-0.11291265355036292
30635,0.2148900503084591
30636,0.03183325698183362
30637,-0.06984350200882683
30638,-0.06678896536357497
30639,-0.36191762583972664
30640,-0.5962528323821421
30685,-0.7465835971826462
30686,0.31764402031738026
30687,0.0821723275266432
30688,0.30440205148294974
30689,0.45710124885623127
30690,0.603732352321078
30691,0.41285527534279903
30692,0.12226773495908572
30693,0.3720167702067253
30694,0.09480598056338763
30695,-0.07787008391606165
30696,-0.009490633039973703
30697,-0.10804743065886505
30698,0.06280768762417828
30699,-0.8541203175772166
30700,-0.49007332647308544
30711,0.2609615054638512
30712,-0.0948782199102302
30713,-0.3269079209656651
30714,-0.01985335560842731
30715,-0.1988410877847221
30716,-0.4720401240122135
30717,0.45898018933191165
30718,-0.5601551617983483
30719,0.8996341358046485
30720,0.16465102233467205
30721,-0.9216664251451354
30722,-0.13585737206864712
30723,-0.7457734150460634
30724,-0.6379561217246557
30725,0.19480746654901585
30726,0.5180567564079543
30727,-0.1985509571226877
30728,-0.5885650903840253
30729,0.17461220166745978
30730,-0.28198412546140783
30872,-0.09960485416182112
30873,0.8685484218414983
30874,-0.5253599112008976
30875,0.14593847888780487
30876,-0.5383818604989955
30877,0.6301007928354037
30878,-0.4675659775020119
30879,-0.3026283717724799
30880,-0.13986397325708677
30881,-0.41509538492902015
30882,0.10787591586118653
30883,-0.5561333399229732
30884,-0.26114975525158146
30885,0.5991750639137248
30886,-0.2701304385458832
30887,0.37634031715689586
30888,0.4086233183032949
30889,0.4571216892871108
30890,0.20738019991419765
30891,-0.365104537880111
30892,-0.5733061771170339
30893,-0.07614460977277249
30894,0.4879842825946447
30895,0.3045409312918421
30896,-0.5118914428194388
30950,0.8617783551477814
30951,0.8647924925761707
30952,-0.33986883937144513
30953,-0.36346949613851304
30954,-0.352188309297572
30955,-0.45272752764153074
30956,-0.4133151325408183
30957,0.6648414769510751
30958,-0.26557230913458807
30959,-0.2822486645379819
30960,-0.05907606996233112
30977,0.4737800546971339
30978,0.007885919354932769
30979,-0.4630969823666511
30980,0.18819451130820175
30981,-0.4100004315930967
30982,-0.17075710643566752
30983,0.34705576482405903
30984,0.4557385499292191
30985,0.06196885387712539
30986,-0.076567298470934
30987,-0.26674026027359377
30988,0.7406624929757084
30989,-0.07297398638076487
30990,0.344920928883231
30991,-0.09116498719866038
30992,0.04204933792551235
30993,-0.0786879867106788
30994,-0.2098129845484641
30995,0.40637164254562647
30996,-0.2539196716919302
31055,0.1792234753511479
31056,-0.341982231654729
31057,0.2123368050611425
31058,-0.3504309810311791
31059,0.8682079255891832
31060,0.09239032964389494
31061,-0.22298941687183532
31062,0.23005379443303992
31063,-0.1998768644769715
31064,0.10789756374116766
31065,-0.08584913840667047
31066,-0.24162150969777774
31209,0.5667014518713693
31210,0.0977681008084254
31211,0.0705080552992038
31212,-0.21287604228167087
31213,-0.13926449309207287
31214,0.7552301317642509
31215,0.13711951974176348
31216,0.45482553900747325
31217,0.06327892486906238
31218,-0.16810965188860236
31219,-0.1675131920949722
31220,-0.2665596050819176
31221,0.41599403645123656
31222,0.06096599979927553
31223,0.615983172903785
31224,-0.41825413027600056
31264,-0.4345610322108847
31265,-0.6583626987495352
31266,0.1827488513692972
31267,-0.4886020515729211
31268,-0.13397311878185675
31269,0.037725427942654294
31270,-0.2081062654699591
31271,-0.28391969118795873
31272,-0.20732610989211347
31273,-0.2303861258679213
31274,0.03785955580438263
31275,0.15358720979679275
31276,-0.15532879749210715
31277,-0.0009357063452013203
31278,0.06499672327396695
31279,0.2947517077283963
31290,-0.5457642793054434
31291,0.10806142914454799
31292,-0.12123663538682838
31293,0.08728679310549278
31294,0.7998314961942778
31295,-0.06388067461879393
31296,-0.4483209189339174
31297,-0.13582523640740835
31298,0.10377871121735377
31299,-0.056850649365905684
31300,-0.25972600886846364
31301,-0.6837799897070115
31318,0.18449493671009554
31319,-0.05110103832330698
31320,-0.5814214301356307
31321,0.5138738346138474
31322,0.4396476845744431
31323,-0.06009710511671548
31324,-0.6428482913701954
31325,-0.3117574504213149
31326,0.2596344420385119
31327,0.039589649533265506
31328,0.27275001826871836
31329,0.10731701088803025
31330,-0.18745709807840955
31341,-0.3623248443090604
31342,0.12445509954422143
31343,-0.017140521427426433
31344,-0.6680625690870217
31345,-0.31012782173655734
31346,-0.12167618045827201
31347,0.11114389398394542
31348,1.0710747154321993
31349,0.2358571862835356
31350,-0.049964471131947824
31351,-0.03330963027541327
31352,0.04101038113315086
31353,-0.2532138158378322
31354,0.0733638562005309
31355,0.27964182294287854
31356,0.2104095893876924
31357,0.570697884289803
31358,0.5477376298086432
31359,-0.2394229218957702
31360,-0.688349034185437
31361,-0.20053731640363232
31362,0.36626330832619913
31363,-0.32555029820003395
31364,-0.5461561774947831
31365,-0.5558824847223842
31366,0.6900987120097921
31410,0.05619113644043493
31411,0.23835369755714128
31412,0.19484743570976185
31413,-0.0658437346673659
31414,-0.01791737927021672
31415,0.26927467129144234
31416,0.16058980821199156
31417,-0.02271611767007088
31418,-0.059944320376070004
31419,0.3627547008594354
31420,-0.27071785751147825
31421,0.2129729533929405
31422,-0.4375598057465975
31423,0.2653641347710809
31424,0.1326201081914611
31425,-0.768223976201211
31426,-0.08216240350827633
31427,-0.09352967798218016
31428,0.1776419054687587
31429,-0.4306749711088239
31430,0.33089642974830913
31431,-0.09315189735368098
31432,-0.27266937239377775
31433,-0.22098214130510035
31434,-0.18556173059117614
31435,-0.08562241250552292
31436,0.883391992620258
31437,0.5749289773545873
31438,0.8450768330937346
31478,0.7253469958993854
31479,0.3311173078646421
31480,-0.26570709572375273
31481,-0.22939115487250733
31482,-0.029405667794494203
31483,0.11098305390870461
31484,-0.24446849190549969
31485,0.41014295671317247
31486,-0.4296463625597975
31487,0.1538719405497142
31498,-0.24044325893216142
31499,0.02539102782687755
31500,-0.16496728067881622
31501,-0.45963590467005344
31502,0.8084572653226465
31503,-0.7350513118447197
31504,1.2057543437540637
31505,-0.026182524212401456
31506,-0.1093422103237202
31507,0.6038674336827874
31577,-0.5360914309019539
31578,-0.7152011727459471
31579,-0.10335850837353748
31580,0.49072642643678255
31581,-0.11909116764458362
31582,-0.04928399687969311
31583,-0.5009541589571949
31584,-0.5732466364761912
31585,-0.6263964079738931
31586,0.8431514238769985
31587,-0.3171827826857214
31588,0.45179629246423814
31589,0.2420934165195659
31590,0.9364698203616231
31591,0.11140701033772218
31592,-0.398845013017342
31603,0.651271219777281
31604,-0.18060175440628434
31605,0.32412875088779186
31606,0.5296303340446316
31607,0.4938979338832213
31608,-0.6033509079427791
31609,-0.05459758639396553
31610,0.7589146757278091
31611,-0.34240299792564877
31612,-0.0715335587410588
31613,-0.26105846262111093
31614,-0.24246151657392143
31615,0.5240506841235286
31616,-0.0036618574217186783
31617,-0.09584300687055855
31631,-0.6672947971539988
31632,-0.2623211269447373
31633,-0.5339149355090198
31634,0.00800575019003541
31635,-0.5490613059387642
31636,1.1249466455667037
31637,-0.19496033707934018
31638,-0.3502695332151945
31639,-0.11037584662288864
31640,0.10158027891785856
31641,-0.1736894813824395
31642,-0.4153330170773902
31643,-0.21829779979066274
31644,-0.5424316550238619
31645,-0.2587725001617528
31646,-0.6141571148770011
31647,-0.24243247059136372
31648,-0.6234056322746032
31649,-0.43231109994923045
31650,-0.5152849067102939
31770,-0.7213299437726601
31771,-0.16365594968541497
31772,-0.14208145647995984
31773,0.1446689461024673
31774,0.10606602334250706
31775,0.0626597219462937
31776,0.4202339214901891
31777,-0.5868414331586804
31778,-0.5723999945200148
31779,0.11618094466696921
31780,-0.3915305655208517
31791,0.3233824587002284
31792,0.686408660049724
31793,-0.19722947074237424
31794,-0.39021398365782806
31795,-0.6553537893059054
31796,0.4718853278097255
31797,0.42064639403174253
31798,0.35608005429131573
31799,-0.5705482651051262
31800,-0.23530772558670038
31801,-0.0624956872220543
31802,-0.3022842653720787
31803,0.15345932500212528
31804,0.1575742765055603
31805,-0.2692664161161189
31806,-0.2652789949913729
31851,-0.4542917468931304
31852,0.20263300794018232
31853,-0.12400102739680241
31854,0.3087970902194245
31855,-0.3120666649852912
31856,0.10137485053318993
31857,0.5507618560807283
31858,0.24391218926778618
31859,-0.6453989284382744
31860,0.5620543132717246
31861,-0.2113736147825556
31862,0.17261124052896554
31863,-0.34397634695806373
31864,-0.0447348976807474
31865,0.46807885937640237
31866,-0.09274787447248203
31867,-0.0138906413692464
31868,-0.04979341691724043
31869,-0.1445690427204254
31870,0.07672065965068638
31871,-0.23557025107219315
31872,-0.16556782263937275
31873,-0.0023276962094285203
31874,0.7288925996793789
31875,0.4784478771711407
31876,0.6199619985955684
31877,-0.2243682324254399
31878,-0.13200098691814377
31879,-0.3389346049647763
31880,0.015082547041806713
31881,-0.03837826635069121
31882,-0.4086377007399506
31883,-0.3491173357065786
31884,0.4677120200678521
31885,-0.0039766591272864665
31886,-0.05052360217195788
31887,-0.26413751199150365
31888,-0.5902290335600268
31889,-0.41267013415537135
31890,-0.24919340573754542
31891,-0.42951798718107964
31892,0.5335905122308697
31893,-0.6442056656430597
31894,-0.5229817719968525
31895,-0.7105274891767388
31896,0.4348879747476472
31897,0.098354741062145
31898,0.4372561384169926
31899,0.33585036197673884
31900,-0.30807653516693523
31901,0.39491631448658293
31902,0.1365213674988868
31903,-0.10355396701961124
31904,0.8123321240034105
31905,-0.6674094862659709
31906,-0.45011025735549787
31907,-0.36801336876861424
31908,0.3720221951321751
31909,-0.1292455335516101
31910,-0.32688450853438566
31911,-0.5184501048015382
31912,0.20288958233981386
32051,-0.4066399473721933
32052,-0.39745995442155446
32053,0.5755869357697219
32054,-0.09657923389350932
32055,-0.33483785554763684
32056,-0.14834031804594652
32057,0.34101070839036146
32058,0.26123337743029745
32059,-0.09119825971741304
32060,0.4034199956224218
32061,0.1716025484315241
32062,-0.26931953320450464
32063,-0.2059643618082987
32064,0.18980100362262814
32065,-0.45219502992975386
32066,-0.30362121450436413
32081,-0.3394076659269899
32082,-0.09292400446246962
32083,0.878609826506539
32084,0.03410152680637572
32085,-0.11286761487399452
32086,-0.3027440336015266
32087,-0.25719316589186036
32088,0.8548086633354637
32089,-0.26499907238443415
32090,0.7179190221962288
32091,0.4165219132872046
32092,0.7204308649888901
32093,0.8602856678958886
32094,-0.08043385977200966
32095,-0.2638743215434734
32096,-0.23007736329004935
32124,-0.5008022620733877
32125,-0.42531586284607986
32126,1.35427587070297
32127,0.09375377328711523
32128,0.379636886195048
32129,0.24854784421819565
32130,-0.5569304463869856
32131,-0.21824261017005273
32132,0.1971754073533173
32133,0.2348035082912977
32134,-0.19035630918667576
32177,0.9457827554368026
32178,-0.49469802048418027
32179,-0.36958788115033747
32180,-0.40273515378213254
32181,0.13520713987413835
32182,-0.21536636306849635
32183,-0.3526171524416676
32184,-0.057475143688522815
32185,-0.6668211895827248
32186,-0.5705735750012311
32187,-0.7249454503072483
32188,-0.37886422444880274
32189,-0.33240749562392724
32190,-0.01873554639960985
32191,0.22136462568549906
32192,-0.044320253144967015
32193,0.3334764057313924
32194,0.6013406146993436
32195,-0.282156055513004
32196,-0.160383299850261
32197,-0.7104763819846058
32198,-0.06415077933002658
32199,0.10018135778558954
32200,0.29893358429471617
32201,-0.5728385506768069
32202,0.019230784127367784
32203,0.15824612938084845
32204,0.41336382293660257
32205,-0.07954067193371714
32206,0.05383025116993713
32207,-0.3026448511540919
32208,-0.458870403037542
32209,-0.13587191023462253
32210,0.7239399436582372
32211,-0.4564030146123044
32212,0.5641882419765023
32213,-0.0059112963746319885
32214,-0.5632212886573887
32215,0.5497297876902849
32216,-0.24022270261819556
32217,-0.2479736895466246
32218,0.028769965444811488
32219,-0.3136228468834877
32220,0.5853349697947589
32221,-0.12136341197192582
32222,0.5660327665974836
32223,-0.5860774193187503
32224,-0.13588303121353706
32225,0.43064707691261833
32226,0.5292517302635985
32227,0.5110234926004303
32228,0.3071819805631132
32229,0.2544961285183873
32230,-0.7002459161854692
32335,-0.4844334429185768
32336,0.44898557404951156
32337,-0.030302840809349085
32338,0.28226485171561927
32339,0.26174381111647393
32340,-0.001710281564459848
32341,0.16363827554063998
32342,0.787071946798203
32343,-0.006592745521875443
32344,0.23252892928771568
32345,0.4886763707460141
32346,0.43399182120584767
32347,-0.3451373892951707
32348,-0.23574396931737412
32349,0.6552751299379123
32350,0.629495062030726
32381,0.06479938547329642
32382,-0.0788902508371084
32383,-0.5886457914828901
32384,-0.11923212199488532
32385,-0.19100397787927037
32386,0.5917502340822927
32387,-0.8137220328038053
32388,-0.25543141750327236
32389,-0.833960618395741
32390,-0.3843990759575275
32391,0.7542148557484509
32392,-0.5105092637392062
32393,-0.43162021214385904
32394,0.3617017599714571
32395,-0.007994826769968266
32396,-0.5529130056309844
32397,0.868171416332729
32398,-0.5169498440335041
32399,-0.35897644345468915
32400,0.22822694446791864
32401,-0.13795232635096405
32402,-0.24075220589270524
32403,0.44538032151815443
32404,-0.19875330121331528
32405,0.48360295998347425
32406,0.04200467179901292
32407,-0.38663749618651283
32408,0.8082000333523292
32409,0.9524805759086243
32410,0.37611946643944705
32411,-0.9363476891692173
32439,0.4016176624243716
32440,-0.5587849402078845
32441,-0.46865560060589867
32442,0.17508519898984515
32443,0.08529943143399141
32444,0.03967048796807124
32445,0.04917144080882489
32446,0.15005761844595417
32447,0.31504718927723196
32448,-0.21423539704020017
32449,-0.6936693683875728
32450,-0.7462952579788267
32451,0.42350183775369576
32452,0.8668213260320072
32453,-0.642458391164064
32556,-0.12500755280817427
32557,0.16759460246731575
32558,-0.8514008553613355
32559,-0.5574693543900345
32560,0.11257021053039076
32561,-0.18118433964098446
32562,-0.4252703127898673
32563,0.12965247854504416
32564,0.8736380638447256
32565,0.732179254436045
32566,0.441869950588716
32567,-0.5994039513018489
32568,0.002352271831169095
32585,-0.4499979719969474
32586,-0.5332932410316183
32587,-0.5575699909617742
32588,-0.08716660517449323
32589,-0.12089557736406781
32590,-0.3596050132419701
32591,-0.40579725439486397
32592,1.6459768565131967
32593,-0.26631342563813926
32594,-0.11374248322800368
32595,-0.6175596005727383
32596,-0.032560190121149815
32597,-0.5729220059943064
32598,-0.5697623101307522
32599,-0.5299139351940202
32600,-0.47516205110618703
32601,-0.3986527772370743
32602,-0.39730304345375544
32603,-0.03130777033469098
32604,-0.0438759109344152
32605,-0.6045919351400898
32606,-0.3231884222376982
32607,0.07597951873300798
32608,-0.05718162942263627
32609,0.3698407561698232
32610,0.01844056977291432
32611,-0.49875096068722335
32612,-0.4754964263915678
32613,0.16989601459467152
32614,0.07755286452997354
32615,-0.0587509111412146
32616,-0.17182042306984055
32617,0.14203400756419943
32618,-0.46805395603742533
32634,-0.7263404623230031
32635,0.2285344020216634
32636,-0.5756207546203895
32637,-0.4928698752275379
32638,0.45090168481349213
32639,-0.4648024127745707
32640,-0.7338635107801991
32641,-0.6756019458494258
32642,-0.026081307571367035
32643,-0.5332694250834339
32644,-0.30601870279448046
32645,-0.15719249863468207
32646,-0.158722647118064
32647,-0.9723038317043994
32648,-0.6157581794499952
32649,-0.2921573869778221
32650,-0.7382410672425912
32651,-0.6967036651604125
32652,-0.433883561594405
32653,0.33131939895688356
32654,1.3577621087457865
32655,0.08034143435831746
32656,0.21713780065414637
32657,0.3079331378001641
32658,0.41669583732687876
32659,-0.3501394473342091
32660,-0.02999780389068625
32661,-0.3146793587799934
32662,0.06279609228067994
32663,-0.14983713179906283
32664,0.13141627150357793
32665,-0.05491629498631586
32666,-0.3391912526711046
32667,-0.11419472684797866
32668,0.279539636656766
32669,-0.3498223713481521
32670,1.0453444835654375
32671,0.0726863385968769
32672,0.42790732478035504
32673,0.058055143204024655
32674,0.06593471452996937
32675,0.5772483053132755
32676,-0.2851763814284798
32677,-0.2847435579554128
32678,0.42996520990097564
32679,0.201381585480562
32680,0.18758982224183723
32741,-0.7196225305072594
32742,0.3192905656646688
32743,-0.5530637812879056
32744,-0.6928207668765407
32745,0.1688658041069896
32746,-0.9343055198660939
32747,-0.6923907720199489
32748,-0.6731057446058412
32749,-0.8238567092556807
32750,-0.6093196570473329
32751,-0.28363989878012386
32752,-0.21153700235157064
32753,-0.3297155723025743
32754,0.16045468789382433
32755,0.7639282910701026
32756,0.19465319475767767
32757,0.05132265121366281
32758,0.17326507619531228
32759,0.3106843698506664
32760,0.14370355339929106
32761,0.20745616775768486
32762,-0.04640471886990119
32763,0.26493522250050805
32764,0.3827503387785912
32765,0.2621658105505813
32766,0.2518715191348412
32767,-0.31141504887692156
32768,-0.09734709892805574
32769,0.14604137365147257
32770,-0.0814148403690105
32771,-0.16212285085129072
32837,0.14872179817730563
32838,0.596603642542458
32839,-0.4731095167874444
32840,0.20376941942820742
32841,0.2555249447660715
32842,0.6471118162596683
32843,0.24650341579280646
32844,0.14840695907076434
32845,0.20449028336910519
32846,0.13384254930112222
32847,0.5298575867536647
32848,0.5692739000403101
32849,0.2817968883462108
32850,0.6082267272101131
32851,0.6160332923150319
32852,0.10699319053175603
32865,-0.7312616133998346
32866,-0.8258349682308327
32867,-0.4704328864501515
32868,-0.42061733980065685
32869,-0.15999754333101288
32870,0.13350144448661821
32871,0.17709607527608434
32872,-0.32125797067016254
32873,1.585176994960339
32874,0.46843870412780775
32875,0.2652764856614178
32876,0.3825189902809691
32877,0.3310957580054168
32878,0.22716263769791878
32879,-0.009425604540893404
32880,-0.2131272942094205
32909,0.30211159907555335
32910,0.5217463502283267
32911,-0.32566270303782513
32912,1.2762442860894214
32913,-0.20986863236592043
32914,0.4183654266263285
32915,-0.2846992958571284
32916,0.5436594453644542
32917,-0.36713972744584483
32918,-0.0664152067843637
32919,0.7919025347536025
32920,-0.1786014142939198
32921,-0.7600695678280847
32922,-0.1354417723540888
32923,-0.48871796230270936
32924,0.040703330958116665
32940,-0.6621675241878102
32941,1.2769504623948678
32942,-0.48831175820281547
32943,0.6465695876219599
32944,0.49509856512848816
32945,-0.4349507123751155
32946,-0.6577308072791966
32947,-0.09962409834248119
32948,-0.4554281431120402
32949,-0.433733500605028
32973,-0.5989888803373525
32974,0.5647397972611676
32975,0.5466699617326082
32976,0.4442630984848548
32977,-0.09876907951304853
32978,-0.37402741647339954
32979,0.05966695454590612
32980,0.11859217398514926
32981,-0.6805879644345852
32982,0.15959316565037468
32983,-0.1867060137642439
32984,-0.5569952513074898
32985,0.019841258298201256
32986,-0.29129002982174473
32987,0.39103612247299435
32988,0.5563252149764546
32989,0.44979996453318605
32990,-0.08650528092721864
32991,0.19383338968775665
32992,-0.07915847251287671
32993,0.057560298523775213
32994,-0.03780933494767799
32995,0.07131135647865229
32996,0.13944677987782922
32997,-0.5850397283082847
32998,0.04028381976620434
32999,-0.29911502485107616
33000,-0.26842569951989104
33001,0.8981840594934534
33057,-0.3882423699435551
33058,-0.1791708279653791
33059,-0.0839439910437467
33060,-0.11002138421864915
33061,0.06697093933380152
33062,0.18997712805972575
33063,0.12126042543810525
33064,-0.26576613103280333
33065,0.17939443782991304
33066,0.04208892717749954
33067,-0.11570799306814374
33068,-0.5611088533283939
33069,-0.03381705575430138
33070,0.3544461381086692
33071,0.4638400484150355
33072,0.48792110476313144
33073,0.3592064912665752
33074,0.2350813643814042
33075,-0.2085935103929232
33076,0.3122163127204509
33077,0.4389999755080374
33078,0.5164481640026756
33079,-0.3521718600163945
33080,0.9750107309580607
33081,0.7031430403885425
33094,0.3078989597897731
33095,-0.40265984976264435
33096,0.5301143502514937
33097,-0.6303482699710157
33098,0.5532524986052725
33099,-0.018918802479128596
33100,-0.7130072664374257
33101,-0.4484497485071831
33102,-0.17593557548763666
33103,-0.1808783411408197
33104,-0.4768491219869218
33105,-0.10860383252266265
33106,1.5787289171808865
33107,-0.15250208307761148
33108,-0.04740503585653324
33109,-0.1969165957017681
33110,0.0035128499358921955
33111,0.04905350614382084
33112,-0.32342917263443716
33113,-0.29870452924651425
33114,-0.7841125240635877
33115,-0.25228833877822693
33116,-0.23970456981446636
33159,-0.1656144505204646
33160,0.16733605977551225
33161,0.06797459906545907
33162,-0.017205019712553546
33163,-0.6060791108643788
33164,-0.16457087877652715
33165,-0.47751241434036673
33166,0.764142704014652
33167,0.06497428759127832
33168,0.4748741414587618
33169,0.4263398797833526
33170,1.2995449460934227
33171,0.035883141105099985
33172,-0.058827933016110015
33173,0.5399071475148548
33174,-0.028813993049995157
33175,-0.2785982307856582
33176,-0.040636034139269236
33177,-0.6413377837552315
33178,0.7191532861705602
33179,0.40435638492803705
33180,-0.8005227200789428
33181,-0.667751503632216
33182,-0.4225666472797128
33183,1.377693902080986
33184,-0.8683601853705734
33185,-0.36246642234792215
33186,-0.6193887517285184
33187,-0.4502596060992755
33188,-0.2065733781178304
33189,-0.6543909627209978
33190,-0.8421205863456532
33191,-0.7049956853150744
33276,-0.05096425358253941
33277,-0.287374158561442
33278,-0.41652854871017253
33279,-0.7059165323666328
33280,-0.1745796810661062
33281,0.6595814063557097
33282,-0.6533755164334305
33283,-0.03408405556599367
33284,-0.5265952261980524
33285,0.6543768453856037
33286,-0.479898916157097
33287,-0.22738305362050093
33288,-0.4053812762063703
33344,0.03953872124693558
33345,0.2508756320333326
33346,0.6231826502785481
33347,-0.0035592702092530765
33348,-0.7673441140695161
33349,0.606076734715606
33350,0.5839785430783218
33351,0.30589460002511987
33352,0.08937388274428935
33353,-0.040440895044700845
33354,0.8547960042333297
33355,-0.06934962866905177
33356,0.9092086876586853
33357,0.8512504881954681
33358,-0.5668581639312239
33359,0.27855531366303504
33460,0.1573360880261126
33461,0.14345975418065618
33462,-0.30791221482382963
33463,0.18818925660537383
33464,-0.0745198199342737
33465,0.16922408190661303
33466,-0.7498218895429529
33467,-0.3250909775944852
33468,0.6538039153969701
33469,-0.2869231853053917
33470,-0.4407438039426085
33566,-0.43800217177546236
33567,0.6431929703426206
33568,0.4573200279232959
33569,-0.49481831410809163
33570,0.9222525003077428
33571,0.5392406004760713
33572,0.6273879920030416
33573,0.556972399933469
33574,0.5557189063778093
33575,0.8236781088149248
33576,1.1105565373934956
33577,0.4746553390081366
33605,0.8033687771656564
33606,0.5463691287199886
33607,-0.07858798012024595
33608,-0.5947277922276776
33609,-0.2227083765293636
33610,-0.07106749395985693
33611,-0.34787122099650847
33612,-0.4437393300464241
33613,-0.48769276154270286
33614,-0.12741703173497532
33615,0.6384203556287271
33616,0.6452061239889356
33617,-0.678645923249857
33618,-0.18576383650547285
33619,0.16118859751644837
33620,0.12870055670702618
33621,0.27687341605059
33622,0.5085192792990947
33623,0.9957383796308805
33624,-0.22364685372835524
33625,-0.5992798823759699
33626,0.6010242596778692
33627,-0.642526466771247
33628,0.16250059768840155
33629,0.712735670589877
33630,0.2029695366950423
33631,0.4110684368920103
33632,-0.13400805470749183
33633,0.44113199897807354
33666,-0.2355404939411348
33667,0.3571983934491818
33668,-0.5689793603608275
33669,0.6082858091511738
33670,-0.23706664431596808
33671,0.14382697135911907
33672,0.5811727797180063
33673,-0.46489579342436926
33674,-0.5928141394115048
33675,-0.45783443975110594
33676,-0.18733741447181795
33677,-0.24413710192725832
33678,-0.07358560940003875
33679,0.0796647662652898
33680,0.25463646433972265
33681,-0.19392140379142786
33755,0.14092871231954557
33756,0.03251306454228328
33757,0.3212839261625371
33758,0.11155752018378653
33759,0.49304337423431305
33760,0.41481824255214517
33761,0.34130906283210427
33762,0.07034700157666719
33763,-0.8211995359387146
33764,-0.25162906608928415
33765,0.19854567041626936
33777,-0.14063189734143292
33778,-0.7229522252349089
33779,0.07886013451849751
33780,0.04368598578277927
33781,-0.37149540412383
33782,0.5587033606822216
33783,0.576313270463038
33784,0.7151219500633565
33785,-0.26570231888148954
33786,0.06347644514544379
33787,-0.3654807870647354
33788,0.036719324742366846
33789,-0.1404048050774241
33790,0.35935026498922634
33791,-0.20401139465657495
33792,0.5900007717365138
33793,-0.739464995498278
33794,0.0990493643934161
33795,0.49378652692054864
33796,0.7450382553944059
33797,-0.374054767871477
33798,-0.3633929841404532
33799,-0.1370170479026963
33800,-0.7358394037476673
33801,-0.1680884383219558
33802,0.045635377054663855
33803,0.1369286061694811
33852,-0.28224451895097935
33853,0.02532267852074338
33854,-0.4716572678258367
33855,-0.17110072912470642
33856,0.6468003626125933
33857,0.2307681652884393
33858,-0.4671162061083326
33859,1.2364395966038793
33860,0.8925140177405391
33861,-0.27848676210608597
33862,-0.32443404596080394
33863,-0.15245409692457537
33864,1.0059419955421998
33865,-0.19759664355883005
33866,0.02183498775414839
33867,-0.4345531022482214
33868,0.18780449780517844
33869,0.24632241973588603
33870,-0.44374701736696287
33871,0.1646994678956431
33872,-0.693391787019793
33873,-0.3875065907611851
33874,0.2374877166735922
33875,0.010458137416885505
33876,-0.043750996344692886
33877,-0.20412863173773013
33878,0.16795366223335406
33879,-0.5530948924398843
33896,0.2985985008021914
33897,0.0826973234409615
33898,-0.013368212773434952
33899,-0.03866561612241864
33900,0.20033999480093484
33901,0.3958639142613956
33902,-0.10819948840194216
33903,-0.46407345109520515
33904,-0.4459025774558556
33905,-0.025020892866190615
33906,-0.3123732324775443
33907,-0.3028052157085218
33908,1.0902239933534905
33936,0.14267795795125077
33937,0.7472066803449564
33938,0.12260054703042855
33939,0.5206172423011989
33940,0.07233048673268974
33941,-0.24897516350140572
33942,-0.1701828002853349
33943,0.17779554953406473
33944,-0.4644898156456281
33945,0.36277477327536933
33946,0.08051403778087277
33947,-0.32309038099592224
33948,0.09411098444700121
33949,0.14860033683231366
33950,-0.02336188997810905
34117,-0.01801958664461105
34118,0.33064646366093164
34119,0.32520333958316494
34120,0.2925434522445952
34121,0.08117900296593168
34122,0.08914186498480631
34123,-0.15361273344100698
34124,0.2742235399336973
34125,-0.14636478334217118
34126,0.471337454759194
34127,-0.05852932541048092
34128,0.42184388516158877
34129,0.2284408996935765
34130,-0.21959159413267024
34131,0.24194598651806204
34132,-0.05724248135311524
34145,-0.0808732964577412
34146,0.23466585480885627
34147,0.025832795569591428
34148,0.8284496848101228
34149,0.5231350831026129
34150,-0.5940546792897532
34151,-0.19670417725376288
34152,0.28927350814367386
34153,0.6628677781729253
34154,0.03313231855450316
34155,0.0722816961547988
34156,0.08331421354889683
34157,-0.1118241191658602
34158,-0.5354509671421761
34159,-0.04540472539472373
34160,-0.08919714642925299
34190,-0.05205914713310521
34191,-0.2500219234934546
34192,-0.31067268962054007
34193,-0.17142950514093536
34194,-0.2182019000969279
34195,0.22445413572710698
34196,-0.1391989865207989
34197,-0.10425233066754468
34198,0.11537093341860877
34199,0.07724009881444847
34200,0.024703074195502606
34245,-0.22730308365209603
34246,-0.7693801350922355
34247,-0.18837740520198024
34248,-0.40672962529747547
34249,0.34134324354833967
34250,0.040379569777811875
34251,-0.41878633789202246
34252,-0.2622524227563857
34253,-0.16810045839002852
34254,-0.37057865366098125
34255,-0.1896768911756705
34256,-0.10721029649518415
34257,-0.2900278479205971
34258,-0.13292487947201817
34259,0.036635639901013775
34660,-0.6236986155559585
34661,0.8012969399652536
34662,-0.6968446321541572
34663,0.5858469521421167
34664,0.19178424670113736
34665,0.4250719481841469
34666,0.41503507762238406
34667,0.8327923399189353
34668,-0.8133466806965872
34669,0.023036590519551287
34670,-0.12122093128328514
34671,-0.8702687672205163
34672,-0.754256400407263
34673,1.6988681653759676
34674,-0.608774496376051
34686,-0.3598595827489477
34687,0.02610839937773686
34688,-0.2207165603904364
34689,-0.17349922031118348
34690,-0.20181708200409465
34691,-0.31429070298366635
34692,0.17050296584936553
34693,-0.21815978721217785
34694,0.14426469774331602
34695,-0.03460181916450543
34696,0.0847238914634284
34766,-0.6610194095660591
34767,0.3732960909719629
34768,0.5708327732356118
34769,-0.07823205356522824
34770,0.5110238990711647
34771,0.11291858905345122
34772,-0.18912063017289704
34773,-0.385283797260758
34774,-0.5013743836333724
34775,-0.11476166479842013
34776,-0.8072990485406287
34777,-0.44716479230313727
34834,-0.20203078763138452
34835,0.5325916250851568
34836,0.6697334915867643
34837,0.2678098434160056
34838,-0.40315759985066696
34839,0.6041715333299446
34840,0.001008814464897756
34841,-0.024975354322665427
34842,-0.08558773930795624
34843,-0.18291794705370285
34844,0.1961112966817857
34845,0.7432693320442831
34846,0.06232447829769217
34847,-0.30844654676255057
34848,-0.09522704568317905
34849,0.22232427500081686
34850,0.6383325942915365
34851,-0.340882491093252
34852,-0.14276044543198346
34948,-0.9322261585502984
34949,-0.7221985608409017
34950,-0.12152402481271116
34951,0.40470261631423243
34952,0.36979696802131967
34953,-0.37588076741892906
34954,-0.3609610018333009
34955,-0.32879847751157343
34956,-0.5376694115334499
34957,-0.49650632258446575
34958,-0.39996958025755325
34959,-0.13129815021477503
34960,0.7300152562058964
34961,1.0099452365931845
34962,-0.6380781200447302
34963,0.6533322414844125
35010,0.15363756292136452
35011,-0.2951099857096491
35012,-0.32783686526406786
35013,-0.6150105771602994
35014,0.4185453329315309
35015,0.5836946087740817
35016,-0.3686027371017911
35017,1.3818936776912198
35018,-0.16568859065850042
35019,0.7889597868529459
35020,-0.23553335133842276
35021,-0.4534465004268249
35022,-0.26598978386466443
35023,-0.6171281514263021
35024,-0.12492407755748747
35025,-0.2049846688657429
35026,-0.16621473635858777
35027,1.3899842453875524
35028,1.119639848528122
35029,0.39662196267938654
35030,-0.4818659197084234
35031,-0.09574778008013601
35032,0.018238178661939122
35033,0.8855945495538217
35034,0.8205796009257524
35035,-0.04846497870982865
35036,-0.02824489422936438
35037,0.30389512432276716
35038,-0.6117210466283686
35039,-0.13860106798255306
35040,-0.5567803186571179
35041,-0.2610421066503063
35097,-0.4170449615278484
35098,-0.2930883226975737
35099,-0.4044758706467111
35100,-0.18990525670030717
35101,0.22510932254593333
35102,-0.09073716835717287
35103,-0.16784873211807017
35104,0.3229448144367658
35105,-0.284024990021723
35106,0.13426209504415074
35107,-0.6875874062203975
35108,-0.4386686471133327
35109,0.19842130721784818
35110,-0.6673271774331706
35111,-0.6412391873912912
35112,-0.3585712059976328
35148,0.6651240075528101
35149,-0.12553678979948696
35150,-0.7417727797779295
35151,-0.5809660315756323
35152,-0.04979108708744791
35153,-0.30368068932420716
35154,0.46838877687008
35155,-0.3921357082636666
35156,-0.38772292578126016
35157,0.38837889483573784
35178,-0.5938479837141157
35179,-0.2596181785129643
35180,-0.7258597933772997
35181,-0.6705464886018028
35182,-0.8373274674626929
35183,-0.46082103098750926
35184,0.07665311623382873
35185,-0.3821870161624904
35186,0.5959670121844582
35187,0.7578816700729882
35188,-0.37549641349969254
35189,0.8483539381372303
35190,-0.14460037212053797
35191,0.2892668499553777
35192,-0.3584306117686924
35206,-0.07577062851319671
35207,0.481065199868809
35208,-0.6246712266303905
35209,0.3538123504795302
35210,0.9023242454037432
35211,0.4165227729926424
35212,0.6129217741332375
35213,-0.7836658634782039
35214,-0.1296450973915812
35215,0.4181555116842356
35216,-0.3533029878429539
35217,-0.23078239494491012
35218,0.05744428942463176
35247,-0.7097367060790579
35248,-0.01905481806214021
35249,-0.3744235963849697
35250,0.23097100511780227
35251,-0.036959243432666225
35252,0.22355368016105506
35253,0.23668722851030333
35254,-0.09087447570687274
35255,-0.13370556628135807
35256,0.4242588974344573
35257,0.19729276182580946
35258,-0.13700082373981784
35259,-0.11196653661428449
35260,-0.40440344007219897
35261,0.12407597270959388
35262,-0.24047744777753505
35263,-0.29010381093024845
35264,-0.5519503808985248
35265,-0.311514381872568
35266,-0.19824894231892964
35267,-0.14968572987835232
35268,-0.19310499638866624
35269,-0.0904425216472092
35270,-0.18837667463028884
35271,-0.0844586502215818
35272,0.09373885683486467
35273,0.5028340212066644
35274,0.6942730587967978
35275,-0.29461263017086453
35276,0.09953957817891945
35277,0.26596113470064986
35278,-0.38764399022879825
35279,-0.31335882232713735
35280,0.18038214479056347
35281,0.01891390286099888
35282,0.02168518207721147
35283,-0.01998884519504232
35284,0.22282178634621366
35300,0.3663889454881401
35301,-0.5550599600658858
35302,-0.018351113181885523
35303,-0.24665250473340133
35304,-0.19881780489266054
35305,-0.238266099183985
35306,-0.23910070742141695
35307,-0.122276353136616
35308,-0.37739433552442847
35309,-0.22073414856059403
35310,0.4133891141576205
35311,0.7945617884623153
35340,0.09189529796103058
35341,-0.4256070788130787
35342,-0.1355723459257484
35343,-0.06443019859395872
35344,0.5985173720043317
35345,0.3083574714631302
35346,-0.37682564968495524
35347,0.17403530014306243
35348,-0.2592123783276406
35349,-0.29084734826528186
35350,-0.004514981486179098
35367,-0.38657965103719255
35368,-0.4758191821527574
35369,-0.49018570581354864
35370,0.6338865187182519
35371,-0.35524336710976046
35372,-0.4609431727538626
35373,-0.6426880458182757
35374,-0.6278110056935954
35375,-0.3004429493735646
35376,-0.6190375775059511
35377,-0.6354045555608364
35378,-0.3457089770894615
35379,-0.3481933960274637
35380,-0.7695634679492508
35381,-0.6967103044505074
35382,0.3324488201552094
35398,-0.3930809030282969
35399,1.3831173875961413
35400,1.4618956444340083
35401,-0.4031218891850444
35402,-0.4868246497914687
35403,0.428909430616818
35404,-0.4441945470733616
35405,-0.7023935996105776
35406,-0.65894818156396
35407,-0.5899592618866314
35408,-0.6145385075417861
35409,-0.4701660772730741
35410,-0.49360326236138574
35411,0.1741095515367358
35412,-0.6897485107143788
35413,0.07598276058475444
35435,-0.8258445619759069
35436,-0.35656102393271705
35437,-0.33965006932120684
35438,0.6388296834451364
35439,0.21643601605939433
35440,-0.4083359517778025
35441,-0.019872308993677673
35442,-0.03931533023570097
35443,0.020076783598525327
35444,0.09809518315208425
35445,-0.20462753821060337
35446,-0.27430693289469943
35447,-0.2630430027193927
35448,-0.2292860434468309
35449,-0.43947963048876415
35450,-0.7514072611504962
35451,-0.3240176340749586
35452,-0.4997949206180927
35453,0.054541415143790135
35454,0.19239718461742344
35455,0.14126098390991237
35456,0.5412328477460822
35457,-0.025278678830122026
35458,0.266158949924375
35459,0.044110775213069976
35460,-0.0649037169025259
35461,0.03370577089536182
35462,0.11305117776762265
35463,0.1651380353457565
35464,0.19269635487575743
35465,0.1953686423131903
35466,0.003127113337771062
35467,-0.5130325665136495
35468,0.08745827929010239
35469,0.17146702713176842
35470,0.09083069017630847
35471,0.7288794993542089
35472,-0.4172932696509082
35473,0.030589025001388742
35474,-0.5450429391441408
35475,-0.5503662301726728
35476,0.27643653229595583
35477,-0.5416809083470819
35478,-0.014606608196737939
35479,-0.10874018027253127
35480,-0.7947599573302464
35481,-0.7337008613051178
35482,0.22006907763672134
35483,-0.902164087785749
35496,-0.4698093509079442
35497,-0.4188201108372108
35498,-0.48567474281271555
35499,-0.3912168471309662
35500,-0.008902471060261291
35501,-0.21569239006977403
35502,-0.44305350273798944
35503,-0.15161412469586655
35504,-0.2869547431779105
35505,-0.30473575844107015
35506,-0.40299775801983073
35507,-0.18426558229055884
35508,1.0739727361636482
35580,0.3808867229059407
35581,0.48881990460618524
35582,0.407475094468194
35583,-0.33662084926881203
35584,-0.5174506244723116
35585,-0.3584633390724693
35586,-0.3991028402059506
35587,-0.2768843395019384
35588,0.9842549823512736
35589,-0.0559931447312249
35590,-0.5789040898093484
35591,-0.3103622015254878
35592,1.1231189785834057
35593,0.8272380181106547
35594,0.6504323818347808
35595,-0.4713198448734348
35639,0.4328856656420417
35640,0.4874308508716944
35641,-0.11016420955804207
35642,0.588248344907115
35643,0.36579370223000646
35644,0.43768679468080907
35645,-0.6488180255309106
35646,-0.20968777748239553
35647,0.4117033503104952
35648,0.5878385706031279
35649,0.16582057578338644
35650,1.14132584352016
35651,-0.5118536728355293
35652,-0.11017902702451979
35653,-0.6062495613651827
35654,-0.684973819925786
35655,0.8061037445683814
35656,0.3739626320035414
35657,-0.1726170233689775
35658,-0.4756177902962542
35659,0.18491628866026438
35660,0.2928647291040529
35661,-0.5240116066185744
35662,0.9367769675202884
35663,-0.2801475599105776
35664,-0.8649005791885142
35665,1.3438238929114539
35666,-0.03532477996976219
35708,-0.7287437207379446
35709,0.3666580682750891
35710,-0.7981574009561652
35711,-0.40474839484578384
35712,-0.5102267543888924
35713,-0.14755882513199764
35714,1.074553682726085
35715,-0.3244079432086781
35716,0.11223262130653101
35717,0.3879706530905439
35718,0.4052209044304773
35777,0.5919893283698497
35778,0.430985486419027
35779,1.0567606148598039
35780,-0.6045467720027594
35781,0.6324636146281224
35782,0.24036070521262753
35783,0.7174019210842103
35784,-0.0077700415653946114
35785,-0.37913184455782345
35786,-0.7754819897130942
35787,0.2735020203938791
35788,-0.2177514656146709
35789,0.15240330388286874
35790,0.020409991011502177
35791,-0.5192505357323625
35792,-0.7015842278669905
35793,0.304077142924311
35794,0.45192931253274404
35795,0.4374855758919689
35796,0.3319245646960329
35797,-0.0062151780303441595
35798,0.27235368831927254
35799,-0.32794027752735827
35800,0.21309083378936133
35801,0.8778735739857362
35802,-0.36727436154509735
35803,0.3987738658887269
35804,0.5348900393757998
35805,0.33472912403692984
35821,0.2880380632974769
35822,-0.19092716207153657
35823,0.10029004821372747
35824,0.6193832378761499
35825,0.372942553748834
35826,-0.35430497246225867
35827,-0.5289142202814542
35828,0.284624311751525
35829,0.1917908002244394
35830,-0.3684805030644967
35831,-0.6268527075838121
35832,-0.6350251427386124
35833,0.4824983267822258
35834,0.45229509437301124
35835,-0.5329859023728993
35836,0.04930961463237438
35837,0.3992621736948727
35838,-0.10833565069376536
35839,0.31232048244877786
35840,-0.8394785176294592
35841,-0.32258104203190274
35842,0.08594549121916288
35843,0.27426870418561583
35844,0.5077399121389656
35845,0.04058628907687377
35846,-0.05687921767206189
35847,-0.5561661389681791
35898,-0.30809974010935215
35899,0.01223779069128439
35900,-0.7320014843496501
35901,-0.4897716238244429
35902,-0.2978121094189632
35903,-0.27168071554311013
35904,0.19912570236659738
35905,-0.3774136598633895
35906,0.5218062320445447
35907,-0.7218814596585892
35908,0.4532504759318846
35909,-0.23515572779394447
35910,-0.5752197933504657
35911,0.6020827812894141
35912,0.9719639841019421
35913,-0.41741280794403285
35931,-0.5665929537909559
35932,-0.4784347486896676
35933,0.3210937818557801
35934,-0.4271452773766729
35935,-0.4244231101732979
35936,-0.249415075092684
35937,0.02128667768706244
35938,-0.32818220642772555
35939,-0.2012401825278745
35940,-0.26341498326659907
35941,-0.09989132936720865
35942,-0.3891118611296772
35943,-0.3722161801153048
35944,0.12399367232927955
35945,-0.28435700885452453
35992,-0.11462214641898949
35993,0.4722282111721616
35994,0.479701458405023
35995,0.30854209088059126
35996,-0.47185997973619687
35997,-0.8708033524833383
35998,0.09236843178682314
35999,0.42166291689760327
36000,0.7498630139757811
36001,0.33147103943031975
36002,-0.02107302852478128
36003,-0.5745360794550388
36004,0.8728427652727477
36005,-0.2284461654927616
36006,-0.07700771625640825
36007,-0.3111929775081784
36051,-0.20358314045743633
36052,-0.21540530955233808
36053,0.9840813340497232
36054,-0.3750584373019845
36055,0.01827541385039001
36056,0.2581803918859303
36057,1.3615779290515178
36058,-0.29702848001529836
36059,1.2439151937720696
36060,-0.01794417252562664
36116,0.00021595500010399699
36117,0.06756817241197684
36118,0.7033167612604052
36119,-0.13709305722070753
36120,1.3287286509442127
36121,1.0004772983997259
36122,0.9914145781443198
36123,-0.3663667968969013
36124,0.16549102333936372
36125,-0.45003105032176416
36126,1.0617881482411855
36127,-0.14909582815523478
36128,-0.19384656170764997
36129,-0.4141424291688336
36130,0.0011467139517666453
36131,1.036306018022186
36132,0.5634726879719668
36133,-0.6343206247812888
36134,-0.037194231642035225
36135,-0.39737139946947847
36136,-0.3725437792951898
36137,0.9048337848402773
36138,0.030049484080620373
36139,-0.3374823292819725
36170,0.25040472584831586
36171,0.05758814794438939
36172,0.304997406960535
36173,0.042904021437225354
36174,0.09479280610530459
36175,-0.7157462719875767
36176,0.5979058645794457
36177,0.19300836854688402
36178,0.15434020812450958
36179,0.2653053192883829
36180,0.13071845595146406
36181,0.09737047840569407
36182,0.10980129601337141
36215,-0.08123057830381418
36216,0.5648257483668353
36217,-0.6468247171644032
36218,0.26097154831367236
36219,-0.29940183947969407
36220,-0.5971812475820049
36221,-0.5949680948259874
36222,-0.06289647426693067
36223,-0.39629151246942595
36224,0.1885979737446994
36225,-0.2796387821786998
36226,0.5908704071516553
36227,-0.04009444241097969
36228,-0.6784586985193584
36229,-0.5250974898117571
36230,-0.36714038483871225
36317,0.6338664187278917
36318,0.5461496435170978
36319,0.24061070000556573
36320,0.15162016611695528
36321,-0.08162613861676438
36322,-0.29615032609889086
36323,0.3406871251386801
36324,0.04034487284155899
36325,0.3493887906808638
36326,0.42821132857031796
36327,0.3376307610757358
36328,0.07272264253365529
36340,-0.2779309603390119
36341,-0.20758251538719696
36342,-0.38545360344216595
36343,0.6884519099620152
36344,-0.5556552789204807
36345,-0.48889945290882825
36346,0.06841066585095262
36347,-0.052861089686346854
36348,-0.7766965304305957
36349,-0.07484092872274825
36350,-0.003223025124355891
36351,-0.6404459244984777
36352,-0.29501326537622313
36353,-0.33629221966427725
36354,-0.2993609047122223
36355,-0.395494909138435
36391,0.09892227926980449
36392,-0.3163128706901368
36393,0.8936207287223887
36394,-0.0925861304698705
36395,0.06136619153763246
36396,-0.48334495349838874
36397,0.4939074337517495
36398,0.24910401175215904
36399,0.7415635529024146
36400,0.8091651522067217
36401,0.34682878010121937
36402,0.4758652292135156
36403,-0.7223816581853799
36404,0.013044399286138403
36405,-0.28065928077089763
36406,0.25486043370641775
36407,0.21406338981245465
36408,0.18577822961860704
36409,-0.21625184510350454
36410,-0.5111716732826683
36411,-0.23035692888794862
36412,-0.06646103127668278
36413,-0.5041269239650424
36414,-0.17686420582909057
36415,-0.04005162385947339
36416,-0.15171042614272368
36417,0.5893079114961155
36418,-0.4188279661951789
36419,0.5165840006298661
36420,-0.5863574404457838
36421,-0.03357753636580674
36473,0.7253710084756119
36474,0.4066981977147148
36475,1.2367835330623471
36476,0.8778113549658866
36477,-0.47873071940487655
36478,-0.24644342046413192
36479,0.41329713277602464
36480,0.8325847642743868
36481,0.8703566912217683
36482,0.5197456989402733
36483,0.16758715358330628
36484,1.312018802392928
36485,-0.357195921733771
36486,-0.6032709337170546
36487,-0.686042912321834
36488,1.0117910624310844
36489,-0.25809472949261436
36490,-0.48528160856570934
36491,-0.013407412108752403
36492,-0.4649011938699392
36493,-0.15907043443487753
36494,-0.7761856504197764
36495,0.3501454791975016
36496,0.22522132912441648
36497,-0.3904163837164299
36498,1.2142933045527446
36499,-0.3718359536906361
36500,-0.017583283811429193
36501,0.2961410780438713
36502,0.23592114417247814
36503,-0.7163429797035475
36504,-0.21322794656184
36505,0.10380142580695055
36506,-0.14044526352197872
36507,-0.37635448983943326
36508,-0.21210654588979894
36509,0.16672542310462612
36510,-0.18511756186993011
36511,-0.1590329035290437
36512,-0.744560128329045
36513,0.027886798810238242
36514,-0.115408513666098
36515,0.13020490420126282
36516,-0.2511084830087661
36517,0.8062736598829356
36530,-0.18426979239462646
36531,0.13449445890706302
36532,-0.06904606075009083
36533,-0.10467347090181692
36534,0.9121193811214723
36535,-0.007978034130315219
36536,-0.06844345208707905
36537,-0.07814455455921246
36538,0.2580825312199554
36539,-0.29134406497745413
36540,0.25447072851887975
36541,0.3407856954805809
36542,0.322365154657131
36543,0.8066869859130956
36544,-0.12472997679412692
36545,0.0544086408893457
36546,-0.0941990039590822
36547,-0.40444223555532166
36548,0.1339686413697324
36549,-0.09405684219601826
36567,0.7735582104730352
36568,0.6353042561593315
36569,0.5561317788498044
36570,0.06601358124235787
36571,0.07461661752999034
36572,0.04480204947663564
36573,1.0909657717652974
36574,-0.2947962023248424
36575,0.1953187912800303
36576,0.12013324470754996
36577,0.0416114675497034
36578,0.03897351657459275
36579,-0.567734741996935
36580,0.0004517064622029804
36581,-0.599427033137624
36582,0.17383578452562282
36583,0.2142809687938845
36584,-0.11464701397141697
36585,-0.6968755995489804
36586,0.03276948875223916
36587,0.2263049921434575
36588,0.23400582448761736
36589,-0.02186555889666121
36590,-0.2894426798866201
36591,0.5011129779387189
36592,0.31623746893526505
36593,0.5093122602261687
36594,0.12544277782899405
36595,-0.4607923246531047
36596,-0.3926441807879688
36597,-0.1829962010426579
36713,-0.4146642128010738
36714,-0.313513564990328
36715,0.8640909507666865
36716,-0.16697196593476338
36717,-0.3576776502651044
36718,0.5135377928193923
36719,0.7750749118966468
36720,-0.33354752244305585
36721,0.5380342124185918
36722,0.463292114784598
36723,-0.34283787377515484
36724,-0.1594444160290418
36725,-0.28917779176321606
36726,0.09641169053370946
36727,0.14550575679056507
36728,-0.6413687371434884
36729,0.018168490843518584
36730,0.32400207190369124
36731,0.03873984631881651
36732,0.5021184626717278
36733,-0.38045481026480865
36734,0.17918998013493173
36735,0.0765955848206144
36736,0.0071747689307341544
36737,0.13248491856848107
36780,-0.6482764407874096
36781,0.18517590521435687
36782,0.17510229919547038
36783,0.24560188222258278
36784,-0.00495918690993806
36785,1.1312715088852983
36786,1.2220742183825044
36787,-0.44317389877294955
36788,0.1834585476600408
36789,0.36518571941591926
36790,0.08601843383035693
36791,-0.22562969541251177
36792,0.25321190929226967
36821,0.060101072369542125
36822,0.3594869373485517
36823,0.048060957062715556
36824,0.4021449898011457
36825,-0.5618598367788996
36826,0.14281567868911998
36827,0.23955308372764753
36828,0.03957137411455007
36829,0.20033856444142867
36830,0.02054369732668339
36831,0.16895999318138527
36832,0.5158427336512508
36833,0.1594152355979609
36834,0.33857709543253944
36835,0.17929974793849304
36836,0.026751838325066474
36837,-0.13615963327625152
36838,-0.4943875842391641
36839,-0.06102196941008016
36840,0.1396757846062276
36841,0.15566106692436768
36842,-0.22846912992397989
36843,0.08075108992297794
36844,-0.24333055567453274
36845,0.6456706988569898
36846,-0.6128062443557706
36847,-0.45432626411077615
36848,-0.12344618801463653
36849,0.186963002294727
36850,-0.6951395009906056
36851,-0.05256899154104479
36852,0.23586577613144613
36853,0.29938827868586104
36854,-0.7007711420483598
36880,-0.21076277623014716
36881,0.23966963382101908
36882,0.3154107058104825
36883,-0.08367620827019252
36884,0.3422132329811163
36885,0.7723250315990955
36886,0.6548013154003437
36887,0.5396462183362379
36888,-0.17755503499961134
36889,0.5381152042727698
36890,0.1399430616895957
36891,0.3896395058152993
36892,-0.5274373856537042
36893,-0.07845780278748997
36894,1.0253383347997236
36895,0.20719066015408844
36896,-0.23187783187500133
36897,-0.6168191940059791
36898,-0.0930666379908062
36899,0.18665799647176132
36900,-0.02173934529246703
36901,-0.3853650827507259
36902,-0.26848684937650347
36903,0.3346660444001275
36904,0.3114723434183778
36905,-0.02711793890080766
36906,-0.06127655100964745
36907,0.31313268382638826
36908,0.9725054449047745
36909,-0.008369203481848789
36910,0.0785906848926465
36911,0.46698297521510346
36912,-0.10923896859343216
36913,0.0756568565335208
36914,-0.2618572975564614
36915,-0.18878230651455294
36916,-0.45138118233289953
36917,-0.17044884964102613
36918,-0.4604385746603865
36919,0.05985204720175165
36920,0.7657202082819377
36921,-0.3246418162180825
36922,0.5430272731377956
36923,-0.4552433815319759
36924,-0.2971183403728832
36941,-0.5227803287694259
36942,-0.35166990548004856
36943,-0.3053594865693312
36944,-0.690761282296525
36945,-0.24155999487289492
36946,-0.441530159047212
36947,-0.6196207118614688
36948,0.4459535091131842
36949,-0.6132502518889119
36950,-0.4285408446805114
36951,0.5595243530359584
36952,0.09301990656877432
36953,-0.26855544343773935
36954,-0.8078412107863202
36955,0.16311482751647854
36956,0.13492989288707002
36957,0.06063692343957043
36958,-0.16589214608020175
36959,0.04110576339603807
36960,-0.3462383761815804
36961,-0.08103226092730571
36962,-0.30212986822137583
36963,-0.14194722229728352
36964,-0.09254477849790077
36965,-0.047876702733726434
36966,-0.8811195282541964
36967,0.1201312534378963
36968,0.6377997671253834
36982,-0.16205850038644729
36983,0.003738733986367593
36984,0.30266252985985115
36985,-0.6304419110492487
36986,-0.1262590980902515
36987,0.7707258538521449
36988,0.7543113107502256
36989,-0.04130225215325846
36990,-0.12223064643541279
36991,-0.06197208866252739
36992,1.1399569828709637
36993,0.05104920521503469
36994,0.8984933890385609
36995,-0.2686644776636366
36996,-0.13909079060504417
37013,-0.20906079870208888
37014,0.7262985566711994
37015,-0.4327200993511025
37016,0.1828406182410347
37017,-0.17265952471852997
37018,0.8970653870372689
37019,0.7682251225937089
37020,-0.08684314625245197
37021,0.2529479354480901
37022,0.10815303332259324
37023,0.8650323645347768
37024,-0.6568652010856709
37025,-0.2839376625697061
37026,-0.2515721628064257
37027,-0.23764292858516475
37028,-0.09723242254235472
37045,-0.4228547553486666
37046,0.6443676316959438
37047,0.007840152441903135
37048,-0.39440148319646046
37049,0.9885099747917723
37050,0.769609033572258
37051,-0.3577028124165508
37052,0.462857171090719
37053,0.5294822265224136
37054,-0.34017830523696974
37055,-0.25039616938814957
37056,0.429218073074583
37262,0.06734838368635213
37263,-0.19105244303158422
37264,0.23234277588867572
37265,0.17979076080929607
37266,0.22718425317635338
37267,0.04627513904471914
37268,-0.11987271679979197
37269,0.2566243016030423
37270,-0.30291517195182255
37271,-0.1921749273743376
37272,-0.029850112043362798
37273,0.3669792079085326
37274,-0.17162484589303098
37275,0.4488617212767744
37320,-0.3960011103151613
37321,0.10470811642443292
37322,0.05611625754443431
37323,0.061210107228186914
37324,0.05208021004079717
37325,-0.7161627893075192
37326,0.1270050675161021
37327,0.2306372511389458
37328,-0.22852958434439052
37329,-0.46434501639728193
37330,0.00015047066485326943
37331,0.9858271903237033
37332,0.26177916560651066
37349,0.010236539074276158
37350,0.2511151646541185
37351,-0.04608454640291609
37352,-0.3082098043908356
37353,0.26502155041022685
37354,-0.00906731566110286
37355,0.4388300156037144
37356,-0.2030694981306707
37357,-0.1759599986721499
37358,0.033886325463551595
37359,-0.5953031463418699
37360,-0.20331250765465458
37361,0.5546179682066448
37362,0.00458490742996881
37363,0.25452482218483125
37364,0.6495027502353516
37365,0.28189417475035533
37382,-0.23163190488658197
37383,-0.17903142970160202
37384,-0.7420597027946925
37385,-0.38726547245372606
37386,-0.5506189927036831
37387,0.05077879747208457
37388,0.7354657878117883
37389,0.5979054465370375
37390,-0.18562563999870135
37391,0.005777751859062291
37392,0.0010911132771186244
37406,-0.04214687377354791
37407,-0.038475718915565116
37408,0.08789525842267329
37409,0.42587982619430104
37410,0.2045675822491408
37411,-0.11574940405026715
37412,-0.29497033354377694
37413,0.2249010638807714
37414,-0.17196749032560235
37415,-0.01433828327871206
37461,-0.5756173736259462
37462,-0.0912257463035539
37463,0.04782909982516542
37464,0.1287876373180239
37465,-0.12397387941281635
37466,-0.22361145562416623
37467,-0.6388343015747373
37468,-0.10548830010631573
37469,0.4093932881581802
37470,0.07855587662674848
37471,-0.30298560522730156
37472,-0.6370651690089938
37473,-0.16289916133660004
37474,0.1211341313011933
37475,0.10020514641990595
37476,0.28718609549649143
37477,-0.5688577386050531
37478,-0.7793400329198211
37479,0.02944717326840135
37480,0.3168205842807342
37481,-0.6853539212297641
37482,-0.9229924439073992
37494,0.06140269659528312
37495,0.18394826879236242
37496,0.4044520745442297
37497,0.0752699979301848
37498,0.3049645355856144
37499,0.40264870092812455
37500,0.6778113437251132
37501,0.3861699904424541
37502,-0.5758366864407799
37503,-0.7211909799405715
37553,0.2275508295205369
37554,0.46117551117791106
37555,-0.3297292398584869
37556,0.17506203703754927
37557,-0.5862347270731776
37558,-0.08774305677336412
37559,-0.2772413832704326
37560,-0.2305383782209368
37561,0.456660570539304
37562,-0.24886175323830295
37592,-0.3474419685102916
37593,-0.38957810233318896
37594,-0.5608369173131351
37595,0.16567894531860458
37596,0.2628752633539289
37597,-0.25347875692107547
37598,0.15656595171178828
37599,-0.2220394766175468
37600,0.2665549922932051
37601,-0.016123730948680207
37602,-0.24640991120246458
37603,0.3986187156268809
37604,-0.3635522303552003
37605,-0.23306472117452637
37606,0.42730605896096496
37607,0.4150302431057089
37608,-0.23067603244063087
37609,0.5508816936388095
37610,-0.34773881560558473
37611,-0.3849624183635625
37612,-0.19919426352258107
37613,-0.5372956259207513
37614,-0.3005865443450519
37615,-0.24108780538078042
37616,0.07203700333259376
37617,-0.3652343345693558
37618,0.2891706229379261
37619,0.6161068842944162
37620,0.8617925519499487
37621,1.1715834427045908
37622,-0.008070212935670937
37623,0.4442504115695325
37624,-0.32442802793441616
37625,0.5031818403878254
37626,-0.18979508328612482
37627,-0.365056829850679
37628,0.46274284978519276
37629,-0.5958946686456724
37630,-0.6968932900943486
37631,-0.26277112374258543
37632,-0.240519444742046
37633,-0.343816224479723
37634,-0.19071608943002744
37635,0.4667502069953451
37636,0.14425929025254725
37647,-0.0832415342734204
37648,-0.039907722272330276
37649,-0.0896518760653297
37650,-0.5935904536731708
37651,-0.19896800781311824
37652,-0.5191068787530412
37653,0.6304579872753254
37654,0.11387208493318673
37655,0.291873274574448
37656,1.4751373122905809
37657,0.5112881935251059
37658,-0.018209593749298
37659,-0.02094631276858827
37706,-0.38290551049266713
37707,0.7325396594766393
37708,-0.15212838516158514
37709,0.4329605977623034
37710,-0.08217067565611395
37711,0.1632135062806339
37712,-0.3146739046555804
37713,-0.5504747117721384
37714,0.141347514019227
37715,-0.12993656621125155
37842,0.6135013298139338
37843,-0.0750187485801174
37844,-0.05067015791462068
37845,-0.46323978029003
37846,0.41069641487947117
37847,-0.42318609633738064
37848,-0.3788115667921834
37849,-0.6377008532391574
37850,-0.5590187153724195
37851,-0.3542177620850703
37852,-0.7173106357324032
37853,-0.5448705179727263
37854,-0.19868973379226165
37855,-0.7083844387794832
37856,0.4291776233880711
37857,-0.6612782636668264
37858,-0.3514811966742576
37859,-0.6076120870949021
37860,0.04236117694028989
37861,0.28214729231176683
37862,0.560655037690199
37863,0.17211133801974238
37864,0.5133018842276035
37865,0.6222435245608602
37866,-0.42231084227885984
37867,-0.13157396532419302
37868,-0.5622026956867268
37869,0.029922897456172354
37870,-0.14638415517765882
37871,-0.2040225316041871
37872,-0.09859724953649099
37873,-0.1932788984460862
37957,0.42084192623410077
37958,-0.41471982438967314
37959,0.37971716438570297
37960,-0.23597849583455102
37961,0.1279801344669039
37962,0.6007304069612245
37963,-0.3322338833417258
37964,-0.33981571238487585
37965,0.8272268769151507
37966,-0.01200634659748781
37967,-0.4528835490123392
37968,-0.2236361493934702
37969,0.3642434235672122
37980,-0.011868854454729363
37981,0.15921972440987087
37982,-0.7402977202621602
37983,-0.16245327627548925
37984,0.04076907195376314
37985,0.18036910368959438
37986,-0.18900207649130332
37987,-0.8348616494396732
37988,0.3440471576886125
37989,-0.2288550856209598
37990,-0.3806302535265593
37991,0.03780354118791344
37992,-0.6554653726089638
37993,0.9405825676055966
38075,0.05144465642438617
38076,-0.00043589663183662974
38077,0.5883385005396633
38078,0.3262844667697601
38079,-0.10784699251910584
38080,-0.27741599288760277
38081,-0.0302127974299852
38082,-0.3554997777373652
38083,0.02696870993996088
38084,0.5428899737006481
38085,0.0055611824548796596
38086,-0.13529889018417884
38087,0.24514264199076818
38088,-0.012209474962049258
38169,-0.3112675809489733
38170,0.8633984319494867
38171,-0.05832053185930369
38172,0.9595656681814284
38173,-0.5476714758923525
38174,-0.17138837105653848
38175,0.34609203986275466
38176,-0.47631616573311414
38177,0.041673978679203645
38178,-0.19153995233818255
38179,-0.4420532479611474
38180,-0.31884180113650606
38209,1.134515495452191
38210,0.1324842025738184
38211,-0.3311010303203146
38212,0.2696041039167825
38213,-0.37632010394229165
38214,-0.10741859021892901
38215,0.13660839033424765
38216,0.12258769133704929
38217,-0.18158951885375346
38218,-0.04586897122988752
38219,-0.7526725669034925
38220,-0.3092999402217836
38221,0.20590137809091114
38222,-0.6499027101662483
38223,0.5296457051241519
38224,0.17431038384919956
38292,0.3939153243842435
38293,-0.4325910509493067
38294,0.17747287153621827
38295,-0.3768514902621927
38296,0.3041751592588841
38297,0.5538856586750263
38298,0.29114714201716596
38299,0.04093726799487353
38300,0.2545963245285388
38301,-0.3087154588615388
38345,0.5227474047250569
38346,0.14087582982355834
38347,-0.42368130014423033
38348,0.2237345877033669
38349,0.09988196133906929
38350,0.27635722711123073
38351,0.4998999723420021
38352,-0.28595639754833685
38353,-0.029736067478269554
38354,-0.20832883288935355
38355,-0.08593672900780229
38371,-0.38506595487355555
38372,0.1124274417609856
38373,0.17488848580121513
38374,0.07235245471930213
38375,0.516620645553532
38376,0.20452504972932942
38377,1.1351967470330369
38378,0.9789688908197531
38379,0.5905178686077521
38380,0.4848772183895527
38381,0.12332861755420808
38382,0.34023153503759107
38383,-0.25722100340996806
38384,-0.3975904445339456
38385,-0.1362006410701073
38386,-0.4036388874279844
38387,-0.3545407220486522
38388,0.1952063877809173
38389,0.02533351654238375
38390,0.37287264204935755
38391,-0.28763574414978327
38392,-0.09466332778632659
38393,-0.7790802218818916
38394,0.32095964411294975
38395,-0.1036275628176064
38396,-0.030357821020325026
38397,-0.3157247277052954
38398,-0.399168732892181
38399,0.667522890864291
38400,-0.6259563255203459
38401,0.6529731771508352
38402,-0.7434497665973131
38476,0.10055042724013089
38477,0.16573730471234988
38478,-0.6610819602662416
38479,0.18186757077599597
38480,1.2487790306956117
38481,-0.45344341135216887
38482,-0.35732333811212097
38483,-0.8097090673561228
38484,-0.6538475843566844
38485,1.1164612141870724
38486,0.91565460441245
38487,0.8731493610199073
38488,-0.33471886918111526
38489,-0.009765695750364234
38490,0.03592619294787537
38491,0.06737143130860006
38492,0.3658046542967117
38493,-0.566036206777625
38494,-0.09868624598828839
38495,0.5010057297418564
38496,-0.02542287219093467
38497,0.16971683217101502
38498,-0.2941280428292909
38499,-0.9052462215413682
38500,-0.46440187978572023
38501,-0.0898920231184028
38502,0.33045622898901644
38503,-0.06475407676843306
38504,-0.051213047924020705
38533,0.18512724578678136
38534,-0.25833953961982703
38535,0.8600270143860205
38536,1.2296035000105978
38537,-0.7141549740659177
38538,-0.47112169277791316
38539,-0.4045137880892943
38540,-0.18375076295736228
38541,0.9816826511177155
38542,-0.32021229923383887
38543,1.1611300883848057
38544,0.8601509864877194
38624,-0.5461416832249902
38625,-0.010029287305095905
38626,0.5842415311129923
38627,-0.2873360948709519
38628,-0.18609452793332326
38629,-0.3587799628614284
38630,0.10150184326883549
38631,0.5581029333910354
38632,-0.20494954699232482
38633,0.21261027456807285
38634,-0.28105361394268064
38635,-0.28073723533581635
38636,0.553853281815351
38637,-0.4336838460287706
38638,-0.013271847568938719
38639,0.1460428823334368
38654,-0.22770454108748764
38655,0.4101458964892697
38656,-0.13689595519176542
38657,0.112663458241836
38658,0.1241508929242286
38659,0.29664425326444993
38660,-0.2589904431278136
38661,-0.5188623942933065
38662,-0.07412183435150603
38663,-0.26527439965361865
38664,-0.4175677138675085
38665,-0.10823826409071871
38666,-0.2609346643691104
38667,0.2529391832185073
38668,-0.037229920954606116
38669,0.2515713618310495
38780,-0.1211678109755566
38781,0.17389689259759625
38782,0.18898208056044713
38783,-0.12755221430154243
38784,0.03513643182648429
38785,-0.05985021059487136
38786,0.01980163290006593
38787,0.11052571720199711
38788,0.5437244651403987
38789,-0.4362494973390214
38790,-0.019859102885551448
38791,0.17680267735602329
38792,-0.21420338563333305
38793,0.96198908622055
38794,-0.368887924776046
38795,-0.0777214151370908
39010,-0.7224786647084003
39011,0.4985063569272525
39012,-0.13080575777549378
39013,0.6164692959567487
39014,-0.02525697867479719
39015,0.128924185629444
39016,1.3757242323126717
39017,0.001840019112895372
39018,0.5159435028346846
39019,0.18602266971430342
39020,0.8307561526450068
39021,0.5881454489028902
39022,1.1840287404286518
39023,0.4136564041385099
39024,-0.14639795427087346
39025,0.29314858259346466
39026,0.33558188671425004
39027,-0.010508559771827436
39028,-0.6529788428208957
39029,-0.011119407895661418
39030,0.006431575261358638
39031,-0.6461076823944515
39032,0.32857177593485287
39033,0.62970431491147
39034,0.278266606150454
39035,-0.5894615201406433
39036,-0.25934142959461
39037,0.3781394027710866
39038,0.5294734601257778
39039,-0.16059506731784523
39040,0.3895665037486705
39041,0.09779054799564144
39042,0.2584816086624693
39043,-0.3023415012667282
39044,0.05569613394312692
39045,0.10484599577041502
39046,-0.45431251634885617
39047,0.19018348926184914
39098,0.1792194027638591
39099,-0.11242933205030733
39100,0.21454935534833272
39101,-0.007132336131362181
39102,0.007015789850128164
39103,0.5978697455717277
39104,1.4470198265240726
39105,-0.1432965218153134
39106,-0.40136384898995303
39107,-0.29882492244745756
39108,-0.5738531645353365
39109,-0.011087963144998353
39110,-0.25177318550376426
39111,-0.014028038815914745
39112,0.16995192717764984
39113,0.14422481326832567
39114,0.14526720993026004
39115,0.053506550691170954
39116,-0.07586163852548888
39117,-0.46138027020165645
39118,0.1495931998540986
39119,0.035128146093431734
39120,-0.09496731129911393
39121,-0.2603340472642835
39193,-0.7337439673441968
39194,-0.5723474674243324
39195,-0.2615619478024866
39196,0.021204251898862325
39197,-0.36581835714353317
39198,-0.06178299981664716
39199,0.6662292411218012
39200,-0.21117149719219708
39201,-0.5376844298903756
39202,0.3393667709025254
39203,-0.2522214610108352
39204,0.012923817003489227
39205,0.14032347811668933
39206,-0.33423770933080804
39207,-0.31389227441729084
39208,-0.06241527276864148
39379,0.04668744915054492
39380,0.10127592111100217
39381,0.7425135290872469
39382,0.22185962304656687
39383,0.3736935347578023
39384,-0.7168976275034744
39385,-0.6492586275860348
39386,0.40573263348202526
39387,-0.7577277492117865
39388,0.05078862508128479
39389,0.8455954372837402
39390,-0.24630207030137347
39391,0.5494735262574113
39392,0.4489623767005958
39393,0.34032204947814804
39394,0.2133266988303404
39418,-0.29403761077927154
39419,0.06535210569591088
39420,-0.045295281837105614
39421,1.0506919939343158
39422,1.3881604879256617
39423,-0.30376186647705056
39424,0.09671041883228096
39425,-0.4347386860223467
39426,-0.3722483737453016
39427,1.1201575753700164
39428,0.03536771706962176
39429,-0.3527086629725667
39430,-0.2101255733279335
39431,-0.08190867534686996
39432,-0.09757811997654706
39433,0.024994537104968857
39511,0.1909697569477119
39512,-0.08530311199758558
39513,0.10409064952603798
39514,0.5140379279232375
39515,-0.2815971940267946
39516,0.4720932065050345
39517,0.3161875489666559
39518,-0.6914164317177729
39519,-0.3632393088863533
39520,-0.6417789733895878
39521,0.6686512231800354
39522,0.5762975683350298
39523,0.10470047018137214
39524,0.6814683952822826
39525,0.36979895631173393
39526,-0.06069826507254637
39543,0.3647938457770968
39544,-0.1674489423819307
39545,-0.5368610262175726
39546,-0.8386429697546518
39547,0.7525868206010231
39548,-0.4448544238171217
39549,-0.4862529642321576
39550,-0.467187845466857
39551,-0.23816822587649455
39552,-0.4268323858313925
39553,-0.4024943812947452
39554,-0.5152404654888445
39555,-0.1792178009092164
39556,-0.30222250580177573
39557,-0.24784512458927266
39558,-0.24541847510455217
39559,-0.048652834276159074
39560,-0.11391314451542821
39561,-0.2937559463177562
39562,-0.23447495344877556
39563,0.46985834094606044
39564,0.4669384672537864
39565,0.049152474372975236
39566,0.5905216282928505
39567,0.3205985180589146
39568,0.5973031625226741
39569,-0.21265618682021326
39570,-0.5852997440018181
39571,-0.2332983385427039
39572,0.35606968614847684
39573,0.04376108962530642
39574,-0.18456435949155264
39586,-0.31580712390891713
39587,0.06489773905312454
39588,0.5805112893570062
39589,-0.08411383834437783
39590,0.9040754571448604
39591,0.06599880989483073
39592,-0.23249186868764035
39593,-0.23713052620147823
39594,-0.03387896985269058
39595,-0.2011778656470875
39596,-0.09862895716416287
39597,-0.034064469839356404
39598,-0.8539235787242201
39599,-0.4206963003868436
39600,-0.30662628920841517
39601,0.14228091354501626
39602,0.3681231229470743
39603,0.10799938009761723
39604,-0.644322121964092
39605,-0.0381304509039387
39606,0.5157360593414986
39607,0.19490187896405042
39608,0.2720363195672134
39609,-0.07817701233071264
39610,0.8237266394868246
39611,0.4601864997487049
39612,-0.32763282141190464
39613,-0.1123458961123624
39614,-0.6858625360251192
39615,0.3668824161734776
39616,-0.29153168255054235
39617,-0.5472471571789761
39618,0.5150030236232126
39619,-0.06285384580009659
39620,0.5295554829935636
39621,-0.3727818902153287
39622,-0.23692747512745493
39623,-0.6621180572210079
39624,-0.4391755861384435
39625,-0.2540291681025795
39626,-0.47649947897669787
39627,0.3751539721822963
39628,0.46116781159556064
39629,0.06973647167164068
39630,0.4698204906931696
39631,0.05219467642500211
39632,-0.519461257265903
39633,-0.7640761620668584
39634,0.2614616953079395
39635,0.20783399326701496
39636,0.14984147920267668
39637,0.5039479986741529
39638,0.5143305763700746
39639,0.6335542718622322
39640,0.10156547680283982
39641,0.45449261345523617
39642,0.28986833301690984
39643,0.07804579139465517
39660,0.2837313284587142
39661,-0.5439635515071867
39662,-0.38918092816333205
39663,-0.8845444262618365
39664,-0.4539613006539914
39665,0.5514722603453308
39666,0.6295514595688227
39667,0.40259461370600935
39668,0.3984514844253503
39669,0.17639819617059993
39728,-0.40709828090234823
39729,1.1121089872780474
39730,-0.3140550959876154
39731,-0.21770818113136983
39732,1.165196054281538
39733,0.0451689017528455
39734,-0.2785566360935986
39735,-0.1849109610360337
39736,0.692781574584268
39737,0.18327836597177594
39803,-0.21943456601172628
39804,-0.06144566800313217
39805,-0.1260434909908857
39806,-0.18976247881226546
39807,0.18408566834951468
39808,-0.056056185782727794
39809,0.019304262498251457
39810,-0.5119310331855453
39811,-0.7448415940971156
39812,0.46488796735128757
39813,-0.3202956236581911
39814,0.15228774802265094
39815,0.030194042081662098
39816,-0.1138707612633558
39915,-0.27452795512169625
39916,0.15612771135757678
39917,0.042821095342617965
39918,0.20927804543198786
39919,-0.19066267944237825
39920,-0.46187831603606394
39921,-0.22999852783779962
39922,-0.35049775682128165
39923,-0.11119405750554552
39924,-0.05754169263234417
39925,-0.20479256408440819
39926,-0.04751411665853893
39927,-0.11567502860541527
39928,-0.06441967353028516
39929,0.3895870044023881
39930,-0.43714755498633423
40071,0.028993763989153182
40072,0.18103789487378746
40073,0.010537094465565916
40074,0.09686087830460333
40075,0.10983960557877516
40076,-0.4292136684346824
40077,-0.30733955115816036
40078,0.007848203323139319
40079,-0.553243326677466
40080,-0.22473664387179954
40113,-0.06465723207709764
40114,0.34958488147792754
40115,0.38908802951065957
40116,0.18382912042557292
40117,-0.13887076431636763
40118,-0.13057070139622604
40119,-0.10198833811044412
40120,-0.46450048918675196
40121,0.6348042112537553
40122,-0.2831414847136584
40123,0.13643385334869323
40124,0.23998880663498545
40125,0.3302516350181146
40126,0.11408354261814146
40127,0.009891734319396425
40128,0.13148750262563957
40129,0.39874131615324393
40130,-0.16095762731569163
40131,0.40297641703069487
40132,0.0977559056759334
40133,0.28788394120662664
40134,-0.6283209873260568
40135,-0.319557318126982
40136,-0.2079824261944702
40137,-0.12859517824189906
40138,0.8002549886659087
40139,0.06068050149113186
40140,0.1387101863490083
40141,-0.4640987526354135
40142,-0.15254488048379403
40143,0.4338672278761093
40144,-0.3562266066856235
40145,-0.40150329535726803
40146,-0.1572967273079455
40147,-0.6216119651185905
40148,-0.7276884162201613
40149,1.062014589537246
40150,-0.3651044647435966
40151,-0.1947465946830414
40152,0.915801084040148
40153,0.8602455083183537
40154,-0.7412695988851054
40155,-0.4490128802067427
40156,-0.32955209850407746
40188,-0.7449167998960703
40189,0.0788714700519833
40190,-0.7743817049722198
40191,0.3303289041550681
40192,0.6805314776843852
40193,-0.3608236219053572
40194,0.7175784807736552
40195,-0.4051797030771967
40196,-0.36326876804060976
40197,-0.28618348977534164
40198,0.3025321795946313
40218,-0.29469693642373096
40219,0.006532304309679424
40220,-0.005998963530078283
40221,-0.7447230773306753
40222,-0.5642403173059587
40223,-0.7910613939705794
40224,0.09236191481071164
40225,1.5372405430864322
40226,0.0306907215769918
40227,-0.734373983510241
40228,-0.7196285546512198
40229,-0.4773821742244427
40230,-0.6188392410231588
40231,-0.3788259715948772
40232,0.8063653410226608
40233,0.7789068648679028
40234,1.1351052630184877
40235,-0.2561209931922368
40236,-0.1047686752714639
40237,-0.7677236011260559
40238,-0.31867360886242846
40239,-0.8916088078106544
40240,-0.5244992261585604
40241,-0.18737618703886716
40242,-0.14466735341676334
40243,-0.2507079418868978
40244,-0.28666931541932006
40245,-0.2716184034683781
40246,-0.5458743232864411
40274,-0.3515386135765983
40275,0.3973188568154208
40276,-0.4077228214159041
40277,-0.20535069994370425
40278,-0.2076583349031363
40279,0.6332821007344187
40280,0.12495979452176639
40281,-0.041782416807900985
40282,0.21106642790433328
40283,0.30685890318513925
40284,0.017345304527668165
40285,0.39818689432629994
40286,0.054253935321091885
40287,-0.4228882886043831
40379,0.20124003315657105
40380,-0.005829922328352083
40381,0.11058436378885232
40382,-0.3648550708223203
40383,-0.2663611294882309
40384,-0.18853447463096049
40385,-0.3163876976407527
40386,-0.0745939165813782
40387,0.18302011543688734
40388,-0.20223482075737967
40389,-0.45358997402353674
40390,-0.41770099121618537
40391,0.631479983898019
40392,0.44377379455639565
40393,-0.29394877803259944
40394,-0.6176349288960853
40395,0.23786506461894188
40396,-0.1828427877533041
40397,-0.30867271336536717
40398,-0.19637645155744726
40399,0.27406278292936015
40400,-0.455405782495857
40401,0.12366517347017793
40447,0.5899119262226489
40448,1.2628589038785543
40449,0.4085407967441014
40450,0.5902726957015954
40451,0.4039258052104522
40452,0.24449058149302733
40453,-0.2762284050101166
40454,-0.576004839943787
40455,-0.06733561518896852
40456,-0.6392313421644081
40457,-0.3143408516731363
40458,-0.0034663771611226357
40459,-0.4933334561787092
40460,-0.562817158402913
40461,-0.4674410828357296
40462,-0.4989454061575805
40463,-0.2758863389818361
40464,-0.361594092928184
40465,0.3722527040270468
40466,1.5025600620510333
40467,-0.17455216469494433
40468,0.03140816040382468
40469,-0.33678489304164855
40470,-0.350690886540736
40471,-0.26063292551316075
40472,0.21415502519396515
40473,-0.345413840391677
40474,-0.69175804548467
40475,-0.5465810648690208
40476,-0.45343406166927563
40477,-0.16421926903887288
40478,-0.320032506426877
40479,-0.4953134799768175
40480,0.011645804791913197
40481,0.19511319119663822
40482,-0.03422866313789952
40483,-0.394402574611665
40484,-0.7676083411600975
40485,-0.4723950717531271
40486,-0.21056106998203783
40487,-0.20937714352480152
40488,0.3008152795006662
40489,-0.22767725032669495
40490,0.0534397084039364
40491,0.3498994898751193
40492,0.4983331169780658
40493,-0.7205891976389855
40494,-0.10881322582523595
40640,0.12401709211862852
40641,0.021615866723873174
40642,-0.24845580286879965
40643,0.045453701986837805
40644,0.3061222466712327
40645,0.19330076128077955
40646,0.17905734587422245
40647,0.5060373574404273
40648,0.2492502299278575
40649,-0.18093715851835726
40650,-0.07280351082503886
40651,-0.025362062063354382
40652,0.28270802293573627
40764,-0.36168803276790956
40765,0.07570167531063599
40766,0.05156159064259601
40767,-0.18433726633386352
40768,0.27609755790500834
40769,-0.0012152930628826358
40770,0.30358567931245245
40771,-0.004877229560825397
40772,-0.2037799586752622
40773,0.5217769646016781
40774,0.013550963109317013
40775,0.05637151336510656
40776,0.05133566700026146
40777,-0.04976159558870556
40778,-0.21800381191139317
40811,-0.4079356800227128
40812,0.31570463752242167
40813,0.04463264183263106
40814,-0.1409594307271566
40815,-0.03894912919123723
40816,0.09994694232402912
40817,-0.506015980421938
40818,0.06288543553520501
40819,0.5366323155354986
40820,0.3808162463502048
40821,0.6839592875681196
40822,1.0617766128262198
40839,-0.6435185143249671
40840,0.2161882319754202
40841,0.24084374953660992
40842,0.17530987517556873
40843,0.1728347611776793
40844,0.2252210576670371
40845,-0.5981830421074636
40846,0.03660104046712803
40847,0.06029367743999968
40848,-0.2467899783954416
40849,-0.45416540677591466
40850,-0.7210102330698638
40851,0.7006232053396746
40881,-0.4819194977276743
40882,0.1710815108116058
40883,0.31706878423589074
40884,1.043160037917805
40885,-0.09455247210625023
40886,-0.2252015538667284
40887,-0.016438986841599793
40888,-0.11839654278715814
40889,0.02132464761941063
40890,0.1469473192208563
40891,0.5672623936700804
40924,-0.40238777379221996
40925,-0.10471237568464581
40926,-0.21447109413409415
40927,0.07808637908943629
40928,-0.1625983887026899
40929,0.23800219362850938
40930,-0.00965495640036454
40931,0.023644686957738803
40932,-0.0045569944157146935
40933,0.21772393701517795
40934,-0.3206020471883157
40935,0.3215379684971932
40936,-0.2512341666311965
40937,0.064206663433281
40938,-0.4645508528750517
40939,-0.26987391420444995
40940,0.41755844216127125
40941,-0.29009928609828367
40942,0.013708118382364243
40943,-0.02708693329223201
40944,0.7036123012575398
40945,-0.7271174024714022
40946,-0.25128381917165493
40947,-0.7131370862113896
40948,0.13137760024839518
40949,-0.14709832923373273
40950,-0.21464322358698212
40951,0.42915278769123044
40952,0.8212118036647242
40953,0.6251193536141568
40954,0.06528940720300153
40955,-0.46206780939147274
40956,-0.3204962519073937
40957,0.971783664927419
40958,-0.2352386016798329
40959,0.07663121451847774
40960,0.22718204685847657
40961,0.024842353467581194
40962,0.31681985875962393
40963,0.3991621677255113
40964,-0.5141487451067704
40965,-0.5238267714269266
40966,-0.17913039856384466
40967,0.19694360665535046
40968,0.36001012024899126
40969,0.35496297711745967
40970,-0.10794991464875024
40971,-0.17031542795623922
40972,0.500161820823843
40973,0.39572774634527724
40974,-0.5035656362502902
40975,0.15572806892555993
40976,0.03151101452173166
40977,-0.13943436648185484
40978,-0.016976361344454544
40979,-0.22078920282883457
40980,0.010820563638702749
40997,0.12228857454176426
40998,0.19747791438467194
40999,0.043858764720905094
41000,0.030662252543341866
41001,0.02654192548815197
41002,0.03070157085475056
41003,0.5964757525457175
41004,0.00977776747475858
41005,-0.05032958698297141
41006,0.12906880019101072
41007,-0.15884090460667594
41008,0.34916876486215864
41009,0.264670550552151
41010,0.27821498935733846
41011,-0.018977749023487075
41012,-0.04655559561499778
41013,0.27612415896977605
41014,0.4771246082978914
41015,0.14709416164351016
41016,-0.38305863632271975
41017,0.28783093098109985
41018,-0.15528301017930823
41019,0.026902883866356295
41020,-0.03452489493805996
41021,-0.05978061103392532
41022,-0.5298684674387285
41023,0.268720503355615
41024,0.7228648828911334
41025,0.5837858192452712
41026,0.3801757704598777
41027,0.2062850464281183
41028,-0.7090398040200636
41029,0.2178605730246827
41030,-0.021827236077035767
41031,-0.19743638518016748
41032,-0.4995289218739995
41033,0.137937413868564
41034,-0.336430648625665
41035,-0.749881053068572
41036,-0.6374936708051346
41037,-0.2057868934142027
41038,-0.47981788697365696
41039,0.9619596849721586
41040,0.25372434968023905
41041,-0.3052175677995021
41042,0.7367642436728361
41043,-0.48240564551210346
41044,1.0907234592007107
41045,-0.7879427342075944
41046,-0.1873997415967569
41047,-0.7207327689307698
41048,1.095362053338004
41049,0.6101542427122705
41050,0.9026269649760337
41051,1.4482774777776093
41052,1.2795405245299074
41053,0.9056405136274399
41054,1.549784140521268
41055,-0.7856071240005712
41056,0.6983890851396098
41057,1.0154437165184254
41058,0.7573381245097236
41059,-0.3842442575939156
41102,-0.13724056741297436
41103,-0.11529055901435233
41104,-0.5711943933037431
41105,-0.25177676166327045
41106,-0.17502435552844553
41107,0.1623478077818126
41108,-0.17804825266537255
41109,-0.04989040336313483
41110,-0.5018767083936623
41111,-0.13630456691495713
41112,0.023993702323779925
41113,0.12604060488161084
41114,-0.4154808082101866
41115,0.035004190987210554
41128,-0.5428458508966488
41129,-0.19159768847643144
41130,0.19991948231727946
41131,-0.026444063326991424
41132,-0.14495974316563265
41133,-0.04983313956348695
41134,0.12375120007799804
41135,-0.20889955601817972
41136,-0.1992244126352009
41137,0.521720539077299
41138,-0.2614236115945461
41139,-0.15817004303767374
41140,-0.294100588206445
41141,-0.36837152417965996
41142,0.14105040389290316
41143,-0.5231809115177258
41156,0.2931153605189152
41157,-0.07122095860765287
41158,-0.4104052765845427
41159,0.5363078550886164
41160,0.3502916892385628
41161,0.09337825148823856
41162,0.9159755931828795
41163,0.031105107501525543
41164,-0.13491289064843437
41165,0.43746441862670904
41197,-0.6684767814837415
41198,-0.32702003100485877
41199,-0.8070531027180377
41200,-0.08069765364429654
41201,-0.3579246463220185
41202,0.14436071334764117
41203,0.17591879617914352
41204,-0.41006426766700477
41205,0.16283621921045976
41206,0.19851119369925802
41207,0.3565201170512621
41208,-0.5249745312389192
41209,-0.21439317305404337
41210,0.03937766889037474
41211,0.40441398932513084
41212,0.6545126415934075
41245,-0.7489535149961422
41246,-0.17872346497577007
41247,-0.6450029686051708
41248,0.7204142313716463
41249,1.4617085080839496
41250,-0.6402827365319406
41251,1.3099312242073875
41252,-0.4822584640086263
41253,-0.35664795602968186
41254,0.5050705912333426
41255,0.8648130095409495
41256,-0.42719200857166323
41257,0.06183423413482012
41258,-0.63559076406267
41259,-0.1453101556638287
41260,-0.44311620575001287
41319,0.24139930915772598
41320,0.4964330370022928
41321,-0.17590313251464795
41322,-0.29333779760118783
41323,-0.015952211415593234
41324,-0.17975748021776833
41325,-0.04135236170164018
41326,0.21572753135473058
41327,-0.0820538560904222
41328,0.2624819668146411
41329,0.31582250227960457
41330,0.11161370193740763
41331,0.03634523642661512
41332,-0.37678687503748437
41333,-0.2903853902491993
41334,-0.26315346919552557
41355,-0.3544842884897439
41356,0.27891174407786734
41357,0.15234552050318312
41358,0.3790046344682127
41359,0.09787409930578933
41360,0.5046828036208872
41361,0.04880721377863009
41362,0.21752387806211387
41363,0.15862464895754438
41364,-0.2749118763174948
41365,-0.07251098409385173
41366,0.018904233201218076
41367,-0.06591834050466906
41437,-0.6151862340060021
41438,-0.45045659904873203
41439,0.1283761468481221
41440,-0.5610021877444372
41441,0.5902455403833179
41442,-0.36689172619367694
41443,-0.2238180558391986
41444,0.8133746715036201
41445,-0.37948897963331907
41446,-0.6441329968437897
41447,0.23480115786517586
41448,-0.6955370587142131
41449,-0.49932546515473814
41450,-0.12594949131316913
41451,-0.2110368606127892
41482,0.48007271348090225
41483,0.6085748826482971
41484,0.4271206128634535
41485,-0.005445812603925085
41486,0.04594984608267774
41487,-0.7266362237919777
41488,-0.5720382860790457
41489,0.30621995102177724
41490,0.2582079106303994
41491,-0.3350564778698372
41492,0.5428828539953653
41493,-0.2818609015877401
41494,0.5267533898472645
41495,0.5290905037042786
41496,0.3683896285275841
41497,0.08087356069455323
41498,-0.5245795624212674
41499,1.5579472861973873
41500,-0.5427654033210898
41511,0.7279474024280024
41512,0.44326315650369325
41513,-0.09220967645976628
41514,-0.2539455882414119
41515,-0.07737917694410285
41516,-0.28519737768287085
41517,0.7654772722398391
41518,-0.038490583492027525
41519,-0.3750392960251319
41520,0.0953326661760159
41521,-0.2804036366078247
41522,-0.09134468729516385
41523,-0.3535845708733689
41524,-0.5993078527415399
41536,0.06330650343601735
41537,-0.13331004515121164
41538,0.17805234796752387
41539,-0.24994565947169356
41540,0.02674704809963592
41541,-0.15471855152558212
41542,-0.018502684570002925
41543,-0.43176993789197704
41544,-0.131657039544931
41545,-0.005525188695383043
41546,0.3307511712000566
41547,-0.31439442894557185
41548,0.17328619661782746
41549,-0.08144177672116988
41550,-0.40971852496268646
41551,0.44069480295612956
41568,0.10840878463435091
41569,0.1742474133534819
41570,-0.276896192989465
41571,-0.17282521162533043
41572,-0.46604178033720756
41573,0.29948411051578405
41574,0.04298403031307449
41575,0.5094471953465484
41576,-0.05359162329136362
41577,1.188615719952174
41578,0.918050276929091
41579,-0.8091245833244678
41580,0.022082515878878703
41581,-0.11400541383648322
41582,0.1422206558134911
41583,0.007271062362082165
41584,-0.20738582862107124
41585,-0.9014884999619034
41586,0.2694206775314982
41587,0.38624713776443953
41588,-0.44969346955572514
41589,0.8619848119444273
41590,0.007350645751193735
41591,0.7461656153947417
41592,-0.38989951077752366
41593,-0.11087014518219512
41594,-0.052706815702404125
41595,-0.2673500793084803
41596,0.0285277487377057
41597,0.7776015434782657
41598,-0.325916636673591
41599,-0.5784537211920606
41600,0.5955190591920132
41601,-0.2140983741078033
41602,-0.22632059857915654
41603,-0.5165877457237597
41604,1.2714189807468752
41605,-0.12280417419961563
41606,0.0739292763476461
41607,0.843425869192517
41608,-0.32901734295253193
41609,-0.21571788332676992
41610,0.803098694246255
41611,0.5109130656668776
41612,0.7835927220289338
41613,0.1116098746257189
41614,-0.44659468736285035
41615,-0.24867408840721705
41616,0.3197966184246048
41617,-0.4863137048470427
41618,0.5712413061891549
41619,0.21024256617982096
41649,-0.405367530839054
41650,-0.3212653275589692
41651,0.2936651328165206
41652,-0.2181559747937036
41653,0.05480068634646733
41654,0.06343339655161051
41655,0.533988493374745
41656,-0.12762324676954706
41657,-0.4717333973520682
41658,-0.10701723369029129
41659,-0.14608253687789813
41660,-0.06039072215083151
41661,0.9197402730641124
41662,-0.5114371956972624
41663,0.26595766168784796
41664,-0.3530771244872689
41705,-0.6521683684854127
41706,-0.4838488221299083
41707,0.03413366175907105
41708,0.05017993054321338
41709,0.10830947569007894
41710,0.9091973264960469
41711,-0.07443188265317272
41712,0.8378222493034174
41713,-0.3854515231840463
41714,-0.44954232643701375
41715,-0.4671274032588781
41716,0.3435294320314555
41717,0.5615424974335655
41718,0.2190296797595821
41719,-0.28232783823717
41736,1.2925443162631007
41737,0.16897238919359153
41738,0.2394158625126585
41739,0.0020398102658884393
41740,-0.07890179145529638
41741,-0.39126744101460476
41742,0.26359199732096616
41743,0.02056770249722118
41744,0.3550729950435266
41745,-0.24501237654690147
41746,-0.5188244539341964
41747,0.6183680570131238
41748,-0.6250608218400444
41840,0.5352053861442944
41841,0.1882312734161889
41842,0.4238718626381308
41843,0.013487978081344595
41844,0.3397063768423937
41845,0.5227435533927933
41846,-0.38676283558571484
41847,0.6915578198452292
41848,0.1686682427751915
41849,-0.33227353309701774
41850,0.06782205455019417
41851,0.2397619246275186
41852,-0.2629391329880695
41853,0.1150607230276606
41854,-0.6334730253110856
41855,0.662443381099141
41856,0.20707453452606817
41857,0.5296514362087579
41858,0.1529483396522248
41859,-0.4142144911680711
41860,-0.0746714055941947
41861,0.26313320488746206
41862,-0.35633533966238295
41863,-0.7755300809277258
41864,-0.19112475144798402
41865,-0.628637228314813
41866,-0.36626272254689207
41878,-0.2814841030338974
41879,-0.2438689414232878
41880,-0.7504971243521934
41881,0.15122967331731563
41882,-0.676966466329486
41883,0.011177085110451762
41884,-0.3043725823964598
41885,-0.3913973660632044
41886,0.9996410161547054
41887,-0.5162853642672733
41888,-0.31775720522976075
41889,0.8865383283837165
41890,0.31742385807877804
41891,-0.729514850432377
41908,0.2731714644392838
41909,-0.2506883757011475
41910,-0.07222740038043968
41911,0.34282541730398064
41912,0.3175414121493819
41913,-0.015029552475177704
41914,-0.08855692049738229
41915,0.18960114277441392
41916,-0.5400960149699191
41917,-0.07523029772935448
41918,0.6438909340722316
41919,0.05300013066998135
41920,-0.41842814160604874
41921,0.18354881308761414
41922,-0.3160521844573543
41923,-0.305273207655663
41924,-0.30685875098067167
41925,-0.39643288224160617
41926,-0.4842128610101814
41927,-0.1343379425819492
41928,0.4375586509708691
41929,-0.10162272663187494
41930,-0.19261900848893776
41931,-0.6901020265928676
41932,1.4222808549128116
41933,-0.055933437263676
41934,-0.15547236827459163
41935,0.22266232047421322
41936,-0.7006330703941357
41937,-0.18344741917849422
41938,-0.19394238135565442
41939,1.1011401056591599
41940,-0.13852927971663756
41941,0.30216216379461003
41942,0.02707850009568212
41943,-0.6255538646759979
41944,0.13394589472208254
41945,0.907805373913066
41946,-0.4175979343688366
41947,0.12012610951726195
41948,0.44330907756481064
41949,0.10389391570372548
41950,0.7356694790217627
41951,0.24303398224771805
41952,-0.13122805172828378
41953,0.15817682707969055
41954,0.02245972835140879
41955,0.10969422705771271
41956,-0.4130573088122742
42031,0.14542609760624556
42032,0.5724462668876424
42033,0.4797654063763953
42034,0.45790103828282447
42035,0.06756591667132375
42036,0.15211822000550934
42037,0.2873510541478961
42038,-0.27371324490906535
42039,-0.0816072584351584
42040,0.3608559048755949
42041,-0.1839426081318693
42042,-0.38929882234902147
42043,0.11222338797167634
42044,0.29824226941398235
42045,0.25690924178243785
42064,-0.1840922304772708
42065,-0.24159392178154285
42066,-0.3023170667539379
42067,0.48388718184367924
42068,-0.6794623003143179
42069,-0.4686632447399591
42070,-0.6526448193980685
42071,0.9383909794004668
42072,1.2918352496484675
42073,-0.5978414343967687
42074,-0.05118241845731951
42075,0.5737572072269821
42076,0.6034137883960295
42077,0.3132689429679603
42078,0.5532098189968754
42079,-0.11605842219711698
42124,-0.4305219473083459
42125,-0.31643331082198195
42126,0.8463866806424314
42127,0.3542224488192257
42128,-0.4569722436216882
42129,-0.23042572765659064
42130,-0.5450819755747297
42131,0.5901518748302131
42132,-0.824275271654475
42133,-0.6368294849143927
42134,0.41884811059735855
42135,-0.32478878438938275
42136,-0.258375709773923
42137,0.10469262288115999
42138,0.09266000442686478
42139,-0.5030755321466251
42140,0.5925974761485661
42141,0.158386541829311
42142,-0.05936804232443581
42143,0.06274572851537577
42144,-0.5906755158565848
42145,-0.006185875794455439
42146,-0.33314921601659014
42147,-0.2814594595477426
42148,0.24264392111016408
42149,-0.11579689744318533
42150,-0.17707067619052275
42295,-0.3517919184885329
42296,-0.30771586029919096
42297,-0.38262965931570814
42298,-0.32811135554280313
42299,0.9908760479838792
42300,-0.3437100957765291
42301,-0.3560253262181452
42302,-0.4076026686920572
42303,0.9600018407068709
42304,0.6414809895321674
42305,0.37424674894537
42306,-0.3211975991024457
42345,0.1865623077684762
42346,0.8358051699756079
42347,0.35931169792785034
42348,-0.34814194877140814
42349,-0.3774411469900257
42350,0.2702067743825789
42351,-0.158576091075886
42352,-0.08121518019488567
42353,-0.3142058835163328
42354,-0.5513462529433836
42355,0.1487926473995072
42356,0.7193589067277065
42357,-0.19507353180867812
42358,-0.4445229238639573
42359,0.4518608446680843
42360,0.6118171111253821
42389,0.2701647582948448
42390,0.009979778985751017
42391,-0.150903246049875
42392,0.035042576679175375
42393,-0.23712711821235755
42394,-0.09420582265196965
42395,-0.29739311978783883
42396,-0.3350364279427511
42397,-0.12325573001881998
42398,-0.2420906771371831
42399,-0.33420315404480266
42400,0.152905791962456
42401,-0.1317324036645201
42402,0.0516348739650392
42403,-0.029287468527092284
42404,0.21514155196540272
42405,-0.21578363871927608
42406,-0.0011764117638461968
42407,-0.6474625702932585
42408,0.18970578081563294
42409,0.2020828935851293
42410,0.4067878435107113
42411,0.3205596939882183
42412,-0.37334756419824244
42413,-0.14731006290343526
42414,0.2922272563024991
42415,0.5532598323938072
42416,-0.22549031284543694
42417,0.2016274827831867
42418,0.6934236323255483
42419,0.5133842120124691
42420,0.8215158207995377
42421,-0.16899007868857008
42422,0.6556839391647105
42423,-0.24721118252129973
42424,-0.5744240541436605
42425,-0.34549925021045785
42426,-0.4550794699847687
42439,0.17416829803600642
42440,-0.6948958685321801
42441,-0.24575543053553678
42442,-0.10438579288709904
42443,0.06629850147316954
42444,-0.046392345140000374
42445,-0.22465951769451997
42446,0.3524491534696237
42447,0.48995435637953755
42448,0.538684288081859
42463,0.18065856392768764
42464,0.03473929506099953
42465,0.01809067043247141
42466,0.34821259007229105
42467,-0.06930337048208887
42468,0.3320139681877373
42469,-0.44288003960433475
42470,0.2724487789901634
42471,0.04282134629833449
42472,0.29426491293311585
42473,0.1665767638182146
42474,0.2517008560588444
42475,0.1751200812038825
42476,0.1539222059672793
42477,-0.25199142891847864
42478,1.4185134835712032
42479,-0.7858602961308212
42480,-0.47924557549385327
42481,-0.6945842238568951
42482,-0.7540695672675186
42483,0.23640495305853515
42484,-0.5609603256992651
42485,-0.14415487415599548
42533,0.5877272366868237
42534,-0.26934953059472616
42535,0.9153589235191115
42536,0.24901572727994403
42537,0.5874551432214709
42538,-0.18898467831538954
42539,0.7310032547277134
42540,0.20301418353200043
42541,0.10250570091624946
42542,0.47161370234105293
42543,0.6335361853851034
42544,0.5922215670000766
42545,0.38299692057276946
42546,-0.32479344478589645
42547,-0.2990830671685253
42548,0.565361893621759
42549,-0.7271181893234496
42550,0.002369488695397229
42551,-0.4475010480546628
42552,-0.22386870586449953
42553,-0.13774954744607582
42554,0.26391446555033915
42555,1.3299987560143083
42556,-0.12292530051423231
42557,-0.45591879591635
42558,0.053672711121533746
42678,0.7106471071096638
42679,0.3730863878808175
42680,0.6331116458722565
42681,-0.047429896669946514
42682,0.026600639356011126
42683,0.8893118480689532
42684,0.1348084904170514
42685,-0.4701535897286078
42686,0.5151348924900201
42687,0.46329883977476305
42688,0.031951949185017696
42689,0.35424460517562845
42690,0.17162596452016754
42702,-0.5184438746460728
42703,-0.2693462395888952
42704,0.3842787085674857
42705,0.0601508389202808
42706,0.1544805565650764
42707,-0.28377736698572276
42708,0.2283359852908143
42709,0.21620007406772523
42710,0.3001233136351875
42711,0.10547828247302457
42712,-0.41648361539233686
42713,0.33040747574676466
42714,0.42602312420738586
42715,0.6766541862059885
42716,-0.2401072797809316
42717,-0.49750472192451894
42730,-0.1985589336625125
42731,0.0035762104613015766
42732,-0.5823902623686328
42733,-0.23596462928027134
42734,0.17747852956929838
42735,-0.3044678573489724
42736,-0.30375831948231347
42737,-0.2897257498554568
42738,0.040957827558006296
42739,1.0812128475035043
42740,-0.06454130708925188
42741,-0.2733018376718017
42742,-0.40628193633632786
42743,0.020120290856262338
42744,0.37236390648392387
42745,-0.17316965978891305
42746,0.05983846278218943
42747,0.504945870584016
42748,-0.24548705539081253
42749,-0.5302141155012005
42750,-0.030420436331663525
42751,-0.4503136219803941
42752,-0.3868163011066966
42753,-0.3221607934389951
42767,0.2066410883559975
42768,-0.1596906051661261
42769,0.15353191241447223
42770,0.21209894389934472
42771,-0.5357999226207522
42772,-0.7026717287927047
42773,-0.31291562591674493
42774,-0.4213556273627872
42775,0.7433209211197449
42776,0.11982539233903156
42777,-0.25092603500631216
42778,-0.03758730257040528
42779,-0.7091445105770249
42951,0.6366410932823576
42952,-0.22947931847934008
42953,-0.1651157112486749
42954,0.25005610912456655
42955,-0.19468487585945166
42956,-0.09114266264095525
42957,-0.5117766273876325
42958,-0.010941831974807095
42959,1.0563193717765147
42960,0.030875395013258478
42961,0.12910773465938957
43035,0.06066396023469227
43036,-0.5288396662251992
43037,0.9214454526191872
43038,0.747697966562947
43039,0.279421185333273
43040,0.5569096379683053
43041,0.27105329922889926
43042,0.1745117652267587
43043,0.26094736620714604
43044,0.2712351961441461
43045,-0.09792549321430488
43046,1.0370500596605923
43047,0.5623608874755046
43048,0.6929318018262837
43049,1.2823440952296286
43050,0.29949687077842513
43051,0.9211574488474501
43085,0.0878122766864802
43086,-0.03944296240302737
43087,0.1024658561677533
43088,-0.3515894985645448
43089,0.309494814265451
43090,0.3675150990994023
43091,-0.0239706400656437
43092,0.07939474093340984
43093,0.7063410244780437
43094,-0.34059795556401945
43095,-0.41857808904765215
43096,-0.29030491913639556
43097,-0.2094801610161508
43098,-0.6650090789509493
43099,-0.3810003932963197
43100,-0.5694361920645741
43101,-0.7139617990746006
43102,-0.42526968692625755
43103,-0.3550957939303464
43104,-0.4155576138607272
43105,-0.5540456672391845
43106,-0.6346200136800383
43107,1.4271421834171516
43108,0.9823805833675124
43125,0.13450997092984734
43126,-0.1374413792015117
43127,0.5985367517947511
43128,-0.24407608569619388
43129,-0.2365444047355465
43130,-0.2741551820538884
43131,0.7863456525751313
43132,-0.3342514132913663
43133,-0.07248853553009277
43134,0.3384252081661243
43135,0.10380747587213192
43136,-0.5072685704180565
43137,-0.3154327025176118
43138,1.1045658996096361
43139,0.30642213524862183
43140,-0.5757509485452296
43190,0.24755479564814892
43191,0.40833904509227126
43192,-0.4701185108944843
43193,-0.11127657734165601
43194,0.47932002020640685
43195,0.4167490361875854
43196,0.23527084149332161
43197,0.13638095676061437
43198,0.1189577428026003
43199,0.26243778877057966
43200,-0.06654275696287255
43201,0.33201883534590004
43202,0.321576991937642
43203,0.30631786871215205
43216,-0.7462920987339817
43217,-0.6001520030442008
43218,-0.7091896119595946
43219,-0.2500422984510654
43220,-0.6677771007172221
43221,0.3020635730527137
43222,0.51519534891043
43223,-0.419915819967584
43224,0.3012717656378398
43225,-0.2987251382553221
43226,-0.17051837471128384
43227,-0.4410225626262143
43228,-0.4518486508391727
43229,0.273157929155881
43230,0.43942856813655407
43297,0.15695689050526718
43298,0.6923921256671143
43299,0.8899001661347508
43300,-0.5522773664828052
43301,0.33121189369228465
43302,-0.49033561255230584
43303,-0.4121179592310317
43304,0.03614168999211709
43305,0.23224074886049623
43306,-0.16283697526418442
43307,-0.4974364875496255
43308,1.0008380760100128
43309,0.18557508954309382
43310,0.11738554074057089
43311,-0.34463580191107573
43312,0.19092833632389172
43343,-0.20766255323605243
43344,-0.16196690198877148
43345,-0.571154555070107
43346,1.4336216562271267
43347,-0.35377949330719033
43348,0.9339873577876934
43349,-0.34540530950457127
43350,-0.08406667517100044
43351,-0.35208819751912496
43352,0.3779267934065743
43353,-0.5962825932290026
43354,-0.38431116852546365
43355,0.3274093185273682
43356,-0.6036445304019341
43357,-0.3619240112716402
43358,-0.07496838393668635
43359,0.06082145310921657
43360,0.20962965402357053
43361,0.023216278443821202
43362,0.7518748779944333
43363,-0.09228137042106162
43364,0.4671632271948851
43365,0.3656901902063874
43366,-0.4727406969508049
43367,0.38304540756522
43368,-0.52675614770295
43369,0.15015591374735646
43370,0.20257495586916757
43371,0.764059770694298
43404,0.0958941958747868
43405,-0.531127593275006
43406,0.0009057736284198842
43407,-0.11653683306226344
43408,-0.6227364833629786
43409,0.23440195866640928
43410,-0.6087815069899815
43411,-0.44053274504651574
43412,-0.030722959720884457
43413,0.09134257096024698
43414,-0.05891465842945863
43415,0.30254838633936054
43416,-0.24533167197706424
43417,0.5577363145292176
43418,0.754071657799568
43419,-0.1451152041761568
43420,-0.24131496710705905
43421,0.8287250127457928
43422,-0.5917102717318888
43423,-0.36571196295805886
43424,-0.11887361282372749
43425,0.7724043059045345
43426,-0.22343160821797142
43427,-0.0391675983251827
43428,-0.42757011431908604
43429,-0.1895790030666434
43430,-0.3734954940282524
43431,-0.47360296116060235
43432,-0.3917184378002997
43433,-0.3161932341283991
43434,-0.5529934221527962
43435,0.7917133959702892
43436,0.8417539212239724
43437,0.23563909146969117
43438,0.4132947887800118
43439,0.29319611129925327
43440,-0.2076031992556701
43441,-0.04660146489175658
43442,-0.31911679677172045
43443,1.0705294710799134
43444,-0.2100515187614423
43445,0.3361180845952662
43446,0.8770537760570438
43447,0.8006445640136308
43448,0.37760508108565455
43449,0.2277333255369457
43450,0.1355863226221672
43451,-0.3388589188410576
43452,-0.07689267684569194
43453,-0.05619446099849883
43454,0.5593761992663635
43455,0.5034948230712245
43456,0.9021456010980771
43457,-0.07582570807316699
43458,0.4018050789570011
43459,-0.5953881068507613
43460,-0.2675624949253842
43461,-0.7473904007148595
43462,0.10548452471603449
43463,0.16047624788766623
43464,-0.15528772601364846
43465,0.3506824311982854
43466,0.09445752675711515
43467,0.1858068009747872
43468,-0.1957334045449976
43469,0.7290388775503114
43470,0.33234896805331005
43471,0.11382707999411418
43472,-0.0013848041304318909
43473,0.08539600701877277
43504,0.01123906616780497
43505,-0.05260500623774636
43506,-0.7108392911403175
43507,-0.43341416864753
43508,0.03376201311155684
43509,0.8249321275037687
43510,0.27661882580285513
43511,-0.7246486905501865
43512,0.28797717421773467
43513,-0.17923480390228497
43514,0.01677326003457197
43515,-0.011511699162562297
43516,0.5182439463426791
43533,-0.37000895542183543
43534,-0.24879009202818692
43535,0.9757339458399266
43536,0.46473810549449013
43537,-0.4474404969507202
43538,-0.3710753559612353
43539,-0.140963454974298
43540,0.052346914861554544
43541,0.036512598621941866
43542,1.6313228418561478
43543,0.4715294234358158
43544,0.45135896439906653
43545,0.5076319836999125
43546,0.5966977999230006
43547,0.30622321721574614
43559,-0.08726968942221972
43560,0.9024168442582798
43561,-0.1352719726749244
43562,-0.22508741959004636
43563,0.32433402025099667
43564,1.096490819228
43565,0.33452733528999096
43566,1.2665325540492538
43567,-0.08825530299843773
43568,-0.6760876999022307
43569,-0.7709605530459718
43570,-0.19124891140140732
43571,0.9743090454234704
43572,-0.3838117245404805
43573,-0.5431333301132342
43574,-0.06644919942689886
43619,0.11633212342130791
43620,0.2562343419125331
43621,-0.09813016036931613
43622,-0.17756025132435266
43623,0.1131766182733997
43624,-0.03514395879525878
43625,0.3405837782492629
43626,-0.11010971322720127
43627,0.4249657822637106
43628,-0.4826208730347517
43629,-0.23488245357070262
43630,0.282118088026812
43631,0.4034542504391521
43632,0.026182646276800725
43633,-0.0385472493295682
43634,-0.009031437295364264
43635,0.11669635245012537
43636,0.16902622299936798
43637,-0.4443210982958302
43638,-0.08540777770621012
43639,0.2478712791771441
43640,0.009611178493151143
43641,-0.1586770015690404
43642,0.4243802217272442
43643,0.6909543888706471
43644,-0.5814540888246346
43645,-0.2447476986982477
43646,0.08492493065215667
43661,0.3995585081802633
43662,-0.5030380026804769
43663,-0.3794924397380219
43664,0.724605533209668
43665,-0.44262993650809634
43666,-0.7331586503186087
43667,0.20283237573876475
43668,-0.5523433865696679
43669,-0.3043618277303382
43670,1.136205423188541
43671,1.4610042448045062
43672,0.03871578437958042
43673,-0.5802370713116625
43674,0.8414564744929841
43675,1.1081717637404351
43676,0.563109394652064
43721,0.008134376231834134
43722,0.42461021348255074
43723,0.7212293366830447
43724,0.7626614922238736
43725,0.9799819572366026
43726,-0.2859594562195559
43727,-0.43292624602922486
43728,0.6555409251206161
43729,-0.37672948332201095
43730,-0.21250462031749526
43731,-0.17666865110564575
43732,-0.29205433670950864
43733,-0.29997587790071784
43734,-0.0653317200940656
43735,-0.27930589671464984
43736,-0.4560681666332165
43748,-0.1806830036660508
43749,0.13336815311140082
43750,-0.42644773086477844
43751,-0.32982381401692157
43752,0.34541749734154603
43753,0.2724277991150485
43754,0.10712172528856553
43755,0.7562128745757906
43756,0.5069692266750213
43757,0.8722532235280658
43758,-0.06372713029387872
43759,0.3046322206338174
43787,1.053268972948066
43788,0.4973489172703026
43789,0.4057451963580816
43790,-0.25516633668611455
43791,0.5591984588481811
43792,-0.39473021981755757
43793,0.0208272083261289
43794,-0.45256646026800057
43795,-0.11491851994834063
43796,-0.4265369480876544
43797,0.5269409474835043
43798,0.3860854043721538
43799,-0.7056632365063972
43800,-0.14374031617800415
43872,1.0823970077407523
43873,1.6340817903713971
43874,1.215140092145812
43875,0.5506988965176152
43876,-0.06862752247220309
43877,-0.12230395313445208
43878,-0.33385303118270365
43879,0.18742629362503627
43880,-0.11918426553803915
43881,-0.018712146534136186
43882,0.03537820995445987
43883,-0.11437608743587954
43884,0.3254619331995684
43885,0.5036308612809013
43886,-0.2390631153965854
43887,-0.3166497087322429
43961,0.22672843172789514
43962,0.016675184956740738
43963,0.20935037748133317
43964,-0.4360513112393515
43965,-0.27852451052489857
43966,0.01004998368424248
43967,0.3391412127709935
43968,0.2317503835355945
43969,-0.23588540702455796
43970,0.416166861238487
43971,-0.2020437757226592
43972,-0.5590820173151683
43973,0.09741235270252088
43974,0.20947731844119938
43975,0.06834299141568859
43976,-0.27206010923196844
43977,0.26023677787787675
43978,0.4030197160943205
43979,0.26336461605709816
43980,-0.033517680378877535
43981,-0.10820493587831423
43982,0.6266650366237714
43983,-0.04059204562321572
43984,0.4873201762199506
43985,0.5458080977726224
43986,0.939000733626598
43987,0.012177025462566327
43988,0.11892890665458185
43989,-0.22036215438857226
43990,0.09073691204725312
43991,0.7332447975145432
43992,-0.370535961650428
43993,-0.2395436904884254
43994,-0.4354931159382256
43995,-0.24525391728808565
43996,-0.24289446162663916
43997,-0.15218013948576598
43998,-0.1340520531137609
43999,-0.213044929608919
44000,0.5054595929125929
44001,-0.16749412853568485
44002,0.2487484143271614
44003,-0.16124648107752543
44004,-0.07204726461633541
44005,0.25558663963861133
44006,0.7294993569809074
44007,0.22282873785057355
44008,-0.31786766181650705
44009,-0.26583407514782115
44039,-0.7511422411879825
44040,0.567917798422576
44041,0.4478050428292324
44042,-0.10742379656801146
44043,0.29672481694284225
44044,-0.24028417445828293
44045,-0.25472005787586144
44046,-0.16446949490812363
44047,-0.5364771894973417
44048,-0.07815968248731364
44049,0.14533719934304692
44050,0.10250018880105008
44051,-0.311944350060612
44052,0.16592745737932
44053,-0.11589084850335639
44054,-0.10060712301833018
44055,0.3105111414252967
44056,0.9061967117421563
44057,-0.09798787855590345
44058,1.1873812577795104
44059,-0.6238934390048079
44060,-0.507761496333379
44061,0.2691280793072564
44062,-0.117178392605289
44063,0.045633629105685684
44064,1.2875485533162376
44065,0.077272157035455
44066,-0.5680990498139901
44067,-0.3549133649617705
44068,-0.22282525237673545
44069,0.181821485890784
44070,-0.003609907107960053
44071,-0.13412441692227572
44072,0.20975536546947626
44073,-0.788765547020644
44074,-0.16767774973280536
44075,0.7156770165310291
44076,0.05949863168258485
44077,-0.0530381210084124
44078,0.6678783118056989
44079,0.4761626973684474
44080,0.24571587357255392
44081,-0.049203214069314966
44082,0.04400842442393625
44083,-0.5138106268113133
44084,0.5295477326652838
44085,-0.232825576240065
44086,-0.2894226895360231
44087,0.4226670654720196
44192,-0.1789555915927993
44193,-0.1846853001244252
44194,-0.0939641162956922
44195,-0.4170049186103414
44196,-0.07944831812633714
44197,-0.21663515275264833
44198,-0.5643749165630039
44199,-0.41192799532211843
44200,-0.07739381050613069
44201,0.45083726714129324
44202,-0.1392438180444031
44203,-0.05534777736909681
44204,-0.33107733284033836
44221,-0.010728187441125539
44222,0.4980298290857387
44223,0.07610486120697528
44224,-0.10099186147811447
44225,-0.4848087201922847
44226,-0.6883110979843503
44227,-0.7077699207150753
44228,1.1768141068038556
44229,-0.3878055772218421
44230,-0.13400196601449993
44231,-0.044471589359372454
44232,0.9306342660021476
44233,0.8528681195473098
44234,0.8706334360513361
44235,-0.43538174077687863
44236,0.029448217082839234
44261,-0.05253767077027974
44262,-0.5028751580017162
44263,-0.27940104850724934
44264,-0.010535337535881484
44265,-0.04248707381419907
44266,-0.09047827769778516
44267,-0.2065842471237981
44268,0.5500954612200584
44269,0.1946432948072036
44270,-0.2796999945048741
44271,0.10170440995941844
44272,0.39184547003832504
44273,0.3074064518472124
44274,-0.029819302646469856
44275,0.18371343700002485
44276,-0.07444525157004335
44277,-0.1704185536173955
44278,-0.12795575906592566
44279,0.19336091844417658
44280,-0.3397608462579817
44281,0.8244037505446351
44282,0.37036998549295375
44283,-0.7511656451589417
44284,-0.2529009777480267
44285,0.2660035944484388
44286,-0.24773221071217433
44287,-0.2800916296381618
44288,-0.39853303129075285
44289,0.5837313415931802
44290,-0.44702802947435466
44291,-0.47772272259774456
44292,-0.7656225013286104
44293,-0.030810699401328995
44294,0.11422741116977943
44295,-0.02153870729856712
44296,-0.47714069860188124
44297,-0.43215442107296176
44298,0.5599910580646794
44299,-0.5241374409217459
44300,1.1945539690886828
44360,-0.2905818863509492
44361,-0.2831528639076898
44362,0.008202904872277185
44363,0.16819365223545163
44364,0.16679732528552255
44365,0.10647365338696363
44366,-0.13799052530623854
44367,-0.3619993737312114
44368,1.290975231850132
44369,-0.4877450963297217
44370,-0.29105529288480764
44371,0.010558760935566819
44372,-0.5295197351028729
44373,0.4074660353472823
44374,0.055247903323555
44375,1.056853490865537
44388,-0.11797518641441394
44389,0.5086241840065829
44390,-0.6484643170614038
44391,-0.17139991786461745
44392,0.8690795648452397
44393,-0.09469704950499426
44394,0.9561708618501616
44395,0.30973857916932
44396,-0.4762355709217376
44397,-0.48587899402330254
44398,0.11708369436600344
44399,-0.279864257749856
44400,-0.034619066346817606
44401,0.3626453509386173
44402,-0.2666746243319488
44403,-0.010942238909989438
44404,0.5202168479718798
44405,0.5082251990211514
44406,-0.08283235562618071
44407,0.6047121966770831
44408,-0.018857209766342815
44409,-0.01588774404383001
44410,0.794183217161045
44411,0.07077744812326897
44412,-0.19520072128442667
44413,-0.1685384332218917
44414,-0.6127800858657044
44415,0.17773882164131657
44416,0.26288633793997707
44417,0.04346819900023748
44418,0.5678496937094923
44419,-0.05058919279849358
44420,-0.30545544686014664
44421,-0.12252816078682699
44422,-0.5376583925424663
44423,-0.711981095347157
44424,0.7968794893274749
44425,-0.09302627987769611
44426,0.4935621932656008
44427,0.6275185150960891
44428,0.33328035868729033
44429,-0.21050052079557124
44430,0.4697908086269951
44431,0.32424009664377107
44432,-0.08135680789743266
44433,0.31051724812760134
44434,0.5026803266889022
44435,-0.15186861658652545
44436,-0.09141123534018228
44437,-0.2448637935877867
44438,-0.510343990663814
44439,-0.2811809645135309
44440,-0.41829110556767424
44441,0.30710285155279626
44442,-0.270478782244823
44443,-0.6099217608012792
44444,0.5144144414070696
44445,0.0994261340930607
44446,-0.29783684979778535
44447,-0.018443365686925575
44448,0.04455308830794576
44449,0.32484257513500425
44450,-0.01567136601954197
44451,0.20085070351061168
44452,-0.0937085224439599
44453,-0.2008118400063308
44454,-0.7045269820330913
44455,-0.5608547900326011
44456,0.35734157382948906
44468,0.4932206032856917
44469,-0.4810684983398957
44470,-0.21139947560939173
44471,1.257544717916948
44472,-0.38165588172119214
44473,1.3965872853095556
44474,1.3947900266060322
44475,-0.126911650876057
44476,-0.5935676494943924
44477,-0.3218647859902033
44478,-0.3534753462773163
44479,-0.3974875767558197
44480,-0.10885378669441634
44481,0.013962136369587243
44482,-0.5286810448295342
44483,-0.23726239262487153
44498,-0.18937981720574687
44499,0.45604194243750584
44500,-0.6168476124443449
44501,-0.7231082030142223
44502,-0.3057292011395689
44503,0.3387439958939888
44504,0.14170182844642526
44505,-0.4455050889566542
44506,-0.12725734621089377
44507,1.6022273637144946
44508,0.2902947896873421
44509,-0.4235181900383963
44510,0.07068624965579538
44587,-0.4878478696237202
44588,-0.5292933175644216
44589,0.42126625166095877
44590,-0.5438208385477863
44591,-0.004191091966101526
44592,0.5419777120525989
44593,0.7125383013651596
44594,-0.5686447921673082
44595,-0.5859527866759738
44596,-0.6720176999437393
44597,0.8958805099406675
44598,-0.6175928934970057
44599,0.8206671608383548
44600,0.9915627796711501
44601,-0.056626395520130296
44602,0.5102779742897108
44603,0.012480721113485124
44604,-0.010304960926742504
44605,0.13968456800080756
44606,0.08314132720783676
44607,-0.005071908616943108
44608,0.1526223622846565
44609,0.0566592546537793
44610,0.44198038722443256
44611,0.27398992694674545
44612,-0.5040330733837687
44613,-0.10328736607423572
44614,-0.1781337661131991
44615,-0.5590299987486126
44616,0.24683954131400207
44692,-0.16403164291339878
44693,-0.7115325595643586
44694,0.9801552635487234
44695,0.47835703356981896
44696,-0.38108663916992624
44697,-0.15822267484287078
44698,-0.3863826634042706
44699,0.20152874196755122
44700,0.057609864299943955
44701,-0.09794631449285623
44702,-0.7907532349437991
44703,0.15245449683002715
44704,-0.3978265564707771
44745,-0.529256413471468
44746,0.07050940312266818
44747,-0.07803157492703255
44748,-0.134370068865408
44749,-0.739801827869481
44750,-0.22568551753823865
44751,0.34772079634076336
44752,0.26733562224732965
44753,-0.31156402020445434
44754,-0.5862350397956606
44771,-0.17902251605854919
44772,-0.5903346097840875
44773,0.4792787445399658
44774,-0.5535291523308973
44775,-0.7449568103228982
44776,1.2627620415490166
44777,-0.3576807181255706
44778,0.3046460966018349
44779,0.15522919199346014
44780,0.40263736993318844
44781,-0.11539880049022082
44782,0.05815683087793587
44783,0.0026553271654757155
44784,-0.4774856373229085
44785,-0.43401622301589865
44786,-0.4271780818265033
44787,-0.24541287587520116
44788,-0.8333939865083875
44789,-0.651047483773034
44790,-0.640163424223546
44791,-0.23940927480770074
44792,-0.08737337818339702
44793,-0.859365657791385
44794,-0.18892273768547463
44795,-0.5378048421583879
44796,0.89659533027627
44797,1.1162907918081035
44798,-0.5606172135356909
44799,-0.5428541782208296
44876,-0.3094945794553192
44877,0.3275492301148043
44878,0.10831449775440037
44879,-0.33119027093315623
44880,-0.5342805109331735
44881,0.10451043747626775
44882,0.4684961411782372
44883,0.5913307116182829
44884,-0.5894514114995208
44885,0.33598707114328774
44886,0.16238529774717556
44887,0.37222193447150875
44888,-0.04707761311287531
44889,0.22037019926493662
44890,0.008648161031262508
44891,0.5286901549713845
44892,0.21178196326876017
44893,-0.4137411769481969
44894,0.5191317960932518
44895,0.2883994462166292
44896,-0.16247666328445812
44897,0.21686087915261557
44898,0.33680679679742714
44931,-0.3611119738002621
44932,0.32769664981879365
44933,0.04193001621900426
44934,-0.4350399176308727
44935,0.06069482325608304
44936,0.287342899532411
44937,-0.06882141472711133
44938,0.39759046936235687
44939,0.0725599335503435
44940,-0.14200782726131428
44941,-0.37178024336293825
44942,0.44329050977842077
44943,-0.5366548737906086
44944,-0.4823097340788734
44945,-0.16792435270810924
44946,0.6171951316486555
44947,-0.03629926051239084
44948,0.4698596714302873
44949,0.8179791096287028
44950,0.012771564199179894
44951,0.07093226554849029
44952,0.474362972881895
44953,0.4637645740976051
44954,-0.3208993417187474
44955,-0.3188938981096418
44956,-0.35800244146344995
44957,-0.21683724569087043
44958,-0.27983640687293876
44959,-0.11640318897746174
44960,-0.16234683507047293
44961,-0.0051906230113604596
44962,0.050421204531155936
44963,0.6538384561182855
45003,-0.005792669160226707
45004,0.3281712265611639
45005,0.5711765574210433
45006,1.41858929441819
45007,0.28855729951190257
45008,0.10462607525727868
45009,0.238096430235305
45010,0.05127471643083707
45011,-0.4661246977679266
45012,0.534416637060781
45013,0.35587452577871026
45014,-0.30231943141557716
45015,0.006882580064626692
45016,-0.003136151386772562
45017,-0.010546329028304775
45061,0.3023719276162101
45062,0.05738254840576951
45063,0.28927743014343665
45064,0.45252804281384296
45065,0.3145500881388657
45066,0.9506509266364069
45067,-0.18504180327806252
45068,-0.10267998193057667
45069,-0.4572836643743296
45070,0.7117476591863029
45071,0.15446601559731216
45072,0.2708206102513653
45073,0.6270583699461926
45074,0.19429263365888438
45075,0.6791429755859127
45076,0.8360070153742103
45077,0.14384567063492
45078,-0.32805327166867376
45079,-0.23611653520800546
45080,0.18394451743699575
45081,0.3469480562492767
45082,0.45802866566049244
45083,-0.6582254907746647
45084,0.48739800119295734
45085,0.39951145337671845
45086,0.255492327310991
45087,-0.3101949938758621
45088,0.6241946156263183
45089,-0.17390635289788683
45128,0.08858266575430751
45129,-0.0036268109797526205
45130,-0.38383295386773786
45131,0.3487934494699172
45132,0.18816111135481398
45133,-0.34815169501967613
45134,-0.11832163265707821
45135,0.22311171567606375
45136,-0.22294795180582339
45137,-0.23222514914778714
45149,-0.48911686087481276
45150,-0.7777337317085523
45151,-0.24839659560088256
45152,-0.22112827472780988
45153,-0.15875964908623907
45154,-0.5145182358556636
45155,-0.030556832946799867
45156,0.7689557404588934
45157,-0.44070915408805517
45158,0.6355166511695918
45159,-0.197968356440457
45160,0.4949485930405101
45161,1.0398573203769637
45162,1.0506677800076367
45163,0.20119578654739623
45164,0.7282622057983146
45165,0.28283690713218956
45166,1.0375072308063973
45224,0.16367020815629707
45225,-0.3855842462247911
45226,-0.20814260825766084
45227,0.10496170267703028
45228,0.22330918077813938
45229,-0.35045042701676277
45230,0.244784275530879
45231,0.019981381212060986
45232,-0.07606952099688377
45233,0.36239559629104684
45234,0.5288242363425623
45235,0.15331235080493785
45236,0.42026325485258165
45250,-0.7986618519484258
45251,-0.24298238946966538
45252,0.10725776439935973
45253,-0.08890133014258525
45254,0.4221424231783536
45255,0.19545117139331555
45256,0.1624399048046421
45257,-0.3383465070424327
45258,0.4845627623950386
45259,-0.18990102531953537
45260,0.5034766250889704
45261,-0.08705808805784686
45262,0.8357760180475335
45263,0.19759324976000645
45264,0.030137835575931346
45265,0.5845986258645357
45266,0.46253895756428004
45267,-0.044844100086047056
45268,0.39029138310500877
45269,0.19838524217436435
45270,-0.28087441760213394
45271,-0.029673066149769806
45272,0.24297553711749664
45273,-0.4289671530128541
45274,-0.015235400205105387
45275,0.0627031850310752
45276,-0.15474076638710904
45277,-0.5272340411631354
45278,-0.18797643677503953
45279,-0.15428632402110165
45344,-0.2561337109842897
45345,-0.2986323204734056
45346,-0.3667933615010781
45347,0.19427807510086592
45348,-0.5226830463548867
45349,-0.31653881565654923
45350,-0.09308114795187006
45351,-0.03153964027506684
45352,-0.3627360612689149
45353,0.6182875632989264
45354,0.5524761729680505
45355,0.06275017354047893
45356,-0.3537566248692117
45357,-0.2948912272862878
45358,0.1849430572026407
45359,-0.34629997479364794
45360,0.5743281657319368
45361,-0.0013238587437668231
45362,-0.06382778194240232
45363,-0.07906137644716557
45364,-0.18671773450876678
45365,-0.1978928944018752
45366,-0.31272996427580224
45367,-0.12112711190524955
45368,0.4803403365966187
45369,0.4430788131822756
45370,-0.807097368876582
45371,-0.5971802103564227
45372,0.04702982347481781
45373,-0.1582468050464001
45374,0.47407244115295344
45375,-0.10472968198638406
45376,-0.525086993232849
45377,-0.42314107280283675
45378,-0.6246815687318208
45379,-0.4282780673027398
45380,-0.5047059164559508
45381,0.12183416137165072
45382,-0.4206667814069228
45383,1.2360255380599072
45384,0.0549763636812816
45385,-0.36012933917460677
45412,-0.8791533732019713
45413,-0.6438507339013503
45414,-0.20809624883668662
45415,-0.9039923325193148
45416,1.7953212537283976
45417,-0.7159331608674113
45418,0.07839977198846625
45419,1.2127869154365425
45420,-0.6945146714401449
45421,0.43275836719243077
45422,-0.7240128852814648
45423,-0.7301904012706028
45424,-0.6848220001638267
45425,-0.7679561331168359
45426,1.0057575779789198
45427,-0.8764494998471257
45439,-0.4273303867872662
45440,0.5580738711191384
45441,-0.7738662451843844
45442,-0.32705693681457093
45443,-0.6838350575361879
45444,-0.6621468694548789
45445,0.7710641562572207
45446,-0.12516400723029633
45447,0.4116642693735788
45448,0.5996152253656122
45449,-0.4656114135926762
45450,-0.4595907558563732
45451,-0.23071095930075283
45452,-0.811388041557235
45453,-0.8047242200775958
45454,-0.6949426854275516
45455,-0.762797544987183
45456,1.3430368881675572
45457,1.1058815333082475
45458,0.18626880100167237
45459,-0.6562990974965189
45460,-0.5497266540590595
45461,-0.5839889084859418
45462,-0.8102170999336347
45463,-0.775329877596569
45464,0.369464210983102
45465,-0.690037129828151
45557,0.019745818838063173
45558,0.17055301980795345
45559,-0.4932834287431863
45560,-0.0290841316587747
45561,0.4783341342660214
45562,0.25100515931644984
45563,0.17482602442485248
45564,-0.32776730805015436
45565,0.48722663472411015
45566,0.06824562973982873
45567,-0.27238394512312647
45568,-0.334406566039829
45569,-0.7098929840212373
45570,-0.31496471067317333
45571,-0.2984670445524837
45572,-0.5488018626376695
45573,0.116007255225855
45574,0.3780425627314791
45575,0.09226007301148778
45576,0.4181877685376417
45577,0.22184185329180633
45578,0.32600161367529523
45579,0.4832476302915997
45580,0.9990939999933288
45581,0.11599552377610942
45582,0.23799878417075274
45583,-0.36670627034584885
45641,0.21090133892478014
45642,1.1551190194297913
45643,-0.03190219504704196
45644,-0.36114662627162814
45645,-0.01152622594241546
45646,-0.3554605486267028
45647,0.6375615189341315
45648,-0.15290150363183935
45649,0.22738964517081967
45650,-0.23322215556239947
45651,-0.1629305080841157
45652,0.5594859727597953
45653,-0.1122251117455546
45654,0.37906825403576094
45655,0.5910138178782229
45656,-0.4258767661481992
45657,0.09472166419097615
45658,-0.005479891759315833
45659,-0.3040688682911875
45660,-0.18548418467599156
45661,0.026359545876654386
45662,-0.03770379273437288
45663,0.18484298229140664
45680,0.29104767818693106
45681,0.4919106369502376
45682,-0.08137186189847431
45683,0.021358424250174077
45684,-0.45573937318347796
45685,-0.20866275165445447
45686,-0.1484953162038557
45687,-0.2779033792903851
45688,-0.14908085921182435
45689,0.15547265246052427
45690,0.06986445288294657
45691,-0.20124196539689887
45692,-0.13823304170264977
45693,-0.15173268484990815
45694,-0.7254623693704714
45727,0.2456032523696764
45728,1.3777842298496341
45729,-0.39850051792977687
45730,-0.23746061590844986
45731,-0.6315536280550472
45732,-0.0385285908084462
45733,-0.22067216731409958
45734,-0.44081889815198894
45735,0.092065079705548
45736,-0.4537209267812605
45737,-0.6574417288638456
45738,0.06892507323372099
45739,0.30104307239004313
45767,0.4548189397508124
45768,0.48453827470757815
45769,0.34199454852882405
45770,0.3494675276459699
45771,0.4048469254293557
45772,0.39847664267246125
45773,0.418100527029796
45774,0.49975885089789984
45775,0.31313107237605137
45776,0.39908690931105956
45777,-0.16797121853063876
45778,0.3657843831688047
45779,0.30921342800888696
45780,0.5406707189615821
45781,0.5733843949608217
45782,0.9248446147061988
45783,0.46391850996398554
45784,0.851555438566564
45785,0.6157636978295382
45801,0.9216387584632566
45802,0.5872267478638379
45803,0.025269723503149474
45804,0.3272864422276694
45805,0.4102094244456038
45806,0.7917942799052748
45807,0.16470627770866303
45808,0.588675323785608
45809,-0.0878704944099632
45810,-0.581569811432882
45811,0.028016664841095024
45812,0.2806206393130548
45966,-0.03824792060197987
45967,-0.04022165983905271
45968,0.06407075571290224
45969,-0.003691190611033429
45970,0.7449742820114946
45971,0.13186303181214915
45972,-0.22804096029029106
45973,0.004624470414795738
45974,0.29387531860137717
45975,0.326833334830059
45976,0.2418420660638469
45977,0.024941354499728213
45978,0.2528242742821034
45979,0.3670299037408367
45980,-0.03762429062475771
45981,0.384905981362425
45982,0.246970219924821
45983,0.0329200697741122
45984,0.36516464285741534
45985,0.16413675597993846
45986,0.2349551742399954
45987,0.1284664974822775
45988,0.4494351749393732
45989,0.5157644602523921
45990,0.3484583672266678
45991,-0.254024500324169
45992,0.38751949250192136
45993,0.2131977264913453
45994,0.7331742245672721
45995,-0.6990403824850178
45996,-0.43046982306822085
45997,0.11246001177076309
46025,-0.5726990760994978
46026,-0.5237252110526417
46027,-0.01591904844069629
46028,-0.02318744561675118
46029,-0.2521175583132444
46030,0.20704057774181506
46031,0.0804950977827377
46032,-0.04248952260144851
46033,-0.17032952038053772
46034,1.3533864486651488
46035,-0.0978292792115775
46036,1.5177720926253901
46037,-0.04454401188241445
46038,1.2958701558003565
46039,0.5478693664273284
46040,0.1031619331945749
46082,0.19814575129898582
46083,-0.27727005001575844
46084,-0.29318980851408616
46085,0.20240186710122987
46086,-0.560180119204854
46087,0.30200454784133896
46088,0.44522411341959256
46089,0.7090060879439295
46090,0.4352559521926158
46091,-0.07091332268932189
46092,0.009453329790908169
46093,0.2064302063177641
46094,-0.4061003184112747
46095,-0.0007857128694704479
46096,-0.25470877366207445
46097,0.2750927407721545
46170,-0.6183879046191653
46171,0.15294455495649312
46172,-0.4029729529459135
46173,0.33471854701410897
46174,-0.0884048328928874
46175,0.21114532875272785
46176,0.12263973177741333
46177,-0.01967746631752605
46178,-0.7828406272147491
46179,0.26481910101579753
46180,0.571139919135734
46181,-0.3340267298481621
46182,-0.5089087958873745
46183,0.24512081923163315
46184,-0.04077241693920934
46185,0.17496315191227585
46186,0.761825933785705
46187,-0.20507963042507077
46188,-0.05436515822806605
46189,0.6216198577057972
46190,-0.12592461437756536
46191,-0.2899033849364296
46192,0.13001096589669
46193,-0.6083583797124739
46194,-0.018790238064966866
46195,0.25643386688399783
46196,-0.7022879215546926
46197,0.3907419045788924
46198,0.26881645461115644
46199,-0.01943461619559425
46200,0.15396757615855233
46201,-0.10505950214100708
46202,0.6063879091175062
46203,0.6612753964738876
46204,0.30944317081570716
46205,-0.2770754781226343
46206,-0.07444862943668426
46207,-0.07389681617459057
46208,-0.7315045820282401
46209,0.1066352592434912
46210,-0.03097258238561648
46211,0.15581269435811607
46212,-0.15933285098366734
46228,0.2929524304428246
46229,-0.05306249872313415
46230,0.11233959546833758
46231,-0.201520118168606
46232,0.08710954170252008
46233,-0.5063534840070443
46234,-0.2974699234165441
46235,-0.04676986740643517
46236,-0.0706836818373407
46237,-0.23808784472335995
46238,-0.4959542696112446
46239,-0.35803106303576654
46240,-0.2756328720742885
46241,-0.3115903178223578
46242,0.14683061645669243
46299,0.2032441164154271
46300,-0.31225224683466246
46301,0.550550653508395
46302,0.4979434675193608
46303,-0.290127496719559
46304,0.12910309234637235
46305,0.5089689428406659
46306,-0.3097155177420453
46307,0.7963089868549069
46308,0.9429505937806157
46309,-0.3366768181345067
46310,-0.3309456343382716
46311,-0.5433727066066613
46312,0.6648839486040561
46350,-0.19133235420310754
46351,0.5175203795806977
46352,0.02774587441739984
46353,-0.18934797883040344
46354,-0.36663830109781514
46355,-0.39235028978967235
46356,0.22861747411352323
46357,0.3840937986125788
46358,0.04129346447539983
46359,-0.2930825321992139
46360,-0.11958912814056978
46361,0.3568963225939702
46362,-0.15749752196092792
46363,0.10031088286361174
46364,-0.2369923321937261
46365,-0.19469488181295277
46366,0.15290104768350496
46367,-0.1397022212290697
46468,-0.10922128314986887
46469,-0.503519777864444
46470,0.6242117689684876
46471,1.0277026572376136
46472,-0.2797629186259673
46473,1.1466477343848733
46474,0.8029056933426694
46475,-0.7148113031925456
46476,0.99428560204748
46477,0.21776369600998285
46478,-0.2074169003182882
46490,0.5684677964234213
46491,0.16558736206477956
46492,-0.528089363815341
46493,0.35067500558615605
46494,-0.5225299246481334
46495,-0.2912950004212416
46496,-0.1389744878341163
46497,-0.3639630330385177
46498,-0.24681015572811987
46499,-0.33131677247286306
46500,-0.5426716705652375
46501,-0.3566992931107713
46502,0.06072732981307123
46503,-0.623978261282975
46504,-0.5038716390464463
46532,-0.5198138495095754
46533,0.3897900155469091
46534,0.8153701189390092
46535,-0.11991597997058391
46536,-0.1217953501768398
46537,0.07786395415123168
46538,0.11160389147066369
46539,-0.6326771248479676
46540,-0.5433823315938047
46541,0.5979039759806104
46542,-0.20593521640837628
46543,0.22822886678048773
46544,0.2633646063300757
46545,-0.17532430858650971
46546,-0.4177878987976008
46547,-0.2097576181895351
46548,0.2071859130487509
46549,-0.45681267248678165
46550,0.18596842842328165
46551,-0.09188704002860973
46552,-0.021645946661912066
46553,0.2121626806547997
46554,-0.10024501559349369
46555,-0.9046348571166721
46556,1.0717938823940594
46557,-0.5558834559806306
46558,0.3297881577308805
46559,-0.6161425812049539
46576,0.7645588970837242
46577,-0.06821511134304294
46578,0.7314551690383954
46579,0.9180731475216068
46580,0.5468068099175596
46581,-0.5762172811052241
46582,0.4490038356291143
46583,0.028715326340777107
46584,0.003945689725934218
46585,-0.18408544960453418
46586,0.3381065023961833
46587,-0.2520651442917455
46610,0.0664649271488265
46611,0.24616942602089925
46612,0.2212612435118942
46613,0.18631837013330846
46614,-0.15996850169510413
46615,0.46815088108867986
46616,0.46808292615453306
46617,-0.7578674810584997
46618,0.12685712314304495
46619,-0.7141993599419544
46620,-0.06135444176038857
46621,0.11631370162805296
46622,-0.7670035083772379
46623,0.4124839655397696
46624,0.4353577159025872
46722,0.40478847940289264
46723,-0.32326273931661165
46724,-0.3916151132722878
46725,-0.17049853782938507
46726,0.9840741986362618
46727,-0.17918433877630108
46728,-0.005566026539319452
46729,-0.426595697821616
46730,-0.6849467967791025
46731,-0.5741919652597848
46732,-0.7860278046889211
46733,-0.3196329511891143
46734,-0.1639776440736602
46735,-0.7733927537969755
46736,-0.5395236324835969
46737,0.9533425815766075
46754,-0.5590242053090334
46755,0.6517239233166261
46756,-0.07043185271843713
46757,0.9878222029255617
46758,-0.40803213480469747
46759,-0.12613028943145127
46760,-0.5362249514838289
46761,-0.43070923777230563
46762,-0.7474308972790928
46763,-0.24867392056295712
46764,-0.6046890815058257
46765,-0.6831932484421257
46766,-0.3995325719953259
46767,-0.48271120935133055
46768,-0.36918750454276933
46887,0.49786321605876427
46888,-0.4840833332088304
46889,1.0418259522865219
46890,0.06883803026883109
46891,-0.36810077511829187
46892,-0.5269055953707784
46893,-0.26822346921331175
46894,0.5570986030901736
46895,0.32450677617319656
46896,-0.6481180554962493
46897,0.41333868859091705
46898,-0.18062372185905284
46899,-0.047223131804616264
46900,-0.28894865999265545
46901,-0.1345611994562616
46902,0.4135941060033822
46903,-0.05087017363206356
46904,-0.6093602627101836
46905,0.4953184038689108
47047,0.1335064683704789
47048,-0.017182393524955722
47049,0.3506604000952478
47050,0.10322110973534689
47051,0.3742929608557607
47052,-0.4451616188887963
47053,0.22688819347729886
47054,-0.42024310491220973
47055,-0.15506314133048454
47056,-0.27694764331772437
47057,-0.26380782986794554
47058,0.17988657499298835
47059,-0.1552142101274413
47078,0.23667134635125836
47079,0.4072085303576175
47080,0.399833069044377
47081,-0.04573214950926156
47082,0.1374693366164599
47083,0.15753342846781793
47084,-0.32039877718487514
47085,0.4665335380299602
47086,0.2465940705547692
47087,0.34659853941279406
47088,0.2446491487957085
47089,-0.08063819453676907
47090,0.13984006745079855
47091,0.08968956120903063
47092,0.26169782032904043
47093,-0.02393495684006003
47126,0.31757244783479655
47127,-0.3058001730201969
47128,0.8483085407651652
47129,-0.08079452380243575
47130,-0.41160444178156147
47131,0.9630463883033833
47132,-0.6773553585762234
47133,-0.01749813875461055
47134,0.5934635699742856
47135,0.22312168929554668
47136,0.020243986818657134
47137,-0.07536158518850121
47163,0.08455826773450084
47164,-0.13261375301454803
47165,-0.017532133504452957
47166,-0.03554570566743791
47167,0.1836688891615043
47168,-0.08786248612148051
47169,-0.23991169628457595
47170,0.4369326973080203
47171,0.004553874037468847
47172,-0.20041880067402706
47173,0.2529929974132396
47174,0.0368915629554272
47175,-0.14932046196478682
47176,-0.6955115965876999
47177,9.920404349937628e-05
47178,-0.10435923900180666
47192,-0.6766615152955149
47193,0.14241929865799993
47194,-0.6409798206778462
47195,-0.35883306062195347
47196,0.3165689451476777
47197,-0.5358712719019614
47198,-0.055333517311264485
47199,0.519996116844814
47200,0.16665149798610593
47201,0.32050855197694395
47202,0.44615657748209925
47203,-0.07302910383757541
47204,-0.13902134132037583
47205,0.402446625297013
47206,-0.3471884126610185
47207,0.8163752722497095
47246,0.13157655481768263
47247,1.02782669838227
47248,0.23730423184465627
47249,-0.7025038529341714
47250,-0.4225537262330919
47251,0.4668163840475599
47252,-0.060415530661673295
47253,0.6601899385187486
47254,-0.08341067437871284
47255,0.5051262369933547
47256,0.7138071106063643
47257,0.3710080233616707
47258,-0.0356747288437852
47259,0.2737354796135663
47260,-0.7345191096015755
47261,-0.23114285771389437
47262,-0.19863722618853943
47263,0.6086557300884996
47264,0.4524099932241219
47265,0.1909395124694327
47266,-0.1533087186949993
47267,-0.23004645876277635
47268,0.10479249163040258
47269,0.13522787533456526
47270,0.5110082154139678
47271,0.26809031091707036
47272,0.23496969519025843
47273,-0.1337413193211249
47274,-0.6346342979800405
47275,-0.48463981044171156
47276,-0.6603988988720618
47277,0.4948128112517922
47293,0.1172031879903275
47294,0.17595619096299128
47295,0.36688682057872324
47296,0.011288807930853517
47297,0.3669840612665125
47298,0.42310487579010564
47299,0.2733520601934445
47300,-0.4889316800368998
47301,0.37602782222098785
47302,-0.14760880676982124
47303,-0.27780693702663184
47304,0.46372612719017936
47332,0.19742553955300438
47333,0.5085638354752655
47334,0.6871993184699328
47335,0.49744434881869637
47336,-0.45204632939905115
47337,1.1662630222876629
47338,0.9492971295383293
47339,0.32818736123301445
47340,-0.5818498465340464
47341,1.1647395228934125
47342,0.21633940979401267
47359,0.10999444315883641
47360,0.0050964091099919145
47361,0.44817374787065956
47362,0.10134276473289433
47363,0.03125278813315677
47364,0.051907460073071454
47365,-0.19123501284276173
47366,-0.622016795858663
47367,0.2572719277627836
47368,0.2216951079790148
47397,0.10474869165178
47398,-0.604196449632666
47399,0.9066736321610602
47400,-0.0017383221684545425
47401,-0.23017785992906373
47402,-0.3704370377655424
47403,-0.05833512754738328
47404,-0.1418794922379898
47405,0.2608128779248423
47406,-0.11907541445495778
47407,0.8727394367763244
47408,-0.3134914718539348
47409,0.08102494769737201
47410,0.5093189028647068
47545,0.27987767817646636
47546,0.34288664417383163
47547,-0.5946621863025504
47548,0.1554900051782369
47549,0.035178633880081966
47550,0.4302350641265285
47551,-0.15425923225821958
47552,0.061132846616019546
47553,0.1460297977702045
47554,0.32926921275433
47555,-0.015040269671998396
47556,0.28218015657937434
47557,-0.18857404269521447
47572,-0.04204600790605467
47573,0.23292256618800838
47574,-0.028630029119036643
47575,0.046128555649691164
47576,1.2619363477996297
47577,-0.535683701185584
47578,0.22581655506393422
47579,0.73966111505402
47580,-0.11978893617592695
47581,-0.22496022855737768
47582,-0.46190905570506613
47583,0.3740916039617384
47584,0.8891639119407662
47585,-0.24399354605821041
47586,-0.011208884183819698
47587,-0.7553991314030634
47658,-0.9271010477071244
47659,0.20318727731264422
47660,-0.6268836500731969
47661,0.5238310412791207
47662,0.12178488924220487
47663,-0.24071129577347306
47664,-0.5141502057315778
47665,0.2683439065215466
47666,-0.48174902757114674
47667,-0.6953183547540388
47668,-0.5223223293236551
47669,0.38282145357286246
47670,-0.3441367225505072
47671,0.1789909280441191
47672,-0.3077090634895123
47673,-0.8223038734675433
47685,0.32591358653376723
47686,0.6094557935866626
47687,-0.30502737243178807
47688,0.34264757839929166
47689,-0.05271237467379418
47690,0.8663803989645456
47691,0.4296768325761786
47692,0.39638181470353995
47693,-0.48339538708789054
47694,-0.14827199045293776
47695,0.38809420729064203
47776,-0.13809491333557683
47777,0.07264771014976165
47778,0.24824766796527864
47779,-0.08868357866799363
47780,0.2028018965490651
47781,0.19745349816055893
47782,0.5730415036468912
47783,0.31266525880454943
47784,-0.3862790644854842
47785,0.2707356803263729
47786,-0.5407862791361103
47787,-0.5499219995784157
47788,-0.49959200037924345
47789,0.11151430610500353
47790,0.00816726381906134
47791,-0.4595132406305673
47806,-0.03057061331263447
47807,0.10428705646985269
47808,-0.46747128369028573
47809,-0.21963724918900313
47810,-0.7405219413893931
47811,-0.5682349767007444
47812,-0.5040707849540477
47813,0.3110117229576326
47814,0.10218423294850182
47815,0.4237091404347932
47816,-0.5460991308578138
47817,-0.7341339350887764
47818,0.3953421287076897
47819,-0.005614900110866017
47820,0.18732981077964442
47821,0.1398536821144663
47822,0.5838660249736844
47823,-0.5853066315165235
47824,-0.5572228234378607
47825,0.4324015268804655
47966,-0.36632391156156335
47967,0.07739732725654776
47968,0.7175125118804522
47969,0.10976601890175147
47970,0.5063041284180637
47971,0.15554212481646468
47972,1.0929026413983238
47973,0.024983696813181404
47974,-0.44264871282316154
47975,-0.13890313318517458
47976,0.6586189664553105
47977,0.47753063624067293
47978,-0.049947654606673005
47979,-0.01961577907866719
47980,0.5702187686878248
47981,0.22478063739561954
47982,0.576151924260915
47983,-0.25101476075602064
47984,-0.057457974321625346
47985,0.029493761940514007
47986,0.24021437328767825
47987,-0.014688814928410746
47988,0.24598262548738595
47989,-0.1718166502843565
47990,-0.6836292130655179
47991,-0.3998580283460953
47992,-0.3445849640596097
47993,-0.35974481080758985
47994,0.003818368675530162
47995,0.28204644704655624
47996,0.28131757326902374
47997,-0.017893602384498858
47998,-0.7619149340140627
47999,0.630422053932914
48000,-0.6343441032557171
48001,-0.10705893569507495
48002,-0.1781624413822785
48003,-0.08170183319366754
48004,-0.26844838005314686
48005,-0.045360193738183466
48006,0.00026407797670535693
48007,-0.34356806948366336
48008,-0.7473029427089205
48084,-0.09885440739290682
48085,0.23671556479334474
48086,-0.42715694391737996
48087,-0.49703162183804955
48088,0.028017086027414276
48089,0.07002478326420483
48090,0.02259103872694132
48091,0.5226755745734268
48092,-0.80196172131703
48093,-0.35882388496279266
48094,-0.4637532152598499
48095,0.1332293664054369
48096,-0.420353369732809
48097,0.5886732196372675
48098,-0.0758086704211498
48099,0.8273498154931409
48100,0.5061719139749775
48101,0.07724060318923126
48102,-0.516957409558264
48103,0.7867404715135843
48104,0.30801985913185026
48105,0.7110241820410268
48106,0.3514787445258286
48107,0.4065729954926678
48108,-0.46828318545716974
48109,0.36154198125792253
48110,0.5508832703689013
48111,0.4411289091824552
48112,0.08262090094569705
48113,-0.37604308326504704
48114,1.3805284534207054
48144,-0.3584053397667776
48145,-0.014514730264124934
48146,-0.7787867865675274
48147,0.1710671772718793
48148,0.9944565458840017
48149,0.23316614345993875
48150,-0.33308710886925647
48151,-0.3985549302024385
48152,-0.6254497511712575
48153,0.6714511677960205
48154,0.9952454568302327
48155,-0.4618135924944296
48156,-0.2532937222677335
48171,0.6913623578394608
48172,-0.11617714008019941
48173,0.23322666282203922
48174,0.25879280739969723
48175,0.10626875634350641
48176,-0.6357402530455608
48177,-0.2203608820605182
48178,-0.3058206223772084
48179,0.09682643170316704
48180,0.7909184950677508
48181,-0.21016884025348345
48182,-0.5680270405557453
48183,-0.21603204719764574
48184,-0.2356492235183802
48185,-0.06576118375831991
48186,-0.4757238836616213
48217,-0.7092493710670764
48218,0.5785520905226855
48219,0.025943570099271895
48220,-0.25774327478866477
48221,-0.6905893018986741
48222,0.08947897532283297
48223,-0.6711294234727486
48224,0.3575762208768425
48225,0.4390747839723388
48226,-0.15801891717558325
48227,-0.08343526815021
48228,-0.34434668526609874
48229,-0.5017323353072549
48230,-0.32653931611424986
48231,-0.286001323792359
48232,0.16135648287693938
48265,0.10969024073275047
48266,0.6031742845383827
48267,0.32153041064386234
48268,0.5416972740255368
48269,0.2740270484012732
48270,0.2762886098628931
48271,0.12604850393619144
48272,0.4924123343607532
48273,0.0625308860256111
48274,0.2601543021731299
48275,-0.024034395972337724
48276,-0.06414392612379798
48277,0.016992655781809335
48411,0.5800306959728974
48412,-0.5274843358596235
48413,0.2526527792896675
48414,0.2256990850620659
48415,-0.30464999191675113
48416,-0.3305603507481456
48417,-0.7677319502481579
48418,-0.4775616481833621
48419,-0.4562552170429633
48420,-0.07960601864624636
48421,0.09512673915403173
48422,-0.14381198124879785
48423,-0.11419032617410832
48424,0.9057216528504559
48425,0.5254444702867929
48426,0.17477031942214594
48453,-0.5040834244183362
48454,0.5221445795800065
48455,-0.20896386083126484
48456,0.5756732802464539
48457,-0.11082093434991355
48458,-0.1415187819804335
48459,0.11014913855853647
48460,-0.1836077002309562
48461,-0.15813246610623893
48462,-0.6960340001984853
48463,-0.8133877904288748
48464,-0.18293070689104235
48465,-0.373574752725491
48478,0.6879188617920078
48479,-0.3052317666323742
48480,-0.4904819688748102
48481,-0.6598201252355993
48482,0.3399174832073197
48483,-0.17343709721684808
48484,0.10784176657956752
48485,0.6214410518150881
48486,-0.15435705440545433
48487,0.4108997390704678
48488,-0.25642338485478955
48489,0.15623704338161143
48490,0.6760182355373157
48505,0.02957183810951733
48506,0.5063134234708966
48507,0.06085292061107754
48508,0.01904836453855817
48509,0.287050043693733
48510,-0.12559378669581764
48511,-0.05126095362190933
48512,0.3171781616455056
48513,-0.12431752478537696
48514,-0.40939303692870666
48515,-0.15288052468268476
48516,0.5008498072683866
48546,-0.571657767327593
48547,0.23633688619342008
48548,0.39419388706451036
48549,-0.09297401652344307
48550,-0.6824548618131878
48551,-0.43609435830837023
48552,-0.35880816461979903
48553,0.08345626597787387
48554,-0.06612576439959851
48555,0.8136105540947325
48556,0.4748593616135134
48557,-0.40320497338961936
48558,0.6812387283024949
48559,0.11635013175028569
48560,-0.20010190375055087
48561,-0.12125373617097661
48599,0.06256084301491377
48600,-0.14648046983351062
48601,0.045663716237518207
48602,-0.5164314123045575
48603,-0.1313299601843772
48604,0.09308825741668189
48605,-0.2311396274231996
48606,0.42592039493195244
48607,-0.37024563386087095
48608,0.6411484856349867
48609,-0.05542600830458348
48610,-0.1277838722382869
48611,0.5892346070171618
48612,0.6071871639878734
48613,0.6717386177687291
48614,0.19495460948362042
48615,0.4266989631667215
48616,0.38608179158779443
48617,0.14309473688064217
48618,1.0476975146510754
48633,0.10616403171080363
48634,0.03827490572171335
48635,-0.1456482961150185
48636,-0.29865825880705466
48637,0.7673665251060549
48638,0.07246999100031508
48639,-0.20353857035465298
48640,-0.010682629138694694
48641,-0.5617946102314023
48642,-0.2765475374477672
48643,0.9977450902214344
48644,-0.20910276263528818
48645,-0.8622410512484964
48672,0.24181039155683173
48673,-0.39836708346503863
48674,0.42931805106943377
48675,-0.12211532963831782
48676,0.315805116292588
48677,0.3726961044862076
48678,0.5474804318346853
48679,0.8460015721558227
48680,0.08217596734059834
48681,0.15947737110209353
48682,0.019992825244403746
48683,-0.3439133916395611
48684,-0.3181403863130732
48685,0.09746468724527002
48686,-0.2865848490329058
48687,0.23757657585712572
48701,0.1881117036433386
48702,-0.3401644906390899
48703,0.546053467552827
48704,-0.16550113814490025
48705,0.09148456995904208
48706,0.45641460996623984
48707,-0.2013897332345723
48708,-0.03283492486347807
48709,-0.01971847201305596
48710,0.26005743845926954
48711,0.4052861111399413
48712,0.5836907830993366
48713,0.7182069015727115
48714,0.84595174384708
48715,0.4388971197452697
48716,0.5415438783741807
48717,-0.4536577082654789
48718,-0.04064766553468038
48719,0.18300243000963362
48720,-0.029791758552014685
48721,0.12996686105660726
48722,0.40106880323825933
48723,-0.4870418247339567
48724,-0.19228825831582416
48725,-0.31428210178373267
48726,0.39170858362266436
48727,0.5171288101747271
48728,0.3257186450427868
48761,-0.026182049841066174
48762,0.09179869514111008
48763,0.15198047635224554
48764,0.11360371500835553
48765,0.010810531829822154
48766,0.36688110224531195
48767,0.41626836170972326
48768,-0.27337191293198626
48769,0.4392006987280269
48770,-0.5878967067017086
48771,-0.4366800380662256
48772,0.14962039069549948
48773,-0.35085986732414653
48774,-0.0944444465714204
48775,0.23465313216646244
48776,-0.38538609287976255
48777,-0.1483733632806079
48778,0.0942495475645169
48779,0.3066131141961519
48780,0.40828900237184085
48781,0.4381143149983443
48782,-0.35669813738498857
48783,0.3013420575685599
48784,0.09761439762321569
48785,-0.6662315015824495
48786,0.18070708384596962
48787,-0.659014243163925
48788,0.09429123672627057
48789,-0.3240720823525605
48790,0.19117243508595883
48791,-0.7887435447521194
48792,0.49212362898267303
48793,-0.23185594118588704
48794,-0.4540051095886803
48795,0.8841851854376037
48796,0.16912018872659723
48797,0.2390753680290724
48798,-0.10381222530179149
48799,0.37049235858107404
48800,0.2975725075625202
48801,-0.249484025270503
48802,0.6156602718079225
48803,-0.5073015803527744
48804,0.825153415397182
48805,0.45970740864628235
48806,0.9990810070931571
48807,0.05780114623782214
48808,-0.3234947980963772
48809,0.11680628159091676
48810,-0.7879744812638001
48811,-0.15181456004238164
48812,0.4526814534800181
48813,-0.03216423714673314
48814,0.020048154762176515
48815,0.5225972023453453
48816,-0.03335437209435679
48817,-0.04290413237546206
48818,-0.06540107145838754
48819,-0.28269347580826976
48820,0.18335188105602593
48821,0.10001449030419213
48822,0.322741491118792
48823,-0.11805793794563907
48863,0.1373220137976529
48864,0.1877011830147135
48865,0.1006134228469434
48866,-0.35612443213512357
48867,0.2701535462572332
48868,0.2498579938522108
48869,0.3114802243775644
48870,0.5073086049859532
48871,0.47440999330410716
48872,-0.0804006865126126
48873,0.3921426260646562
48874,0.32692926440425135
48875,0.346281226796588
48876,-0.14705935398346615
48890,-0.03176180978284496
48891,-0.23308036612905375
48892,-0.6327346715061996
48893,0.011796631172741184
48894,0.3179303107387178
48895,0.41873104814517836
48896,0.31472084410877577
48897,0.21082592856596372
48898,0.5099622389392424
48899,0.31507089715927744
48900,0.14801768577318072
48901,0.16075758720919703
48902,-0.09189712866509207
48988,-0.2555726061690133
48989,0.5880540330761601
48990,-0.2545452313135373
48991,-0.5378409721135069
48992,0.3713126304059172
48993,0.04934863034120406
48994,-0.5074540371049293
48995,-0.47984002375285223
48996,-0.19059837790726236
48997,0.08892714751649161
49046,-0.22179977069037987
49047,-0.13469194979841836
49048,0.13763014258883627
49049,-0.6343439105979964
49050,0.410846062840591
49051,0.5318901105576419
49052,-0.6319644183127449
49053,0.4770944845421437
49054,0.2832266390286887
49055,-0.31851200857270107
49056,0.04386204809436792
49057,-0.4499454499397105
49058,-0.16073429351938773
49059,-0.3698648853672488
49060,-0.4234731903363849
49061,0.3677527624719769
49062,0.6482439922099767
49063,-0.382048411919914
49064,0.28665689443827547
49065,-0.11192983284511916
49066,-0.38364987713885934
49067,-0.3231334967527097
49068,0.14557059212779658
49069,-0.17631298858221112
49070,-0.06865654578275933
49071,-0.10757168912824461
49072,-0.43890307553709706
49073,-0.08756703105993265
49074,-0.0017431635590075545
49160,-0.15228579333308057
49161,0.1589979142255829
49162,-0.25606950044283316
49163,-0.40595319029302174
49164,-0.5351151532265366
49165,-0.1297803485961625
49166,0.24103452426871236
49167,-0.07424222959207402
49168,0.17469153628112485
49169,0.5717631472509308
49170,-0.26491542504343835
49171,-0.16159800195133278
49202,0.0796995955809689
49203,-0.1826109273287194
49204,-0.0618614122637549
49205,-0.07897534900662057
49206,0.029759839405194013
49207,-0.70099934307005
49208,0.08153456683785504
49209,0.3425757670058758
49210,0.10883837295152858
49211,0.16820887041827345
49212,-0.5831266437664111
49213,-0.36326294731351677
49214,-0.47869666425662005
49215,0.22392573580993785
49216,0.7342374585321958
49233,0.3188189426031647
49234,-0.017371178889513866
49235,-0.47383121945206974
49236,-0.09952150672932449
49237,-0.3315343401418113
49238,-0.5940460990929493
49239,0.30985559831788745
49240,-0.06771660356496847
49241,-0.024609348772532916
49242,0.40646511506425675
49243,0.2612497748125232
49244,-0.3392777647893839
49245,-0.32262259466519483
49246,-0.4816731282192129
49247,-0.73647602641835
49248,0.5363389988247438
49249,-0.010852765469783893
49350,-0.5398960336375223
49351,0.008089253608934602
49352,0.053092351765460774
49353,-0.10523369872148025
49354,0.04591082001008372
49355,0.21848713276115372
49356,-0.3413016423398361
49357,0.27687708746520395
49358,-0.07096391622802532
49359,-0.10955971031258122
49360,0.540241518567782
49361,0.13631364729058384
49362,0.21244191651163835
49363,0.3160809790177401
49364,0.26858395531495577
49365,-0.32935777908577324
49417,-0.025853948320381848
49418,0.22463346629624797
49419,-0.13983929618270757
49420,0.237769524500771
49421,-0.6094048864276345
49422,0.4104229520066679
49423,-0.19219262349049435
49424,0.13513896230901803
49425,0.18164587871705662
49426,-0.2850430540181923
49427,-0.26875492088715225
49428,0.2701431104441189
49429,-0.2931140902010848
49430,-0.25323593534208355
49431,-0.21556109275114205
49432,0.4738940816001612
49433,-0.2730155586743791
49434,-0.32289650629405786
49435,-0.55477984104643
49436,-0.5059132357916356
49437,0.1259476358398287
49438,-0.313024322204429
49439,0.3605754367500954
49440,0.8462341251178775
49441,-0.1024740143763725
49442,-0.03742537027926665
49443,-0.36357342645050844
49444,-0.2962734968256724
49445,-0.5141847367262198
49446,0.563775568099031
49447,0.20600336241921355
49448,-0.4127159687082359
49449,0.8015115610042165
49450,-0.13858902524275007
49451,0.03180597938064114
49452,-0.48754452646459107
49453,0.13710814359312914
49454,-0.13130439015448642
49455,0.06348694816576181
49456,-0.6504417650059264
49457,-0.31579216289004647
49458,0.5895940629378382
49459,-0.5616456106401299
49460,0.21175244506705182
49461,-0.5078271347160744
49474,0.15266290373718938
49475,-0.11090324094369766
49476,-0.6553323845326671
49477,-0.5697241751946304
49478,1.1649298349401358
49479,-0.3954208662564945
49480,-0.43911478384189406
49481,-0.345439724850946
49482,0.07881877420049026
49483,-0.24166835712968843
49484,0.5885477392869931
49485,-0.2815778161711062
49486,-0.5648373189251902
49487,-0.19291814809794797
49508,0.512703949543791
49509,0.17812649235795341
49510,0.10925676442461922
49511,0.328836760970192
49512,0.9309965642430338
49513,0.7212600541220414
49514,0.031141039435231624
49515,0.1500436209262826
49516,0.5049730082350125
49517,0.06775267523447003
49518,-0.015424542176771458
49519,-0.17684674902530786
49520,0.06354760266269244
49521,0.7806922469746014
49522,-0.4228034423086432
49523,0.1606291225515585
49535,0.24117936405970986
49536,0.100720615005377
49537,0.09878073980878922
49538,1.001260779248455
49539,0.7906954256937188
49540,0.8558699765260078
49541,-0.4761897090352511
49542,0.6749717611830388
49543,0.2416120807575009
49544,0.24892724992140344
49545,0.7111037088405844
49546,1.0695125574917588
49547,0.01774136568808246
49548,-0.15435653331700452
49549,0.1064348821506613
49550,-0.34449539526692935
49551,-0.6187186186077314
49552,0.15869263759907817
49553,-0.07654096749205283
49554,-0.4016973982205818
49555,0.153018805926654
49556,0.11329616455300401
49557,0.035927531705962315
49558,-0.019671186886299652
49559,0.28331118988772575
49560,0.29319887000848677
49561,0.07482182780403283
49562,-0.13670341406467887
49563,0.6569432735906551
49564,0.14820118001377652
49565,0.3645831051215757
49566,-0.16507620419498367
49577,0.7418429250741077
49578,0.060331975116282605
49579,-0.001575546849463677
49580,0.5561513808118019
49581,-0.10849689357033146
49582,0.36318951212678097
49583,-0.47174969518695853
49584,-0.1708234524286827
49585,0.08835311864710438
49586,0.628024478661022
49587,-0.08829243783079004
49588,-0.6573188945077979
49589,-0.09903991293175117
49590,-0.49312487608757105
49591,-0.49701624906510433
49592,-0.015811584388103275
49631,-0.6765944269309894
49632,-0.4852687420438525
49633,-0.7513615314082251
49634,-0.47835064675166805
49635,-0.05770897755634495
49636,0.06775718055931912
49637,-0.06843011691777072
49638,-0.506772889174698
49639,-0.4804478965696677
49640,0.29329740086467215
49641,1.0749188557032405
49642,0.14209495333395347
49643,0.35633245055991225
49644,-0.29437183108421416
49645,0.010612885008631542
49673,0.7912657823691194
49674,0.19804054011143718
49675,0.11173842281486647
49676,-0.20960549450949145
49677,0.2924090863749733
49678,0.7922877498046972
49679,-0.5942246342077312
49680,0.7470110016948983
49681,-0.17516858768148125
49682,-0.019405591218984955
49683,-0.5809817068595671
49684,-0.503407186415131
49685,-0.2846391901945406
49686,0.05651909569044793
49687,-0.3049378605381019
49688,-0.2877612349814116
49689,-0.25454893440566145
49690,-0.11618303897470143
49691,0.48892233992170336
49692,0.379828283408887
49693,0.08430779400157445
49694,-0.2087814369916731
49695,0.1701249795601581
49696,0.5285900672271415
49697,0.032394411822310384
49698,-0.7740977345119319
49699,-0.20165765889401438
49700,-0.21202137437470792
49701,-0.382174827944223
49702,1.1807572036098832
49703,0.25831180902467543
49704,0.299771369210404
49733,0.3834431571659993
49734,0.17849973238638375
49735,0.5352757370076057
49736,0.6086977195575853
49737,0.29761365180740473
49738,0.34104950326299355
49739,0.06308868288761774
49740,0.8870746343865739
49741,-0.3750654887754142
49742,0.08435747504898586
49743,0.5655871944238896
49744,-0.738918216499751
49745,-0.6906635397001685
49746,0.4925154037928712
49747,-0.4804772396082483
49748,-0.7190223405401674
49749,-0.5773479330892759
49750,-0.6996621955350958
49751,0.2341988356855792
49752,-0.3905274892344255
49753,0.5671507953462498
49754,-0.43907187804331993
49755,-0.4704600157735828
49756,-0.48246952273627447
49757,0.608060092085538
49758,-0.41660497248265516
49759,-0.6804070887252885
49760,-0.6679602894725242
49761,-0.5102718538999833
49762,0.3441637470167316
49763,0.37246413842000803
49764,0.7468269647081123
49890,0.11850717227484103
49891,0.4719851846470168
49892,-0.16151604461960561
49893,0.008434401469145397
49894,-0.14173724375432106
49895,-0.1020249536735826
49896,0.5257187956100537
49897,0.13917463661660714
49898,-0.48916658784592
49899,-0.1243402539137346
49900,-0.3193698201140946
49901,0.5036667129291643
49902,0.06494622893680883
49903,0.03411338056521632
49904,-0.14960636876082556
49905,-0.5569024550974577
49918,-0.2086709999868044
49919,-0.3317797326391511
49920,0.1963540656088817
49921,0.1611755394280785
49922,0.5688902170233496
49923,-0.1865713034383638
49924,0.004415159037232913
49925,-0.3518939918845321
49926,-0.19180748740656284
49927,0.49364419593491066
49928,0.06172564125041907
49929,-0.5688720804512798
49930,0.33273503729841236
49931,-0.4050258799849201
49997,0.7019515584109817
49998,-0.4353167436741742
49999,-0.45020468073024705
50000,0.41736191244946996
50001,-0.4379859169023044
50002,-0.4628863476290569
50003,-0.6014464758240399
50004,-0.4816953154149977
50005,-0.2637526626963398
50006,-0.4394869977687083
50007,-0.0703414127255559
50008,0.8341959689207512
50009,-0.7279657528513017
50010,0.3105915510478193
50011,-0.9093403690715747
50012,-0.04964110764638997
50013,0.4248591256823663
50014,0.010401077914114348
50015,0.5960216879252382
50016,-0.6557810996344459
50017,-0.310347141396947
50018,0.10528645402194739
50019,0.10168284880902892
50020,-0.5685045321196045
50021,0.1476633119849642
50022,0.7789665677666309
50023,-0.10566459126988659
50024,-0.35962547877390605
50025,-0.2520304957174777
50026,0.42678745129118933
50027,0.0623591067011519
50028,-0.2303297348977837
50029,0.062537481049811
50030,-0.3014800938395536
50031,-0.5838204931045005
50032,-0.3866635453307525
50033,-0.4230222832010278
50034,-0.572905628937786
50035,0.4752929946475815
50036,0.18420592363112104
50107,0.8271628464075407
50108,-0.08526483918071265
50109,-0.5474397085705617
50110,0.24236834245467753
50111,-0.5540222739051516
50112,0.29549602807936753
50113,-0.38083417537037045
50114,-0.24729099279861527
50115,-0.20158562660409204
50116,0.5249599676731673
50117,-0.01660886469206231
50118,0.26920704025391057
50119,0.053895386393310395
50120,0.30129138400776756
50121,0.05061167823176648
50122,0.02278681744522333
50139,0.4840550690968768
50140,0.06415464837448324
50141,-0.6960202949869763
50142,0.0712981639460509
50143,0.15356520490701692
50144,-0.4050229080295436
50145,-0.006948199270831165
50146,-0.34735065792724934
50147,-0.2846276960998549
50148,-0.6841476680082104
50149,-0.10248951412469788
50206,-0.10023188725396572
50207,0.0634548310743192
50208,-0.20396450431662627
50209,0.12268195924640672
50210,-0.617923607850203
50211,0.045154288297718115
50212,-0.2557962713775073
50213,-0.4517172006152961
50214,-0.4184513838317772
50215,-0.4597998724093998
50216,0.23597335594163782
50217,0.622618040002032
50218,0.3678820104632505
50219,0.1221971758885079
50220,-0.6207232350545939
50221,-0.39935316745184735
50334,-0.03825254814508519
50335,-0.5559626691958067
50336,-0.07875875187173607
50337,-0.4636936225898637
50338,-0.5334159677317559
50339,-0.058353652645611515
50340,0.8006847128115853
50341,0.5967984302711321
50342,-0.2529078106375118
50343,-0.15129757004663683
50344,0.07073291112856224
50345,-0.1867338911904884
50346,-0.14418815929818027
50347,0.29460676434783706
50348,-0.049710486916251545
50349,-0.1594755018443999
50376,-0.55843836112759
50377,-0.8453517514036366
50378,0.24416984349404164
50379,0.3875318908319345
50380,0.6161004424369141
50381,-0.4144797939997997
50382,0.3055722141133599
50383,0.6181695532552545
50384,-0.7373015112211058
50385,0.45050453221907355
50386,-0.5074690250145584
50556,-0.08398025042170634
50557,0.1155889869209704
50558,-0.25006460485130744
50559,-0.1292138515157045
50560,0.07755055167741565
50561,-0.0024057854773591597
50562,-0.2149722145393676
50563,0.3867517026681523
50564,-0.24889968272714993
50565,0.09404078826260781
50566,0.21176892230312988
50567,0.6184564758892319
50568,-0.1701252839405134
50569,-0.17883861910576102
50570,0.11210707194609872
50571,-0.16979059535034802
50572,-0.236202620735348
50584,0.5544609411712439
50585,-0.0515480659847566
50586,0.2541340555446164
50587,0.418939182166854
50588,0.09270757672922478
50589,0.6855214425883189
50590,-0.13918786916327747
50591,0.002886194204635338
50592,-0.10048873187206461
50593,0.07998233361284714
50594,-0.5948505745644804
50595,-0.31194500648562307
50596,-0.44207905447322193
50597,-0.14360840949854975
50598,-0.567034011965024
50599,-0.7714205289787497
50600,-0.6362885529202847
50601,-0.5199993308152285
50602,0.601185097848907
50603,-0.8003120181623615
50637,0.23987289305337384
50638,0.23890473475553947
50639,-0.4292080412803942
50640,-0.3395623340827493
50641,-0.44981695522913623
50642,-0.46883916499791284
50643,-0.7153509829997616
50644,-0.3106534317251727
50645,0.9891552595519821
50646,-0.34620031995219536
50647,-0.17914341484197543
50648,-0.6416925013142947
50649,-0.5459493235579247
50650,-0.7614574260873226
50667,-0.3292160936441006
50668,0.0027881119605552285
50669,0.018869202541008226
50670,-0.4397061190447385
50671,-0.37031518501662775
50672,1.2909012769590245
50673,-0.777243311255248
50674,-0.7058061937259974
50675,-0.11779430146346515
50676,-0.11052426012578846
50677,-0.2955888264038361
50678,-0.6122084883759227
50679,-0.025295001941694206
50680,-0.06125902941982364
50681,-0.42114775113566016
50682,-0.10909771029498311
50683,-0.543095258155417
50684,-0.12897720538794144
50685,0.5868214775067973
50686,0.10631632438075889
50687,-0.49992997906265985
50688,0.3088098355077744
50689,0.6769619161790345
50690,0.140876240924786
50691,0.5788283766076108
50692,-0.3769363459629267
50693,-0.07936298486626159
50775,0.7069935267218987
50776,-0.49463182777306103
50777,-0.8042081819650682
50778,0.18718553164270463
50779,0.29015079268849886
50780,0.12282007834107872
50781,-0.696542502876053
50782,-0.11978158208319083
50783,-0.056572436839757115
50784,-0.21428856751972883
50785,-0.40736644863803895
50786,0.3832988314038339
50787,-0.07910455788129124
50788,0.6174912882203809
50789,0.21374211803126067
50790,-0.32437914656801203
50791,0.1442427676541655
50792,-0.3680183443100381
50793,-0.09071381229251031
50823,0.09424339817814263
50824,0.09842445005991979
50825,-0.3857145118599904
50826,-0.14870526458844807
50827,0.13975089927753553
50828,0.5276319590558773
50829,0.05884560015629291
50830,-0.1946963672941733
50831,-0.5261813855518926
50832,-0.41165523184535835
50833,0.12978972442105627
50834,-0.06774431705663937
50835,0.07126924230158077
50836,-0.14095144203175092
50837,-0.21712706637376483
50880,-0.5685506962343135
50881,0.6975990415358109
50882,0.9145116653652117
50883,-0.22372598202423655
50884,-0.4862558073605633
50885,-0.44466599697440123
50886,0.06487258720932551
50887,-0.18886340717950995
50888,-0.4152729370021552
50889,-0.35547069517933444
50890,-0.21286296159922485
50891,-0.48318092439505894
50892,-0.680929673654074
50893,-0.7640354868798593
51059,0.049134118127803085
51060,0.2282613227514847
51061,-0.03708370552728076
51062,0.5688463399175038
51063,0.14304043976512226
51064,-0.2506884971778408
51065,-0.2940945690900005
51066,-0.0933054207905384
51067,-0.023521731977574865
51068,-0.20387393798458653
51069,1.2694657792219577
51114,-0.20446175375241885
51115,0.038269828971500226
51116,-0.08775579414432452
51117,-0.398416229402647
51118,0.024679040599749347
51119,-0.27483778750310267
51120,-0.27102682437775216
51121,0.4677696456970655
51122,-0.0860635163618898
51123,1.082167528105602
51124,-0.31192746571592445
51125,-0.6306215382871967
51126,-0.08078224374778359
51127,-0.1684808571296784
51128,-0.15169003001551107
51129,0.21976894303633146
51130,-0.7208186394283538
51131,0.22339482501422575
51132,0.793354308788689
51133,0.12789398119683915
51134,0.10360171021552544
51135,0.011992068952245416
51136,-0.05111101229754171
51137,0.024260687788065463
51138,0.3102247731984068
51139,0.16068341769393293
51140,-0.2015850756632772
51154,-0.3795868739856453
51155,-0.15798967941255534
51156,-0.09359567487710119
51157,-0.5619148332873056
51158,0.8671760026166089
51159,0.6900516911453072
51160,-0.48341096615937196
51161,0.5611336390619562
51162,-0.22169984889828848
51163,-0.1894634660269228
51164,-0.7730522333708115
51165,-0.48324548937531675
51166,-0.40258968664022343
51178,-0.5010763538623256
51179,-0.7536254707903578
51180,-0.34504672021314764
51181,-0.33682879442460156
51182,-0.3727112074147183
51183,0.45166452558339887
51184,0.6643601210445456
51185,-0.4799044537891306
51186,0.29947792253796646
51187,0.15884197028537628
51188,0.03572608680315384
51189,-0.4578672003038937
51190,-0.2510976873603058
51191,-0.7179975110104032
51192,-0.6908341429207515
51224,0.3948230952867715
51225,0.6911904973347175
51226,0.0011672610143943773
51227,1.1963445269982327
51228,0.40439075280050635
51229,0.1489779033793589
51230,-0.2326333146812442
51231,-0.393591909911621
51232,0.7334075715599664
51233,-0.2730719315888258
51234,-0.13615006649439376
51235,0.5816522396222027
51236,0.861905527363636
51237,0.6633897469449923
51238,-0.24637048966290398
51239,-0.48401129589972486
51251,-0.008017440876307888
51252,0.13720909513423163
51253,0.5515906360437182
51254,0.5405371953481792
51255,0.34104064625849495
51256,0.4969205560951604
51257,-0.5581916380523626
51258,0.4903778819062905
51259,0.156161110472889
51260,-0.4581860004273465
51261,0.19062204396003543
51262,0.2834649683084044
51263,-0.17706918616831324
51264,0.35064979615476244
51265,-0.15512644503143008
51266,0.4638603292649676
51293,-0.4985163998060594
51294,0.1475426035005206
51295,-0.1560105223172279
51296,0.16326724344813082
51297,-0.07334676232247744
51298,-0.264227173378956
51299,0.908678031830233
51300,-0.4293594074711223
51301,-0.6144626338903949
51302,-0.2877122208901006
51303,1.2809487055725268
51304,-0.1290010731360666
51305,-0.25967796070999016
51306,-0.2070289425779637
51307,0.4255154641898842
51308,0.12126831796229678
51309,-0.22086123229516044
51310,-0.25694088016741556
51311,0.17119103249695433
51312,0.7135425881847575
51313,-0.1750103336642535
51314,0.21643635088923147
51315,-0.19687193080686544
51316,-0.14677778973313738
51317,-0.36335321159750245
51318,-0.43040273725018835
51319,0.1377633337412083
51320,-0.39131271876594076
51321,0.1514536292346879
51337,0.7481995177279005
51338,0.8257449618457928
51339,0.8234719471154466
51340,0.33724822016133577
51341,0.004044379388126226
51342,0.5073878186620817
51343,0.23439790253684278
51344,0.2256891465667869
51345,-0.221991423313743
51346,0.4500347953131161
51347,0.025815859887919082
51348,-0.10942857335694012
51349,-0.12191170320855521
51350,-0.23695913702331514
51351,-0.5960409565616439
51352,0.559862821422255
51425,-0.3248048566197873
51426,1.1307625241066297
51427,-0.27124562271596453
51428,0.07573717477185424
51429,-0.1363639302047286
51430,0.5751270023500477
51431,-0.37164681930485455
51432,0.5422188133777108
51433,0.22124437633346677
51434,-0.3803989858254407
51435,0.38814457374541866
51436,-0.22250830867967472
51437,-0.38225402573397355
51487,-0.40051685571474344
51488,0.20153340500283856
51489,0.35211938107254703
51490,-0.6864270566519017
51491,0.22995039088735528
51492,1.2351636374045465
51493,0.3457663215522112
51494,0.5958609398920489
51495,-0.6104110320224642
51496,0.4903309209020833
51497,-0.1647644190310235
51498,-0.463971237188851
51499,1.1428273506017064
51500,-0.12913134816725608
51501,0.09361977601834343
51502,-0.09845003096350566
51503,0.08015269519767018
51504,-0.7893241893889101
51505,-0.05927651716908616
51506,0.2010986282508139
51507,0.23269587473674208
51508,0.017873038669137115
51509,0.10991178107869538
51510,0.26019036439977145
51511,-0.7299228870034157
51512,0.2820142040717945
51513,0.14117767123339697
51514,0.18001192490053342
51515,0.4871967988757812
51516,-0.09735269179945089
51529,-0.5560593927341876
51530,-0.22733482085171136
51531,0.3530207913158063
51532,-0.20166075293750418
51533,-0.12282233993810338
51534,-0.012414457700256176
51535,-0.35359469890439066
51536,-0.39623409981958646
51537,0.9745833834556064
51538,-0.05783349709269149
51539,-0.19189888387045306
51540,-0.2799773115158336
51541,-0.3884817061102303
51542,0.5615616493188887
51543,0.6020476637319405
51544,0.5700845627058956
51545,0.042658802773587294
51546,-0.3815303084707724
51563,-0.5301989800681668
51564,0.15692699246700553
51565,-0.34003358559221936
51566,-0.7100240629070431
51567,-0.1864319982881893
51568,0.18884803290651603
51569,-0.14115812262239597
51570,0.28512928837468715
51571,-0.13902927820938987
51572,0.5816048186339369
51573,0.04656668902049191
51574,0.069598864163946
51575,0.4984164438309564
51576,-0.23152934429905941
51577,0.1190465361127458
51578,0.1887297380834385
51579,0.0722797584780447
51580,0.07906092700907699
51581,-0.586047793363301
51582,0.29935104425384684
51583,0.23588992892533844
51584,0.2055643111566732
51585,0.0830041290306249
51586,-0.7259353632561247
51587,0.02581587788003828
51619,-0.6880291121255185
51620,-0.002539859970249192
51621,-0.3900943916907077
51622,-0.7116625498604817
51623,0.1025002940482739
51624,-0.2022249114029588
51625,0.026516996853536055
51626,-0.43507303991900154
51627,0.6857809491433124
51628,1.663514361114702
51629,0.3126782737806915
51630,1.2809907949544213
51631,0.6288363474463711
51632,-0.3608958199514607
51633,-0.13087361496335048
51634,0.31563241516660556
51635,-0.10907284620396887
51636,0.2908859035043353
51637,-0.07802654047374245
51638,-0.1608914902765857
51639,-0.3162451912229072
51640,0.00820386612678925
51641,-0.45124324992154063
51642,0.30304179721953284
51643,0.5613361909793453
51644,-0.20048319667115827
51645,-0.09681371860021087
51646,-0.20970574577215628
51647,0.8055050021452026
51648,0.021798186511394424
51649,0.19838125641797616
51650,0.6521223680068058
51651,-0.3561918271290542
51652,-0.3753721736603949
51653,-0.09899502138058822
51654,-0.11499812168794186
51655,0.3545859647971288
51656,0.21490473547944125
51657,-0.7336005743673755
51658,0.2653273618398525
51659,-0.3726796320851655
51660,-0.6821052708727475
51661,0.4458806259001479
51662,-0.24760266482001866
51663,-0.4698384863380307
51664,-0.22899069721087514
51690,-0.01743744576050016
51691,0.16902725161512228
51692,-0.3488322361576719
51693,-0.046164432281853185
51694,-0.48353042653502315
51695,0.11833604111415061
51696,-0.19714805335387625
51697,-0.18728966442475775
51698,-0.3595487495019928
51699,-0.1139651195133495
51700,-0.18017399125171485
51701,-0.4775150491180238
51702,-0.02095390000613684
51703,-0.39262738801081354
51704,-0.631424637317315
51705,-0.14419814581099283
51787,0.5867436136033708
51788,-0.47265432167594384
51789,-0.588657973773089
51790,0.8908812437718276
51791,-0.3320288603396279
51792,0.11184397247562813
51793,0.7068741880299565
51794,0.42246392118388865
51795,0.27265728390068766
51796,0.47810082394708775
51797,-0.15291764161727756
51824,0.5010254697363471
51825,-0.5218133750891306
51826,0.03448575729164179
51827,-0.6434998153330123
51828,-0.5417983427857196
51829,-0.20898802553631246
51830,0.6463088885298486
51831,-0.24638114667173155
51832,-0.10281558954018556
51833,0.057740011077920476
51834,0.9078915367306293
51835,-0.17743442882166272
51836,0.18255633175413172
51837,0.07383141778362085
51838,-0.1987988618928483
51839,-0.10095272118945339
51853,-0.47227789680107357
51854,-0.041872461867199236
51855,0.0020727423402729095
51856,0.028477433838274176
51857,-0.04126164738969958
51858,0.162384439167335
51859,0.16967087548571208
51860,0.19843750154961176
51861,0.05151522126486894
51862,1.1763574387047329
51863,-0.13668511022489918
51864,0.3837721697950285
51865,1.3966753762773296
51866,-0.15072999160166708
51867,0.13025322477942114
51920,0.4096927868085809
51921,0.4035362623703563
51922,-0.3938847900996904
51923,-0.10093894737821554
51924,0.3315142020371942
51925,-0.3125923466215137
51926,0.044543329848783605
51927,-0.2563431723001215
51928,0.5704969471468461
51929,-0.012881983044166483
51930,0.6005440128187266
51931,0.36205387408923656
51932,0.6123304171941136
51933,1.0948502356001133
51934,-0.3435575153699205
51935,-0.5428959466039766
51936,0.2287356627727197
51937,0.3099612718297119
51938,-0.16170472240530645
51939,0.26898861948857034
51940,-0.19046220011617448
51941,-0.15100193477024665
51942,-0.5024642664742024
51943,-0.7877261004142175
51944,-0.05646051599531378
51945,0.7113292131597098
51946,-0.10642494755629722
51947,0.050922571536174105
51948,-0.3611207010599694
51980,0.14389129470671738
51981,-0.649287172480092
51982,-0.6497339784792684
51983,0.08671645907937475
51984,-0.3627068999935592
51985,-0.6194589182292614
51986,0.07506146851726764
51987,0.2172066117618725
51988,0.5758848259702487
51989,0.23048878141576803
51990,0.0753273196172594
51991,-0.13886875693122896
51992,0.25642506316490243
51993,-0.6190444636627583
51994,-0.051595313388935776
51995,0.5288505375337831
51996,-0.5455724983185702
51997,-0.35813302627928334
51998,-0.5831251699099974
51999,0.29947166746751197
52000,-0.5181848543573924
52001,-0.47732087806188606
52002,-0.3057466236769484
52003,0.2612622004828395
52004,0.016227987476470265
52005,0.02481561647209561
52006,0.41596069316405254
52007,0.17349523657087063
52008,-0.1896184165370866
52009,1.3727740081388928
52010,-0.03754431800043992
52011,0.05121570728191662
52012,0.7227663625627495
52013,-0.010311442720918197
52014,-0.3446890212789785
52015,0.8181426687852704
52016,1.009752183214844
52017,-0.5796930017333038
52018,0.051449629329366996
52035,-0.14125510235644895
52036,-0.24242323141200725
52037,-0.2257515301809273
52038,-0.2900245614255356
52039,0.3300440093292441
52040,-0.36441548704979365
52041,-0.09857407818981949
52042,-0.24200632272389438
52043,-0.5964231539769002
52044,0.6250420387017137
52045,0.41154575172554086
52046,-0.2916405365985381
52047,-0.5470078580577719
52048,-0.034357151787986887
52049,-0.1734517894022694
52050,0.503086058070368
52080,-0.4795849166405985
52081,-0.4051915032344422
52082,0.19336609151860729
52083,0.21811739205758274
52084,-0.35277945739526434
52085,-0.23144560718679943
52086,-0.11229207717932235
52087,-0.2696496543665016
52088,-0.4001848237627269
52089,-0.1797763877580955
52090,-0.4175557713464553
52091,0.6842900162868599
52092,-0.34003333977457606
52093,-0.24753367195345063
52094,-0.4369396508075501
52095,-0.2267345999068627
52096,0.3337894211202756
52097,0.2120987231540556
52098,-0.5462440580878086
52099,0.21390174645068827
52100,0.269544738010031
52101,-0.1278574390916749
52102,-0.13700932790625564
52103,0.09256986343077384
52104,-0.22590283388455484
52105,-0.28026777372297274
52106,0.8905763724421052
52107,-0.5995188548263867
52108,-0.5684317815367709
52109,-0.5331457129478713
52110,0.44815868517713636
52111,-0.4349080828611059
52139,0.5350920671757639
52140,-0.3890159733795449
52141,0.08870946896534117
52142,-0.507695321170117
52143,0.37928786400004544
52144,-0.23058173601899462
52145,-0.013051525958788848
52146,-0.1183359809906669
52147,0.5325414580828935
52148,-0.16186710460516643
52149,0.17461282931988725
52150,0.7062939685862977
52252,-0.40981092987945783
52253,-0.36322805258991403
52254,0.016290778233872913
52255,-0.2603308124193565
52256,-0.09132220764474044
52257,-0.5134650027047517
52258,-0.5523344408104156
52259,-0.4374014798582437
52260,-0.22127716173833065
52261,-0.3232097025508269
52262,-0.16137329513654897
52263,-0.2337348218286238
52264,-0.23023749056735449
52265,-0.053518684948416564
52266,-0.6188368382976346
52267,-0.6394106355399809
52268,0.630129131378058
52269,-0.013426962330439024
52270,-0.6677861642619317
52271,-0.5617786235927802
52290,-0.3409766053321666
52291,-0.7258300846281548
52292,-0.0711908628838907
52293,-0.5108182317072111
52294,-0.2076767494367567
52295,0.7930283250417727
52296,-0.09314186466488296
52297,-0.022377035018309246
52298,1.1128855405045897
52299,-0.3148444574745979
52300,0.09518489663814945
52301,0.8059488720482002
52302,-0.1386837450935775
52366,0.21243109910051308
52367,0.41344377320956893
52368,-0.14001225952292085
52369,0.013972021636673555
52370,0.7351269050991383
52371,-0.009792195842002235
52372,0.21518551995793994
52373,0.1623727807478635
52374,-0.27008739075726984
52375,0.2831386487719789
52376,-0.3518501802298075
52377,0.41665609016964006
52378,-0.38636495853475267
52379,-0.28818166989863025
52380,-0.20939997654835374
52381,-0.02019612228287071
52382,0.2963713323913079
52383,-0.10071227582037381
52384,0.2086718871591894
52385,0.09170718534160217
52386,0.3816301336305462
52387,0.7125383545420485
52388,0.09862077135570327
52389,-0.2092239220143343
52390,-0.23411567947876616
52391,0.3864403782364857
52392,-0.40153763301068235
52393,0.11415001222095017
52558,0.5644692355707043
52559,0.26257336030542344
52560,0.033855180997185756
52561,0.22307411242066638
52562,0.09588964061496186
52563,0.2992476175742689
52564,0.014154625845061358
52565,-0.4224368888541637
52566,-0.16356250003764303
52567,0.16890675247141687
52568,-0.6389189494384881
52569,-0.3654133976463433
52570,-0.46131711597451686
52571,-0.7984103377875948
52572,-0.24388325577862915
52573,-0.47052226489487975
52574,0.016292980796588044
52575,0.6782944224337433
52576,-0.29209210560044574
52577,-0.6797067163240846
52578,-0.4279103367989018
52579,-0.8727434485596236
52639,-0.16241376944451505
52640,-0.14979847975227362
52641,0.11225462798952318
52642,0.09753000482053861
52643,-0.07612111876752653
52644,-0.001206519925729982
52645,-0.17419831448821893
52646,0.049396806916427935
52647,0.10276554589391451
52648,-0.19120220599225202
52649,0.2371912140123063
52650,-0.43673729543513984
52651,0.1704127865023499
52662,-0.07516436653934792
52663,-0.39109479394440344
52664,-0.3590002590385727
52665,-0.627740938631586
52666,-0.4485056171201909
52667,-0.8805821483929179
52668,-0.462881972159497
52669,0.1617589849019401
52670,0.7953346919829836
52671,-0.3690135126060567
52672,-0.7308550851510169
52673,-0.7135074111876327
52674,-0.36147422989175393
52675,-0.5995849087697547
52676,0.29909803027565396
52677,0.18847553705977374
52678,-0.11531111593377726
52679,-0.49523888060064347
52680,0.424889716611754
52681,-0.2354850190515169
52682,0.28513899514843793
52683,0.3031368453651599
52684,0.3748263148030463
52685,0.9195768807710654
52702,0.22917190895535572
52703,-0.2812724372628171
52704,0.9495445691620359
52705,-0.4003644958928311
52706,-0.30664332329058874
52707,-0.35835948446918614
52708,-0.3360453492689037
52709,-0.3857429313206969
52710,1.1851311904526038
52711,1.3269622018257847
52712,-0.025194454855573978
52713,-0.16486845406605583
52714,-0.2999149358168156
52757,-0.09467152184567412
52758,-0.5461474408795687
52759,0.049303003655252614
52760,-0.5238278344422445
52761,-0.6082955088814581
52762,0.17437903746887848
52763,-0.382124578575878
52764,1.331578040158779
52765,-0.5312326272477015
52766,-0.6716854702611186
52780,-0.46171950412415563
52781,-0.0415857091066959
52782,-0.376214190358072
52783,-0.45891302181146437
52784,-0.17337034086800673
52785,-0.4226591623191908
52786,0.19394047966365519
52787,-0.6342333245495478
52788,-0.5341712399027507
52789,-0.47868626668067793
52790,0.4659770040975153
52791,0.4274816736564857
52804,-0.19125748977718582
52805,-0.45557019433947504
52806,-0.5006027160227258
52807,-0.33655343616929256
52808,-0.012447682137217655
52809,1.0121676398702264
52810,-0.7570352882207281
52811,-0.11647700113453478
52812,-0.6735918906009035
52813,0.49764749914942297
52814,-0.08983971573096142
52815,0.9451567266451697
52816,-0.330225068101789
52817,-0.607043718471188
52818,-0.7692054810724649
52819,0.04411354950876897
52820,-0.4356108848035595
52821,0.7763660502168275
52822,-0.32104632882216017
52823,0.15469764338504
52824,0.17634153362054614
52825,0.36128942567092776
52826,-0.010602328082064572
52827,0.09077538089403958
52828,-0.6424182275283902
52829,-0.005813213767194889
52830,-0.6288495904370229
52892,-0.3765693917374315
52893,-0.4910957467372741
52894,-0.37698798493725777
52895,-0.37578170534794525
52896,-0.33380573124103846
52897,-0.42232424987004574
52898,0.10255536979345953
52899,-0.12647376179863434
52900,-0.3781976745311624
52901,-0.1469349838334926
52902,-0.07073197148203889
52903,0.46614907797226185
52904,-0.39763981558942685
52905,0.9144641777558788
52906,-0.24060360412144993
52907,-0.5397012929308193
52908,-0.6672532848807392
52909,-0.3696843339640393
52910,0.3530307741901311
52911,1.357441944923231
52912,0.9825203101847384
52913,-0.6232565901562767
52914,-0.5019764637868985
52915,0.07318257051951597
52916,-0.38064299091644227
52917,-0.04709380592103907
52918,-0.4053117345700474
52919,-0.2776020038923413
52920,-0.11611764206511294
52921,-0.363986941381125
52922,-0.43120393307813265
52923,-0.13783212134576597
52924,0.3701327678393532
52925,-0.7004214252157754
52926,1.2783908861529163
52927,0.19859022466778942
52928,0.015968727877629048
52929,-0.6504060117905361
52930,1.2226256159539697
52931,0.2272922245340528
52932,0.9650487732967793
52933,0.09151980303026225
52934,0.06446939562861276
52947,0.08545714935728264
52948,0.08366745557732531
52949,-0.06756091425846775
52950,0.8375078141572962
52951,0.6044513073556177
52952,0.6223187599117392
52953,0.2082220973540114
52954,0.1024583531555924
52955,0.19003472865015986
52956,0.07476230640630192
52957,0.26274174424087743
52958,0.16313104914644183
52959,0.37418536199653235
52960,-0.15048235890392622
52961,0.2052488601564036
52962,0.2372015574004095
52963,0.28018841518477644
52964,-0.0395935527220444
52965,0.33755504969207045
52966,0.5149113051886738
52967,-0.1790089620020166
52968,0.2955657718533204
52969,-0.004772313799445288
52970,0.4918976662979557
52971,0.13494633020670507
52972,0.21360819228765277
53070,0.35616951002696784
53071,0.4333469018505257
53072,-0.004019842472646917
53073,-0.14869657734803893
53074,-0.05118936932813023
53075,0.07701562029649242
53076,-0.1822828733110997
53077,-0.022673088881756676
53078,-0.5114489696370803
53079,0.19308201479356715
53080,0.5214184202191147
53081,-0.2881164442973716
53082,0.26943403526358334
53083,0.17210294895482245
53084,0.5334473995620002
53085,0.009809772313829943
53118,-0.15921143972383223
53119,0.31360002926535113
53120,-0.08387476403934897
53121,-0.07554125092702402
53122,0.09889459235150085
53123,0.1685033910945007
53124,-0.05595104230752568
53125,0.012180275019986433
53126,-0.05246252326752846
53127,-0.07236731099771686
53128,-0.1404731154364091
53129,0.49226582600593866
53130,0.1572631020756351
53131,0.017880715062678396
53132,-0.027957063488639397
53133,0.6395916161020067
53134,-0.2765437033489437
53135,-0.09632358539808954
53136,0.027535613549600477
53137,-0.12580323777250418
53138,0.13807441730793218
53139,0.2754824299469872
53140,0.182457844135826
53141,-0.0678471268292779
53142,-0.023949063820336028
53143,0.2984400260794363
53144,-0.5277913241228166
53145,0.23708920073058473
53146,0.7303693427017055
53147,0.12941835455898917
53148,-0.4026931932230592
53149,-0.3000978745222716
53150,-0.21296238652891636
53151,0.1554635318377133
53152,0.5444519806797503
53153,-0.8551995566381949
53154,-0.11037590173309497
53155,0.7085029766901288
53156,1.0395600818018598
53157,-0.12784782503658887
53158,0.6581943230581362
53159,-0.01689826107673076
53160,-0.039615353434217904
53161,0.9380927795198037
53208,-0.2425489367126343
53209,-0.7594889944056178
53210,-0.7990112212798679
53211,-0.43767326694124453
53212,0.40201376757706225
53213,-0.8370053854200376
53214,-0.5951432433827036
53215,0.35960963177022026
53216,-0.5093100264048476
53217,-0.08538113407917539
53218,-0.3800480966640934
53219,-0.35042878310184683
53220,1.0744717605757494
53269,1.534573697656321
53270,-0.4098209940605189
53271,0.011283572080772242
53272,-0.38266552697932127
53273,-0.29725635149856433
53274,-0.43735879257082594
53275,-0.5307787158912909
53276,0.20684476691561796
53277,-0.1523255491444846
53278,-0.3819193966261804
53279,-0.46047193594077657
53280,0.9022170114628895
53281,-0.2228716653485206
53282,-0.4155614692761951
53353,0.8641431296167201
53354,-0.4819240271888853
53355,-0.15330197521354022
53356,-0.7151600380571632
53357,0.12448109147857542
53358,-0.33480487893360555
53359,-0.3779881572290138
53360,-0.38848443395469007
53361,0.062017942803521235
53362,0.023620371616270827
53363,-0.22940835086138311
53364,-0.4857398651033116
53365,-0.21009492406268815
53366,-0.47414234993549853
53458,-0.2353654813800975
53459,0.16889212957069938
53460,-0.3326930180079083
53461,-0.4042304741171994
53462,0.3714461925127344
53463,0.07006079491645344
53464,-0.40775459037410494
53465,-0.1602341420950762
53466,-0.27909805476155025
53467,-0.6738451880015434
53468,-0.6179464061269768
53469,-0.2553125510491515
53502,0.28870508975572545
53503,-0.024072460967742876
53504,0.05775165100854916
53505,0.141128342703488
53506,0.0029062546249943866
53507,-0.696290287691429
53508,0.2908347936936172
53509,-0.5094884672619873
53510,0.033200843720825005
53511,-0.06512742599896659
53569,-0.6894589772392987
53570,-0.39251087511427196
53571,-0.3969332727895423
53572,-0.2891717612389176
53573,0.04360507071670121
53574,0.38595163891659956
53575,0.5022144427649444
53576,0.5588227570870276
53577,0.18753731185329064
53578,-0.48452007091824556
53579,0.5586219912020745
53580,0.01291774720854963
53581,-0.20385708817641765
53582,0.05481947532200081
53583,0.18806288843939492
53584,-0.35993208938679555
53585,0.01666797546031612
53586,-0.6645800958604035
53587,0.22269820632146603
53588,0.06457503076235241
53589,-0.4004573262710159
53590,-0.6348361588317633
53591,0.054171206002236225
53592,0.2754032984922208
53593,-0.24418050810350161
53594,-0.7199486167546663
53624,0.49184949846865367
53625,-0.18139872192188888
53626,-0.312650619118625
53627,0.03487777451537666
53628,0.38806734896774386
53629,0.4835971884355902
53630,-0.14031079203436014
53631,-0.6271634521021789
53632,-0.5751660641557695
53633,-0.14421042125085914
53634,-0.39337949773299496
53635,-0.37006699498993456
53636,-0.21176640037642808
53637,-0.7008430767627413
53648,-0.6495844081406866
53649,-0.6056198580053204
53650,0.45903924026986326
53651,0.5840945142433919
53652,-0.5619267690834733
53653,-0.3491151358860932
53654,0.5496507908627223
53655,0.27220082123262646
53656,-0.3622604380340949
53657,0.5048885229444879
53658,0.27784961937427033
53659,-0.2505773227484754
53660,-0.4465653353865918
53661,-0.3999412910379809
53662,0.6946381786251488
53663,-0.047248243448209215
53664,-0.070880795861657
53665,-0.031072146246036284
53666,-0.04688870800614699
53667,-0.45273854546094905
53668,0.22030525752921423
53669,0.34293463429610094
53670,-0.12208760357304495
53671,0.2819623395347537
53672,0.2762053957345812
53673,-0.12797703605077465
53674,0.17165709111213703
53675,0.15070351226696876
53676,0.2195716520845395
53677,0.15838459999306545
53678,0.25741130079996233
53785,0.34756795496990406
53786,-0.2539465306653892
53787,-0.171933633496142
53788,-0.18049238792735467
53789,0.07577431415970555
53790,-0.06457897947655336
53791,0.06815002207261617
53792,0.20083003973536742
53793,0.13253627781283378
53794,0.43079193707763996
53795,0.1452511726625487
53796,0.16326158716928535
53797,0.38585496219794524
53798,-0.01674664441218518
53799,-0.2051451696242292
53800,-0.36642849401411237
53829,-0.14477162600523036
53830,0.1205904413660927
53831,-0.447112242909518
53832,0.16519265665312455
53833,-0.010243883215519195
53834,-0.04326676454619843
53835,-0.21426976310559853
53836,0.08866630927208215
53837,-0.3661248140880745
53838,-0.3689948426687617
53839,0.3159582789580162
53840,0.3700149428271081
53841,0.9574230733756119
53842,-0.3763740307083031
53987,0.5730666509593564
53988,0.04817672735334209
53989,-0.2462810489661506
53990,0.7849211492907322
53991,-0.007862896851567214
53992,0.5052491904557225
53993,-0.23437765768075702
53994,-0.5442718182263787
53995,-0.11617526168810076
53996,-0.273631472947881
53997,0.4639420189537857
53998,0.3966775502259259
53999,0.11152371186804634
54082,-0.3482189348086675
54083,0.19358045883131358
54084,-0.14116731291270074
54085,0.6521656380805119
54086,-0.2757029499171843
54087,-0.2627816470743352
54088,-0.20647305619466205
54089,-0.029665757266237866
54090,-0.15298715592066875
54091,-0.18354466857809404
54092,-0.7217798733978875
54093,0.038015907274383906
54094,-0.3124004616046275
54095,0.12644272992065117
54117,-0.03258743023173695
54118,-0.5306292109926912
54119,0.25462832459272366
54120,0.13679789990204602
54121,-0.8914311623291529
54122,0.5144015682658842
54123,-0.6505130614775738
54124,-0.10755352458083126
54125,0.03130374815714011
54126,-0.49979425153816986
54127,-0.02763625926058204
54128,-0.0021786137139262196
54129,0.06378745624386943
54130,0.3158503958323359
54131,0.38864425776202194
54132,0.2524981668936131
54133,-0.09584489094881625
54134,-0.08131899398333178
54135,0.894908958995914
54136,0.5346276087761715
54137,0.04189605631533054
54138,-0.01128667975942732
54139,0.10995520522060434
54140,-0.13066789965932119
54141,0.3138395669671054
54142,-0.2184012967499287
54143,0.6075479868925496
54144,-0.07476994071086328
54145,-0.5283781289816504
54146,0.39578794678987617
54147,-0.2964906905217496
54159,0.4607417930924726
54160,-0.2555319356478371
54161,-0.3340863516660694
54162,0.25588908714520553
54163,-0.4417026159295972
54164,0.3041372128286614
54165,0.16684172193785782
54166,-0.22295494311231015
54167,-0.2308051331440646
54168,0.21267678026276593
54169,-0.49088404719611134
54170,0.43498842816843153
54171,-0.23887205965126632
54172,-0.3574365442828594
54173,0.19335013126335857
54196,0.14430670332523493
54197,0.4338927938920556
54198,0.8909961835527778
54199,-0.4943988011344642
54200,-0.035438676704192304
54201,0.3131411527053688
54202,0.4749887652469277
54203,-0.04151417282875476
54204,0.5622685435258913
54205,-0.3246070355307269
54206,0.70078770756708
54223,-0.03427945229190646
54224,-0.0817040245917729
54225,0.7083633690345417
54226,-0.09133053985954356
54227,0.14257092127117213
54228,-0.035678258699479666
54229,0.10459529717884902
54230,-0.2418856253432015
54231,0.4431286755496512
54232,0.39190717720670076
54233,-0.16699408458523315
54234,-0.0813789260772381
54235,1.7488158964524867
54236,-0.1923341648232093
54237,-0.03553983543687499
54238,-0.3381126028846506
54239,0.0825543727026754
54240,-0.5650593878216154
54241,0.166221260285926
54242,-0.14412358851807267
54243,-0.21459459523079288
54244,-0.5150358815198017
54245,0.5751453377691815
54246,0.4078560377739546
54247,0.2531323582357
54248,-0.16353079958510958
54249,0.07347457230768246
54250,0.2686492061405246
54251,-0.1460145273367989
54252,-0.188202092604615
54253,-0.05561615361514971
54254,0.30246097116494164
54255,0.27835493056470556
54256,-0.3445174326589192
54257,0.14539939230995164
54258,0.5513645953488817
54259,-0.1952579779071275
54260,0.3149681816818908
54273,0.23252868578726915
54274,0.2485099044611514
54275,0.40555080083359785
54276,0.25792597440328235
54277,0.08327755118543734
54278,-0.31862860264725273
54279,-0.34455566179591784
54280,0.513841422800353
54281,-0.5615789769098888
54282,0.020736924243101168
54283,0.287655681550911
54284,0.771563231196756
54285,-0.24634778743826485
54286,0.3940322103417894
54287,-0.05181924835619588
54288,0.5347916405904185
54289,-0.5100519572171578
54290,-0.5256608343181008
54291,0.07722995899582702
54292,0.1425090160162576
54293,0.10122591503224806
54294,0.2364190851872891
54295,-0.5913957540620438
54296,0.5290664269808074
54297,0.24635946062248398
54298,0.40641948106448855
54299,-0.46916895183835466
54300,-0.3319190892981496
54301,-0.406006134642556
54302,-0.6660369193109766
54303,-0.6979165366412021
54304,0.22392563986600938
54329,-0.21579818881502427
54330,-0.5447491625570968
54331,-0.8162417417675771
54332,-0.5975376190298007
54333,-0.39793965547772014
54334,0.521186073680153
54335,-0.3550543262413684
54336,-0.6287827966669365
54337,0.29316395550665886
54338,-0.391390837504123
54339,-0.47108371558467177
54340,-0.5872973564048157
54428,-0.547551654088912
54429,0.35183954164386627
54430,-0.38512163716060127
54431,0.42848485506298606
54432,0.23170102131758413
54433,0.1298775328000355
54434,-0.5567633908577961
54435,0.03201033314654225
54436,0.09819017347845169
54437,0.5537925971513822
54438,0.5320024639010008
54439,-0.28162996470423607
54440,0.46797600597343947
54441,0.18883452472464674
54442,0.6275536555297596
54443,-0.6095546029926786
54460,0.360650209617424
54461,0.2984370855981644
54462,0.037558043522952896
54463,0.5386514840890961
54464,0.2911308236449292
54465,0.06759229793483466
54466,-0.05233271078376406
54467,0.7949441984929704
54468,-0.3721487152676119
54469,-0.10863643038920102
54470,0.45841112581609605
54471,0.12356222554189779
54472,0.3975057522082561
54473,0.7566064861951276
54474,0.03321038953861292
54475,0.589486253678406
54597,-0.1540105438798845
54598,0.11319071024881625
54599,0.48741436850601283
54600,0.5367423460968115
54601,1.070825809914029
54602,-0.011579467128991106
54603,-0.22810449692618473
54604,-0.40027285434361914
54605,-0.08914642349611823
54606,0.2608840400999935
54607,-0.284813340643422
54608,-0.5195440853131202
54609,-0.3890392457430518
54610,0.11536835398106438
54611,-0.33995442808912124
54612,-0.17104715118975042
54702,-0.17472903790475072
54703,-0.10825555807557685
54704,0.02500049606479937
54705,0.11930549763688873
54706,-0.13595063441130822
54707,-0.22244497527685325
54708,-0.20262013854948777
54709,0.2473809648116917
54710,0.08316773208574772
54711,-0.11479342775644655
54712,-0.0689884098278197
54713,0.4476116157989978
54714,-0.45314488948293263
54715,0.02529854750554547
54716,-0.30797342055651655
54717,0.115862632943639
54750,0.19373689881104894
54751,0.022777023067705585
54752,-0.060111374273538395
54753,-0.23788386241835613
54754,0.5144107226092423
54755,0.22870471353310223
54756,-0.3670630720185441
54757,0.7331848240257819
54758,0.32318219884517574
54759,0.1538225292345373
54760,0.14284783772902201
54761,0.05278579857645211
54762,-0.31456885359994957
54763,-0.013470503428775912
54764,-0.14482947013966416
54765,-0.0863791862160917
54811,-0.18006020744748985
54812,-0.3569153238370734
54813,0.6813374562696091
54814,0.25366338801179716
54815,-0.668176927924654
54816,-0.09964753255350497
54817,0.24443937800606041
54818,0.20370148354229095
54819,-0.34182871731281916
54820,-0.28406961286661414
54821,0.11489927385790874
54822,-0.35756747912107323
54823,0.3629252042015243
54824,0.15025838952263787
54825,0.36059695684600473
54826,-0.3051965425117841
54827,-0.2501425637430886
54828,0.0634931419914719
54829,0.7943246479486746
54830,-0.1672883781157926
54831,0.738136916339402
54832,0.7970769757908519
54833,-0.6150539613447233
54834,0.3700249366412391
54835,-0.22241224346987198
54836,0.34768606293854043
54837,-0.45490859396791905
54838,-0.10707791358215295
54839,0.47056306697087025
54840,0.9172700742538422
54841,0.37073214589401804
54869,-0.15482384194013055
54870,-0.2608528322133149
54871,-0.000540951173595941
54872,-0.2715575588081749
54873,-0.3223226949588112
54874,0.1588533299009175
54875,0.08046914545697018
54876,-0.20333194192744458
54877,-0.42328017643663207
54878,-0.6310151404166991
54879,0.6897968845845619
54880,-0.19182113809073448
54881,-0.5361438543651461
54882,-0.7857589323099649
54883,-0.4125091693079832
54884,0.21987866463806643
54885,-0.16562019659454436
54886,-0.42513513597978525
54887,-0.1798580261695893
54888,0.357293935135974
54889,-0.3506978350108561
54890,-0.25067373807071913
54891,-0.25380456047646727
54892,-0.34312218850108395
54893,-0.39887719135319444
54894,-0.3672741434264986
54895,-0.3906149815488852
54896,0.8983910414297813
54897,-0.294816483679629
54912,0.011066424437148226
54913,0.13641909195101837
54914,0.01537633501578603
54915,0.13228853312882125
54916,-0.3158070752750167
54917,-0.21364815792901973
54918,-0.10644000462887608
54919,0.17428992746957364
54920,0.07277037889478064
54921,0.17164463008802933
54922,-0.21458150945115884
54923,0.3548476040573112
54924,-0.37615591478829113
54925,0.33046759257697733
54926,-0.0033882725261116797
54927,0.4584490448401514
54972,0.4488000709164701
54973,0.3891427538796961
54974,-0.0021338494583676565
54975,-0.44270397129696126
54976,0.3042492975936011
54977,-0.2722256639663943
54978,-0.11778055963613958
54979,0.5649351760570106
54980,-0.25130401242240724
54981,-0.715831208349815
54982,-0.2407230819161102
54983,-0.6742790503880604
54984,0.26923415766831166
54985,-0.46357980134828913
54986,-0.0860776108580888
54987,-0.06362158997358743
54988,-0.48058703107554335
54989,-0.41215145023615507
54990,0.2988415552530277
54991,0.018908151913303778
54992,-0.11231018709418322
54993,0.10329958148536746
54994,-0.3871260947819586
54995,-0.35041238946058484
54996,-0.251713105013355
54997,-0.550680610740603
54998,-0.09007235731808601
54999,0.08567671329731913
55000,0.003840174731939608
55001,0.8175699621313723
55002,-0.4708327585552508
55003,-0.31045295443399806
55038,-0.7594817701735986
55039,0.0005836323438397628
55040,0.4113455930669328
55041,-0.40855491094748836
55042,0.4791405810409669
55043,0.18239296332562954
55044,0.7683496086064756
55045,0.6625863770413596
55046,-0.3587878224704749
55047,0.4191804479097737
55048,0.23105040544236205
55049,-0.3069869939669538
55050,0.3883070109119834
55051,0.6536478749099679
55052,0.07481011596271823
55053,0.38497563634318877
55054,-0.7323457895162901
55055,-0.4265728727980816
55056,-0.3640219934771024
55057,0.0074331645308562955
55058,-0.6867272821632716
55059,0.008762986652405547
55060,0.08744568578639594
55061,-0.7109497242225227
55062,-0.5977049311053573
55063,-0.6052297469067064
55064,-0.4338532345901791
55065,-0.23488934173679593
55111,0.053126462542301085
55112,-0.06789089981725731
55113,0.2716861309030876
55114,-0.19423829956501656
55115,-0.045268924915138994
55116,-0.5019292969216352
55117,1.2321933826780365
55118,-0.41977448735560274
55119,0.12901026579278344
55120,-0.19949740586548936
55121,-0.12801448218475514
55122,-0.401952906240779
55123,-0.5576020570990528
55124,-0.4518138901681695
55125,-0.45970467324629055
55126,-0.14621035825916823
55127,-0.17520227366410673
55128,0.02723273854437666
55129,-0.24178802747115538
55130,0.4460556370642058
55131,0.25531104264023835
55132,0.27184119285072805
55133,-0.8189122561031772
55134,0.21536853278591045
55135,0.49795474704888965
55136,0.3247832429550069
55232,-0.678825884542394
55233,-0.5661075082498367
55234,0.5701735612126115
55235,-0.4068866680880345
55236,0.19229842159183894
55237,-0.09556730865166449
55238,0.10386847802064861
55239,0.3275363124032171
55240,-0.38119672309855956
55241,0.3113075191518372
55242,0.1630185094258995
55243,-0.5777129424655387
55244,0.7007095853217515
55245,-0.7858641302432289
55246,-0.15457952064025524
55247,-0.47586476683431245
55258,0.09359603726452481
55259,-0.14149158266473943
55260,0.40895626920602673
55261,-0.482678462996156
55262,0.6161357713377585
55263,0.2577396130924518
55264,0.4414288077615153
55265,0.4751011926463939
55266,-0.2380470670309757
55267,-0.33392709078956023
55268,-0.8290153682141241
55269,-0.7791129808426488
55270,-0.47722113233066477
55271,0.10211219686107285
55272,0.23860218478413578
55273,-0.650627735658109
55357,-0.007996024728269574
55358,0.31877651485765357
55359,0.11646742797658376
55360,0.08099784330860271
55361,0.5961786498456941
55362,0.41428386814521045
55363,-0.2001411365729479
55364,0.27882705214179493
55365,0.07344470358588158
55366,-0.2842577986080423
55367,-0.22665737994138005
55368,0.34929227223029224
55369,0.42281552778560394
55370,0.030401663212115973
55371,0.5752562859083662
55372,0.25799718433350244
55373,-0.15067356646930835
55374,-0.11079744392032204
55375,-0.015949912670750868
55406,0.009892446400452441
55407,-0.05971393237626637
55408,-0.08368102047493209
55409,-0.053593101502741186
55410,-0.19596705054645328
55411,0.03908712205087809
55412,0.6078163243391824
55413,-0.2593038865504856
55414,0.16815830226875356
55415,-0.10304880462446583
55416,0.27680535999407874
55417,0.008222681844354915
55418,0.20162310081601337
55419,-0.1740985422627395
55420,-0.40792860119915497
55421,0.5161267332378647
55422,-0.057000685671173626
55423,-0.015119451042928889
55424,-0.3680380370532179
55425,-0.1942525585936751
55426,0.1981174775391794
55427,0.08540329564910505
55428,0.22305948820596458
55429,-0.16150181652236734
55430,-0.082593160468506
55431,-0.28428532513525195
55478,-0.04031600009326214
55479,-0.04809265087852302
55480,-0.49560588989170573
55481,0.2451632489510957
55482,-0.43628067526666187
55483,0.41356658434452576
55484,0.5430666923040486
55485,0.2901418169646939
55486,-0.03204240352967325
55487,0.03630206447212017
55488,0.03826586894138269
55489,0.015467326122509964
55490,0.19510838829122185
55491,-0.3115845815284932
55492,0.2400569628189061
55493,0.029856628011034787
55494,0.18313106212036706
55495,0.35004544754245803
55496,0.18817693853920792
55497,0.5831544154772033
55498,0.388243615965892
55499,0.3358878060753029
55500,0.2547980634679534
55501,0.12202890141285098
55502,0.15192835875580055
55503,0.22179481675751028
55504,0.482308672382066
55505,0.5782380207017186
55506,0.3514141085688688
55575,-0.4729811347991889
55576,-0.005359213672096075
55577,-0.4629084178775025
55578,0.8384971890818713
55579,-0.11785969805864178
55580,0.2336761433871346
55581,0.02251818962061343
55582,0.7737948528891058
55583,-0.32188691070925257
55584,-0.7163225294346103
55585,-0.16692549001720725
55586,0.17509262828285044
55587,0.15171599776622485
55588,-0.5694197802513148
55589,-0.11835333422545637
55590,-0.15137395096654455
55591,0.11585510321714809
55592,0.5778033671183453
55593,-0.4075250108092351
55594,-0.2996998279834439
55595,0.6572285073534425
55596,0.032281657946668735
55597,-0.25963279583267146
55598,0.4172995559162415
55599,0.5667930486610614
55600,0.11325756212217412
55601,-0.002001288466719528
55602,0.5081784311333211
55603,-0.09519279925906997
55604,0.6438593998373556
55605,-0.07078050132184442
55692,-0.3004421610540927
55693,0.6534148075330368
55694,0.7188731687007106
55695,-0.23434849349176892
55696,-0.04045859702791724
55697,0.5622290800697638
55698,-0.2810875698135358
55699,-0.19305677341596178
55700,-0.25624587388115444
55701,-0.6371143556577229
55702,0.033276865865167024
55703,-0.4412852414028091
55704,-0.16937941174602283
55705,0.136528311451426
55706,-0.7214046632944578
55707,-0.491169967762506
55742,0.5459274905262967
55743,0.7365563610682032
55744,0.42667141063047276
55745,-0.1282459658570291
55746,0.7941783460844716
55747,-0.1901359579901673
55748,0.5514618938553786
55749,-0.03375674302639056
55750,0.7394596186978627
55751,0.39073475042336037
55752,0.39141848681806346
55753,0.29225752236495495
55754,-0.03262746042750883
55755,-0.4855670802506512
55756,0.1869422362219843
55757,0.02702798988764303
55758,0.10136099216733542
55759,0.4516179274410276
55760,-0.026447770364032133
55761,0.8624503307560596
55762,-0.507624458555243
55763,0.39679230819603656
55764,-0.2750521942135218
55765,-0.7277873378138157
55766,0.04516481592490839
55767,-0.7534083211671389
55768,-0.1221883308885299
55769,-0.1869488549095379
55770,-0.6106384037520467
55771,0.09092946587714383
55868,0.03556599534229339
55869,-0.03804602595027685
55870,0.7525128295642002
55871,0.3545647814386488
55872,1.1774817289022368
55873,-0.162181874426263
55874,0.10260385618299561
55875,-0.25021677281207816
55876,0.9883224056321891
55877,-0.009383853710521618
55878,-0.4590610970857125
55879,0.5459854914191695
55880,-0.3249346699213673
55881,0.18011912722523415
55882,0.5841439859549769
55883,0.38354490807893715
55884,-0.16998888079575175
55885,0.11786506619345252
55886,-0.2752915927094104
55995,-0.4304956946911748
55996,0.4054419477629723
55997,-0.1709420733208894
55998,0.1986982602352977
55999,0.7509264541966469
56000,0.11341419214031845
56001,0.5793394515537321
56002,0.3954466511462111
56003,0.025857830520442493
56004,-0.1365773748757944
56021,0.2463871138554985
56022,0.223852186508453
56023,-0.3998644245751825
56024,0.29935860607534237
56025,0.39172563872090194
56026,0.6509351120711332
56027,1.0418844519592636
56028,-0.15046091915064855
56029,-0.611082022511837
56030,-0.3230295507719605
56031,-0.015903166421767798
56032,-0.3507417830199072
56033,-0.7878012873183606
56034,-0.2803426841894514
56035,-0.6064735479675493
56036,-0.5233529909457846
56050,0.5375490744852229
56051,0.8601367528910249
56052,-0.6017737936526912
56053,-0.16621145627935852
56054,0.0416649603158979
56055,-0.37386235191465755
56056,-0.3704265943651487
56057,0.03301210683086368
56058,0.2603208896894773
56059,-0.41236987719949714
56060,-0.7449642556999532
56061,-0.6633422785432891
56062,-0.46429885820788286
56104,-0.1412715933036091
56105,-0.027930004370823075
56106,-0.3329917303401041
56107,0.0920504067064725
56108,-0.3026917057797599
56109,-0.2580788864001836
56110,-0.7014743826531273
56111,0.4270884452755255
56112,-0.5395101360193443
56113,-0.4652607170136637
56114,0.21307386543553652
56115,-0.10501982731880559
56116,-0.6230282297567924
56117,0.8656784785661789
56118,-0.5367706313910454
56119,0.20589140178328263
56156,0.33593307445132525
56157,0.08745747301947389
56158,0.14273797586063233
56159,0.20570216492558818
56160,-0.05302671923973691
56161,0.39102244128590236
56162,-0.06529442552232165
56163,0.4039605019843057
56164,0.6068069785949362
56165,-0.08185149636495596
56166,-0.0592372824366936
56167,-0.33285241756689393
56168,0.4651633569485697
56169,0.824660014274849
56170,0.7708081460718069
56171,-0.644138821518756
56172,0.10411713869201356
56173,0.23581086004875323
56225,-0.1811089264110691
56226,0.5854620079993628
56227,0.06997920207512079
56228,0.020438347436940035
56229,-0.3224551430309558
56230,-0.5029829894744066
56231,-0.02896619992787576
56232,0.5875990425536377
56233,-0.20220286946997312
56234,0.06238396444972998
56235,-0.1787181236990419
56236,0.4811338295985308
56237,-0.33434921508838533
56238,-0.5781435600945094
56239,-0.4905370632329651
56240,-0.5325548477709973
56241,0.226171568010819
56242,-0.2753477283213852
56243,-0.5010632699532124
56244,-0.40719584695271643
56245,1.039669580277551
56246,1.04461898183638
56247,-0.3237902971190629
56248,-0.40673037306401394
56249,-0.3372168589768613
56250,-0.44534935169055634
56251,-0.522912752639429
56252,-0.1176727764286408
56253,0.8456064304801421
56254,0.05417777839932119
56255,-0.46755603925276595
56256,-0.36119957068413716
56257,-0.10785613560276808
56258,-0.4701322901669315
56259,0.6674404381975965
56260,-0.7512645692529979
56261,0.5580081707783661
56262,0.4324003575985761
56263,-0.3352030609887927
56264,0.16610669069041567
56265,-0.7050082033298736
56266,0.08971701780508495
56267,-0.5383607913788961
56268,-0.11078283408722123
56269,0.21071191112438675
56270,0.37937687693134653
56271,0.376534086028067
56272,-0.42589144338055207
56273,0.5818274526586185
56274,0.316971486497442
56275,0.05125220578629273
56276,0.21276449079120757
56277,0.3429025874724502
56278,0.46705709434320963
56279,-0.45317334546224697
56290,0.8401775499560604
56291,0.06614092358680201
56292,-0.13877701671356177
56293,-0.2622737035098867
56294,-0.5198588371238321
56295,0.5034652271905831
56296,-0.309157428151253
56297,0.5648565191908174
56298,-0.2554175269965934
56299,0.4369727398280316
56300,-0.13316076391884551
56301,-0.00787412277054883
56302,-0.20309483258407424
56303,-0.25762742394996335
56304,-0.26618550515495304
56305,0.01423041157876137
56306,-0.32808830774238423
56307,-0.5644501651144189
56308,-0.6461549700183357
56309,-0.3450091541558329
56310,-0.16879745968442278
56311,-0.3427816941374745
56312,-0.5422449240025377
56313,0.21535188873855973
56314,0.6012243241711002
56315,-0.24767979751654673
56342,0.7662906220933039
56343,0.5042579379450287
56344,0.04772984877101565
56345,-0.7725580663713794
56346,-0.35450756378187653
56347,0.7314045484483215
56348,0.2340686753351941
56349,-0.181320093830816
56350,0.4731034871774889
56351,0.39560388571401756
56352,0.7669838149709134
56353,1.2252449786066377
56354,0.28663115724872795
56355,-0.8020889411707395
56356,-0.21516809392335493
56357,0.4135171342019533
56400,-0.24676973133437416
56401,0.2462751115228754
56402,-0.33089491486184586
56403,-0.07142496460418996
56404,0.6031160547307791
56405,1.5029759543656893
56406,-0.6852710353991676
56407,-0.3805568011135731
56408,-0.2710298976929316
56409,-0.12598593493689703
56410,-0.5863184176592502
56411,-0.36788473465119514
56412,-0.4387797339484622
56413,-0.4116934755434633
56414,-0.2685245734395932
56415,-0.01014360276283855
56445,0.22815473606146883
56446,0.2789819928144462
56447,0.5321131203455427
56448,0.4397411593491876
56449,0.07527837361593122
56450,-0.15983688061196813
56451,-0.22834215353334458
56452,-0.08033665809256196
56453,-0.6209729604291778
56454,-0.5611169991842829
56455,-0.34464658396251996
56456,-0.14705143321313566
56457,-0.3355568969681769
56458,-0.1820031452712592
56459,-0.1074626048679864
56460,1.592298445266667
56477,-0.7212523974655547
56478,0.20746233942712006
56479,-0.013216574085198857
56480,0.11937955282251975
56481,0.47848016491015144
56482,-0.17021949908065998
56483,-0.008203228247587457
56484,-0.18931193346454836
56485,-0.6442199215528993
56486,-0.3070125996615292
56487,-0.5407947470937866
56488,0.46897884443296994
56489,-0.33818306551230304
56490,-0.7574278662164059
56491,-0.7559074494273413
56492,0.4135752087370111
56493,-0.4052594281133191
56494,0.08093686622882953
56495,-0.5018880144722128
56496,-0.20962635356174608
56497,-0.44622005653615343
56498,0.12838294511424417
56499,-0.09072155499482717
56500,-0.4508570000855729
56501,-0.20620894116778038
56502,-0.013750710428835466
56503,0.9284644260368922
56532,-0.575085310703046
56533,0.27879034167407274
56534,-0.2327513921541218
56535,-0.1372531056179908
56536,0.10696964826302559
56537,-0.09131341470022698
56538,-0.5684467478501356
56539,0.5699292358775323
56540,0.30689796546154136
56541,0.3811449766971702
56542,0.6366826258791694
56543,-0.486374018521294
56544,0.35623592266723114
56545,0.057066225498364445
56546,-0.12724338064000315
56547,0.3974388445213026
56548,0.18101869989681318
56549,-0.5793361573771949
56550,0.3492124924697064
56551,-0.4396653646031881
56552,0.6331075708068823
56553,-0.35166513611175293
56554,0.40008544397309204
56555,0.8240997188158208
56556,0.38337762222332294
56557,0.24194614854433205
56558,-0.14388546016203288
56703,-0.10951667169496326
56704,-0.4097113651414372
56705,0.2213161902241259
56706,-0.596157451253675
56707,0.7960078897242073
56708,-0.2969084070947242
56709,0.4653422622292155
56710,0.5651909086189217
56711,-0.35227203645916566
56712,0.6056236831455437
56713,-0.23065363030845193
56714,0.44387804159763133
56715,-0.6607065232301639
56716,-0.2672813035093078
56717,-0.009709704821580692
56718,-0.29196303339602997
56719,-0.054271325078994126
56720,0.14140650915941733
56721,0.5246249870930855
56722,-0.2986108586399147
56723,-0.27295103455458614
56724,-0.006986273677433541
56725,-0.4724519650943503
56726,0.09561196258115037
56727,-0.5412450451277672
56728,-0.0930394844211425
56785,0.09538635848874577
56786,-0.18742494375910082
56787,-0.06197560904330332
56788,-0.3090501500029093
56789,-0.1694749635330054
56790,0.07258928031815962
56791,0.19861508956294718
56792,-0.30262259508328865
56793,-0.4551614639560682
56794,1.7975322586074716
56795,-0.2615364762012275
56796,-0.1570357737526652
56797,-0.5939720547483152
56798,0.5573331369330805
56799,-0.6170066974721687
56800,-0.23552840274058398
56801,-0.016319548140547285
56802,-0.06670841294438373
56803,-0.43827938236235653
56804,-0.4954749349357217
56805,0.0024147495038406713
56806,0.6556015149501173
56807,-0.10318482071392583
56808,0.22528060785619886
56809,0.09006597037891798
56810,-0.40579257420290415
56811,0.3991307990597254
56812,-0.34782512441560903
56813,0.3087559472662714
56814,0.09689000732256295
56815,0.2932379868915683
56816,0.2279796455718925
56817,0.1777569572493831
56818,0.054029568542654303
56819,0.22812936878084183
56820,0.5161136489249014
56821,-0.04743421005726901
56822,0.09783819227617288
56823,0.18016351815949133
56824,0.6128886260976102
56825,0.011028572945227091
56826,-0.27963609429494113
56827,0.17748161181310557
56828,-0.0002676209361303361
56829,0.450237567098981
56830,-0.45950184011928485
56847,-0.7884514186028997
56848,0.10546319122252978
56849,-0.1585994133303064
56850,-0.31761549621681867
56851,0.34500605055280387
56852,-0.3694049559121079
56853,1.311241878213879
56854,-0.14104166696645146
56855,0.17657489370845142
56856,0.004441249154706853
56857,-0.25113872048777774
56858,-0.12109998938721143
56859,-0.22193432941164257
56860,0.12511108854026362
56861,-0.2851691867573975
56862,-0.03596532795257462
56863,-0.40500081818021333
56864,-0.4459123574190446
56865,0.34787718450742133
56866,0.5914233034966909
56867,-0.05822466794407534
56868,-0.4037633944764816
56869,-0.16486986160771183
56870,0.2569960871399828
56871,-0.3524444982947943
56872,0.32451889133816514
56873,-0.22718915256217131
56874,0.07089806813677013
56875,-0.3388866676632435
56876,-0.7082266209906277
56877,-0.233867332521382
56878,-0.186367130290325
56879,0.42047881392819497
56880,-0.40052101881409236
56881,-0.1635877090703682
56882,0.044585936032174686
56883,0.03746744291330745
56884,0.03346840043236614
56885,0.29891957603647834
56886,-0.13924106213798393
56887,0.0352098752008093
56888,0.2275204240046388
56889,-0.49710233800210885
56890,0.5950350996109705
56891,0.5051585558976948
56892,0.5802283371731931
56893,-0.21908626027128836
56894,0.5631716258463547
56895,0.41632557629493877
56896,0.3946328127964982
56897,0.4415418499616575
56898,0.3134113109843132
56899,0.4807350103709309
56900,0.21116135442982786
56901,0.539967824376705
56902,0.13270457505412014
56903,0.2694841042565759
56904,0.511273556489046
56905,-0.04026641916698277
56906,-0.1578896243204908
56907,-0.5896930029796271
56908,-0.1403170463435493
56909,-0.5321663420430699
56910,0.06489117615443604
56911,0.6626365018540019
56912,0.4498369140759089
57008,0.054562231774037157
57009,-0.29899649450911
57010,-0.2118701400377641
57011,-0.7556056055940042
57012,-0.15434641500324892
57013,-0.15247288565543077
57014,-0.542852380552368
57015,-0.15123286822399085
57016,-0.42340822404795125
57017,0.10153308938181432
57018,-0.4637623377898962
57019,0.8120287805081492
57020,-0.06751467388939124
57021,-0.10334573028230504
57022,0.11213610532987653
57023,-0.24102466472761314
57024,0.018047041126415198
57025,0.24010931825717546
57026,0.28137734853600116
57027,0.2538689474790239
57028,0.0776115532277859
57029,-0.4569351509301658
57030,0.5082944307136065
57031,0.14069926933488108
57032,0.5524563515217046
57033,-0.17136252849719946
57034,-0.5463775270241539
57035,-0.30601083741349955
57036,-0.8435529386079836
57037,-0.3431468517578893
57038,-0.09047804452373887
57039,-0.7318158491662965
57163,-0.4731898804218447
57164,-0.06151284170958447
57165,0.143017124088555
57166,-0.029984230432576336
57167,-0.626774259438568
57168,0.09396933684731454
57169,-0.8098813189238099
57170,-0.19263729572438287
57171,-0.0567149556448376
57172,0.08079363827053786
57173,1.5321386880631171
57174,-0.33988245724724264
57175,0.1267065142674876
57272,-0.33377464432383697
57273,-0.40331780999215816
57274,0.5414670862030623
57275,0.35962171559540457
57276,0.08869905606706659
57277,-0.43510949865709025
57278,0.0205544376155814
57279,0.09111850711409837
57280,-0.6056434397581294
57281,-0.46889670477351125
57282,0.19638120889037586
57283,0.7962897110510248
57284,0.262769972390939
57285,0.2142213333559243
57286,0.23326122720394893
57287,-0.4457103733785039
57288,0.423353547383607
57289,-0.5027146979948945
57290,0.39725632128935495
57291,-0.40057711666806417
57292,-0.4672779996276566
57293,-0.6150897265441458
57294,-0.07990410060471084
57295,-0.5866771748113812
57296,-0.3431948486955207
57297,0.08120912523170128
57298,0.5275330473781314
57299,0.7527251407056035
57300,-0.48359268971721514
57301,-0.19397007865573332
57302,-0.7029430179768115
57303,0.1234165101915127
57304,0.43385386426175687
57305,-0.3596018523815035
57306,0.03260712478301614
57307,-0.19470888978725368
57308,-0.09534151658580353
57309,-0.3096793314763579
57310,-0.5174569150046892
57311,-0.6449678546931934
57312,-0.10309584783778286
57343,0.15082133075333398
57344,0.1220301105827516
57345,-0.5962163949703883
57346,0.2370128480741021
57347,0.09359410619831326
57348,-0.1919752608419037
57349,-0.1551669390520604
57350,0.6015584455869225
57351,-0.03132233519622396
57352,-0.2690759629165891
57353,-0.45665164337893077
57354,-0.17809412094556382
57355,-0.20920674605922732
57356,-0.4903574274472024
57357,-0.5125221256461202
57358,-0.020092752760062088
57375,-0.09772396308191007
57376,0.15439087675940097
57377,-0.021122745476699623
57378,0.3045820149200177
57379,-0.1983175478240541
57380,0.1476959568487858
57381,0.12419351387141278
57382,-0.09604987565255092
57383,-0.07674697431984759
57384,0.1843675270176133
57385,-0.331281013957738
57386,-0.1686544759095243
57401,0.2508085641576928
57402,-0.27934334665639254
57403,0.2119007982982356
57404,-0.17472747547977877
57405,-0.3820335164840864
57406,-0.03312764744466176
57407,-0.21657762344126097
57408,-0.05533053716697981
57409,-0.12353207976063577
57410,-0.015807094854916187
57411,-0.1362112683123525
57412,0.7326158584971858
57413,0.5172456315626113
57414,-0.291048411646219
57415,0.1735691658154176
57416,0.09211048315563833
57417,-0.22205616280555357
57418,-0.5471370042513971
57419,-0.39815531718897734
57420,0.14652288155818421
57421,0.026351540008076685
57422,0.8530459233447127
57423,-0.17219716045794875
57424,-0.06988671622104242
57425,-0.28600215150881936
57426,0.16676192280328161
57481,-0.325866712783241
57482,0.03200878157292318
57483,0.15686161757826206
57484,-0.571550469024543
57485,-0.034094180911660804
57486,0.04641310933135573
57487,-0.21519656253292296
57488,-0.5108395234883475
57489,-0.4641351355894708
57490,0.06323760974640809
57491,-0.15109296316651713
57492,0.23334295201324923
57493,0.05846015105283048
57494,0.1439895659475198
57541,0.10850568403477917
57542,-0.16242370058213537
57543,0.5463445496209899
57544,0.1159558909443077
57545,0.09986758505620148
57546,-0.12815479471703048
57547,0.44283770726332755
57548,-0.08246277322813951
57549,-0.15999869499614883
57550,0.2886573673226006
57551,-0.08205813125319072
57552,0.13829835796156653
57568,-0.32577495659225136
57569,0.469880128184771
57570,0.7186153550329644
57571,-0.12144376142699748
57572,0.40857361177351953
57573,-0.4806541518075685
57574,-0.30653528016848497
57575,-0.24808398801394246
57576,0.3375658020892168
57577,0.2867066573677094
57578,-0.0009819489290978645
57579,0.030563707447863464
57580,0.012014729564951768
57581,0.6568205699194855
57582,0.11751974025693684
57583,0.0743185674075349
57598,-0.5420254594109718
57599,-0.3590963344045787
57600,0.23625587199940257
57601,0.23130673299108556
57602,-0.09790021492461437
57603,0.07401557261633768
57604,-0.5544638738904305
57605,-0.22749397404552238
57606,0.6634476988071427
57607,-0.5833280347188815
57608,-0.3166917612389432
57609,0.44784465594304546
57610,0.32656235369001024
57611,1.0036212821408532
57612,0.16840426860645208
57613,0.1129769029530239
57614,-0.5142668021011427
57615,0.49343371582380585
57616,0.2898008169367738
57617,0.044874330836583244
57618,0.17460088436037147
57619,-0.2890422265067524
57620,-0.43718693671511466
57621,-0.36746947045453626
57622,0.23865678959314252
57623,-0.5715273018136988
57624,0.029798243209661526
57625,0.8532790278323084
57626,0.400491710342025
57672,-0.04864084076359776
57673,-0.25546875419788395
57674,0.273976468335602
57675,-0.4880119778064633
57676,-0.011501884105557816
57677,-0.33751413182462286
57678,-0.5212751280681083
57679,-0.03064973505360452
57680,-0.22996177735801698
57681,-0.5241965041688376
57682,-0.11009089728040565
57683,0.14611284062592458
57684,-0.40415665039905135
57685,0.30282495873663573
57686,-0.2349763288066118
57687,-0.21370801970841907
57804,-0.03997649991286459
57805,0.22945464797430773
57806,-0.03348540495876266
57807,0.3181943108230931
57808,0.33584559245708856
57809,0.15886399185557654
57810,-0.6058851923424197
57811,-0.16018351135011039
57812,-0.08029954771518807
57813,-0.6705446803172926
57814,-0.49008659723386355
57815,-0.12373563462928643
57816,0.7101156560051289
57817,-0.15384858949543673
57818,0.5492866874317581
57819,0.4589445031831235
57820,0.12312378120482707
57821,-0.4599000505084123
57822,0.7291767779604013
57823,-0.3176265278082048
57824,0.1111978337237302
57825,-0.08841969391173043
57826,0.01765111078855494
57827,-0.11753010914375338
57828,-0.3696180992154336
57829,-0.757049876556568
57830,0.03717717023937213
57831,0.24787403264327207
57832,-0.20217409210336962
57833,-0.03644465128602031
57834,-0.6686811485921462
57835,-0.40812275573953993
57836,-0.30077372595831814
57837,0.5424540030490727
57838,0.34161986296254687
57839,-0.6358646745663044
57840,0.5243041839700787
57841,0.7644773906997722
57842,-0.3299143938844786
57843,-0.47876969282223314
57855,0.5556487380545534
57856,0.551890994361573
57857,0.7677537343450731
57858,0.5715046465195832
57859,0.7000874683426388
57860,-0.12174331129878266
57861,0.5352303601550843
57862,-0.4042985793395759
57863,-0.467526131324908
57864,0.499203885011254
57865,0.1483758195808739
57902,-0.5982842638507184
57903,-0.5081054261288721
57904,-0.2312436041753581
57905,0.7615376580030979
57906,-0.12792024280448072
57907,-0.03411451320454664
57908,0.13971634852547923
57909,-0.6104127388054728
57910,-0.1377141953838687
57911,0.18158449630221907
57912,0.5903739166072814
57913,0.17731533486452322
57941,0.3098417019650152
57942,0.5493387371504137
57943,-0.1308997056247957
57944,-0.6104674174998357
57945,0.6786104676453223
57946,0.28494632643037027
57947,-0.3452370702598623
57948,0.22378662362268625
57949,0.41619867798505794
57950,0.25854068548220066
57951,0.9543790766075071
57952,0.012786902120332996
57953,-0.057781621407890574
57954,-0.7274026919721939
57955,-0.09745199397691837
57956,-0.3320528289254565
58005,0.9625386839086132
58006,-0.4217649040199896
58007,-0.6852485264364987
58008,-0.7057767705789051
58009,-0.29563539346258066
58010,1.0721790229632961
58011,-0.6251097584693834
58012,-0.07353418397179959
58013,-0.7631165847029399
58014,-0.5331657249692452
58015,-0.8015145111566799
58044,0.020172838777541585
58045,-0.018902752164631137
58046,-0.2970880257373907
58047,0.563317169763039
58048,0.11528982392594503
58049,0.050382797595178885
58050,-0.5275110950380818
58051,0.13660774489270683
58052,-0.1857607689502268
58053,0.7746119882756985
58118,-0.41405139037331395
58119,0.16866893775771052
58120,-0.24591543152461603
58121,-0.08506719368015968
58122,-0.5053626596499206
58123,-0.28183696348799825
58124,0.24157485757767314
58125,-0.25676965407488594
58126,-0.2632838498036666
58127,-0.1341625603654502
58128,0.12501026066504362
58129,-0.14367926759177974
58130,0.44973682186419595
58131,-0.2958151537041088
58132,0.05306401981946715
58212,-0.37801855427511705
58213,-0.3546994913134817
58214,-0.21064669095156738
58215,-0.4626103072696064
58216,-0.2552156361396817
58217,0.35357009219922564
58218,-0.08648582490445735
58219,-0.311495780934955
58220,-0.18277229165386966
58221,-0.07508334572841542
58222,0.1484349318921893
58223,0.06441468548951444
58224,0.44533204726528225
58225,0.05567148265002319
58226,-0.3328910870335034
58227,0.2783193230324457
58244,-0.007249221899954736
58245,0.8467300865886165
58246,0.6278003486795152
58247,-0.34304037556843336
58248,0.9886037320000318
58249,-0.5144511978517341
58250,0.5432224006230342
58251,0.5727088011428503
58252,-0.5698370157617928
58253,-0.06769882632213797
58254,0.6743722925104689
58255,-0.23617174302854813
58256,1.1644095281710312
58257,-0.2895933260501087
58258,0.20091426152874634
58259,-0.18451079045400498
58260,-0.1524208093493665
58261,-0.6237208471905351
58262,-0.7870285279828909
58263,-0.5103551939239105
58264,-0.4915806337514089
58265,-0.7730660799186662
58266,-0.36626631378211166
58267,-0.4997312033856274
58268,0.4706355090612001
58269,-0.6726783618866363
58270,0.11745169860458393
58271,1.738343631202836
58272,-0.5906709373180978
58273,-0.5278469495379867
58274,1.4234012594515757
58275,0.17066021710307383
58276,-0.4692020484190836
58293,0.0532539863187904
58294,-0.3665495963069812
58295,0.6160300290361572
58296,0.4083963924664663
58297,-0.08065764052228253
58298,-0.34238349141911667
58299,-0.20076497307150548
58300,-0.09920223109195718
58301,0.6253038247730804
58302,-0.14083920283015575
58303,0.43545919931773314
58304,-0.310491361669775
58305,-0.5374063423124196
58306,-0.3080182135908144
58307,0.3271200410785799
58308,-0.49251717317694155
58309,-0.4666294549725109
58310,0.3383945191446001
58311,-0.2304894627448305
58312,-0.18345689217642586
58313,-0.7595716755536301
58314,0.4808344126260762
58315,-0.5459838031587854
58316,-0.6055225823138174
58317,0.8519882778285564
58318,-0.42935594450190445
58319,0.048190412180908755
58320,-0.41878229203335304
58321,-0.4562021534375734
58322,-0.2636555200038747
58323,-0.07680301796945949
58324,-0.1522859231066549
58325,0.36120835599302237
58326,0.1506752394306336
58327,0.46010933842833496
58328,0.1475779740206723
58329,-0.050670510617707915
58330,0.5002237610639042
58331,-0.225390142445028
58332,-0.2784516313403472
58333,0.18734024913933023
58334,-0.18693352761163212
58335,-0.0011892849733461108
58336,-0.22206602020874316
58337,-0.41555314354873796
58338,0.01929816949802622
58339,-0.4749648090897972
58340,-0.12219315368731215
58341,-0.4880979439269346
58342,-0.2357847673002223
58343,-0.4999990128158069
58344,-0.39970826006469246
58345,-0.7944157417193187
58346,-0.4416734317732523
58347,0.833529789903994
58392,-0.3817100794698184
58393,-0.4272938790129259
58394,-0.38511123687522697
58395,-0.6556823504096031
58396,-0.22336586171470948
58397,-0.4447389620740426
58398,1.778009537120367
58399,-0.2859075290953728
58400,-0.563198820925313
58401,-0.6460788544610362
58402,-0.521217760304343
58403,1.7763441694343651
58404,-0.47910971686776477
58427,-0.17954951284891899
58428,-0.3807294713035081
58429,0.47224541966918543
58430,0.20855351105526354
58431,-0.2596212590893174
58432,-0.784611415898715
58433,1.5114488052669877
58434,-0.45640585007030693
58435,-0.7812154405796692
58436,-0.1243061674573579
58437,0.6362733204655058
58480,-0.36267596419892467
58481,-0.24736107273680863
58482,-0.011300301883292604
58483,-0.48501917230659536
58484,0.5499653358529455
58485,-0.07099624181810983
58486,0.03981584799524204
58487,-0.33077630011704484
58488,-0.47468527388103826
58489,-0.18884153194173248
58490,-0.26027464792162575
58491,0.5503219663265633
58492,-0.10210533053768818
58493,-0.1516285562098283
58494,0.20056277444043588
58495,-0.7002739173868052
58496,0.5890125487095885
58497,0.7159042625055739
58498,0.1147203629104475
58499,0.4536151369523317
58500,-0.038646821571939466
58501,1.0155653083319467
58502,0.419198174706478
58503,-0.583646888771419
58504,0.8048191428140403
58505,-0.3231747047705532
58506,-0.3715593583665982
58507,-0.22075620098267834
58508,0.07424525065264118
58509,0.7828046752108192
58510,0.652639366542077
58511,0.275339203152078
58525,0.39747354896839404
58526,0.34033230025143146
58527,-0.09854608570665853
58528,-0.14631561995669884
58529,0.0008467282895016359
58530,0.7134121076691697
58531,-0.2559391506907077
58532,-0.5120886147548356
58533,0.5566865558197716
58534,-0.2259000727354939
58535,-0.19692367560599558
58536,-0.17378225075600431
58537,0.25735046727612554
58597,-0.19346807669910954
58598,0.16372970935886336
58599,0.04517527419060998
58600,0.5570093128776483
58601,-0.46175057801176733
58602,0.6236921032347673
58603,0.04572033444518835
58604,0.06599962532429553
58605,0.30216643897283557
58606,0.2586383640881187
58607,0.32020668262137486
58608,-0.016513719379287098
58609,-0.22575825787058096
58610,-0.34376169445181515
58611,-0.46403089657244767
58612,-0.1688288509646293
58613,-0.5151540122909386
58614,-0.47747043889012175
58615,-0.2544764096709682
58616,0.8535857989356381
58617,-0.7087151420249554
58618,-0.23906361512077243
58619,-0.43723906093891535
58620,-0.4420525873924166
58621,-0.5152275499292904
58622,-0.08215981630748258
58623,-0.41115758276045017
58624,-0.7249801964746952
58640,-0.10804392560100978
58641,-0.5971164368257932
58642,0.09347770567369426
58643,0.19977386112311207
58644,-0.3235433433787551
58645,-0.18206665513942616
58646,0.6256691862427691
58647,-0.4682215787385579
58648,-0.7340250485206048
58649,0.48786752545391443
58650,0.32539311292206446
58651,-0.23850431737929736
58652,0.004026985940677977
58653,0.6905662517713791
58654,0.25197773223084996
58655,0.23532035064995527
58656,0.2867531480402358
58657,-0.09168732993713319
58700,-0.014444891379721506
58701,0.23387546219998198
58702,0.4295722896821499
58703,0.3113971113199878
58704,-0.48010332155865154
58705,0.26972936514504275
58706,0.24721868905369504
58707,-0.022677192796282677
58708,0.4560057082259681
58709,0.25035130946123585
58710,0.17309549269397703
58711,0.3271767368626462
58712,0.21530154783410177
58713,0.11236106392208672
58714,-0.004323562730488589
58715,0.020412875234029473
58716,-0.10421138244203623
58717,0.2659191703104404
58718,0.05286916835871739
58732,-0.6476615942270586
58733,0.17010582852669348
58734,0.47117296325142494
58735,-0.3213076447174416
58736,-0.5704123688022097
58737,0.1320783968018928
58738,-0.3561853343926127
58739,-0.25013059646198404
58740,-0.29176603699377046
58741,0.4269730517468661
58742,0.495706684780774
58743,-0.3374764797288304
58744,-0.8221866758631372
58745,0.07000427068941553
58746,0.4484448983461512
58771,-0.3055111147968516
58772,-0.05554690588888089
58773,0.47984796060851626
58774,0.10762616037669935
58775,0.22531373699669754
58776,0.32859806771698064
58777,0.9058471192188273
58778,-0.6105872843460445
58779,0.050632582938322436
58780,0.013051451578236298
58781,-0.6670111678516633
58782,-0.3444703626438783
58783,0.07704378128658965
58784,0.43580953641931597
58785,-0.10444560419986844
58786,0.45340153475465983
58787,-0.14413113407420053
58788,-0.4475053196515131
58789,0.10343224416099797
58790,-0.10157807163873017
58791,0.32028999511943024
58792,-0.05596732318797605
58793,-0.3183556826140864
58794,-0.23170372863280098
58795,-0.08454867704958106
58796,0.18161600279947732
58797,0.6560156333012751
58798,0.11933239444717302
58799,-0.41539136139674554
58870,1.2828900014360798
58871,-0.7438446214964592
58872,-0.07299674321608499
58873,-0.5068575017197451
58874,0.27623693123817245
58875,-0.4679463522848132
58876,-0.6907701445341692
58877,-0.0361814465458825
58878,-0.7575494369955099
58879,-0.5499959911448894
58880,0.04643661369431324
58881,-0.11629733465125046
58882,-0.5755094017852249
58883,0.22316811624343946
58884,0.8742285911976477
58885,-0.40655835612515157
58886,-0.28901803905638146
58887,0.07298497405356341
58888,-0.27462190672830394
58889,-0.29986791825802395
58890,-0.2527610281077018
58938,0.22008790224339847
58939,-0.3367817610859124
58940,0.5227970957021645
58941,0.4360376124838241
58942,-0.19394807437881284
58943,-0.2576721040837185
58944,0.9123012386404294
58945,0.18805079945655923
58946,-0.04484048526736763
58947,0.6656121702993506
58948,-0.2138516319124518
58949,-0.35935485865913697
58950,-0.10403922606025962
58951,-0.23740677867704565
58952,0.9032144705285697
58953,0.5174876453233674
59041,0.6152467007374588
59042,-0.05619554300311061
59043,0.2687209187422351
59044,0.37834543580515245
59045,0.057726351372151444
59046,-0.2948372775957407
59047,0.8317242284184341
59048,0.11145515168823418
59049,-0.1931820297512047
59050,0.4863245902401289
59051,0.47236445344704847
59052,0.0826119482451263
59053,0.21258713475768434
59054,0.14187005703154265
59055,0.2740806673508687
59056,0.3192897361263787
59057,0.5016035653438937
59058,-0.5371123156169666
59059,-0.5871697438993028
59060,0.26094647535980176
59072,-0.6954635059462899
59073,-0.6543957800167493
59074,-0.7229331980823813
59075,-0.8158880240851918
59076,-0.4312009425079154
59077,-0.7431902413527541
59078,-0.5880822403269865
59079,-0.6183938767519974
59080,-0.05390036006721466
59081,-0.13864832344498143
59082,0.15610451748343673
59083,0.4592951645127979
59084,0.10618194047925011
59085,0.08566181070175165
59086,0.5564260674692219
59111,0.5293633271313615
59112,0.27601956910011105
59113,0.23149538390966096
59114,-0.019851452343435966
59115,-0.05395013954375131
59116,0.07550524408667122
59117,-0.10147537493579918
59118,-0.07694919524089662
59119,-0.18868438825245648
59120,0.3103149793518219
59121,0.5907352324599451
59122,-0.050903401556572574
59123,0.19591528751140255
59124,0.20008193440271443
59125,0.0012681044490836582
59126,0.46314775798155833
59127,0.12469084622196203
59128,-0.483479838410809
59129,0.11041973424918543
59130,0.25545683408677955
59131,0.5996407125151532
59132,-0.10293566212318428
59133,-0.5934549765966821
59134,0.36903558338442155
59135,0.035315798392030064
59136,0.25828868350994766
59137,-0.17324017202314163
59138,0.10910035080970468
59139,0.1784321618589302
59140,-0.5369236040172586
59141,0.2100560934011376
59142,1.0654282269625213
59191,0.3696734342544773
59192,-0.10191041399379082
59193,0.005510837507144942
59194,0.0920636660924436
59195,0.14943365982072263
59196,0.5163533357983208
59197,0.5006051686172635
59198,-0.20443758387302835
59199,0.2645075822472814
59200,-0.26518014137251567
59201,-0.1726866110772787
59202,-0.16501331843034703
59203,0.5617400419475904
59204,-0.3532389784933009
59205,-0.484979597660592
59206,-0.33549045363557706
59223,-0.03597854807411552
59224,0.5691973525973463
59225,0.3661570907589271
59226,0.6059245133094906
59227,0.10735036915810629
59228,0.05509734375494514
59229,-0.08024182367396826
59230,-0.735255109873964
59231,-0.4664093497111657
59232,-0.32483553408980387
59233,0.35618109384195434
59234,0.8205805736428038
59235,-0.30989588228098097
59236,0.16479586406262622
59237,-0.2701194832103843
59238,-0.4371601931749607
59239,-0.3896526740710976
59240,0.41688813713760087
59241,-0.6609400074193905
59242,-0.48379532233004185
59243,-0.3838673856865222
59244,0.0976037058038711
59245,0.25130752243508847
59246,-0.25841852667026166
59247,0.021140026390511865
59248,0.023560110337416257
59249,0.4754601027239733
59265,0.04944705756693439
59266,-0.18973701695542067
59267,0.4781915899696274
59268,-0.1882446321110014
59269,0.3455703798555731
59270,-0.6497327419607142
59271,-0.08146586537878164
59272,0.42043078967241887
59273,0.1926982536736787
59274,0.5354405721741162
59322,-0.08099996537414106
59323,-0.1064768156576364
59324,0.12114797660548894
59325,0.0014233902290417405
59326,0.5979360630095065
59327,-0.019462547609708572
59328,-0.3013491385063848
59329,0.06223465907160709
59330,0.3757222403834547
59331,-0.12425686715298298
59332,-0.043711290589150076
59333,-0.173497095431825
59334,0.08068591614162929
59335,0.14248349896565637
59336,-0.606683184443312
59337,-0.15148606039686888
59338,0.4620319948394336
59339,0.511924101422188
59340,-0.4341105398071104
59341,0.2685677556378768
59342,0.0639972546709848
59343,0.8748759374539108
59344,0.7117533513247235
59345,0.27615321265187653
59346,-0.1490482776898841
59347,-0.12689468685161195
59348,0.4579203594617135
59349,0.27624920987670576
59350,0.6947570222787884
59351,0.44246805261991873
59368,0.2662588946195085
59369,0.04720389227753706
59370,-0.3971347873111055
59371,-0.22246254594413706
59372,-0.16716856902460378
59373,0.33833986768255764
59374,-0.04406125931701228
59375,-0.3419838819275806
59376,-0.2787440168135739
59377,0.4136923180501195
59378,0.6070791646148666
59379,-0.07270629429840116
59380,-0.3365120094235459
59381,0.08770190090270573
59382,-0.3278900847605336
59383,-0.1960147843736249
59384,0.3249472735668245
59385,-0.05267793453827033
59386,0.15575390097969347
59387,-0.23665956996000898
59388,0.10000976388825121
59389,0.5363709595125621
59390,-0.6520005807342912
59391,-0.01733731412865616
59392,-0.28131197301389965
59393,0.10029006680238213
59394,0.6004812913014894
59395,0.18692904775840727
59396,0.3519627452654174
59397,0.1551997016515907
59398,-0.15633170337363927
59399,-0.25092300344969753
59400,-0.36617111939733815
59401,-0.018366604631460184
59402,0.1892037945629267
59403,-0.2274691852258557
59404,-0.33487473056201056
59405,-0.7666496954503116
59406,-0.11508348239365679
59407,0.28644714117929154
59408,0.5417132101413042
59409,-0.08697151903640057
59410,-0.11733271680402386
59411,-0.08730843660512956
59412,-0.07408598547450956
59413,0.10922422426266094
59426,-0.219642080008496
59427,-0.8627199990315768
59428,-0.4558400342500487
59429,-0.5673873698953411
59430,-0.3749250764265542
59431,0.7275262368354545
59432,0.6996072037648867
59433,-0.5282642121270553
59434,-0.4987487959805855
59435,0.3918208680408352
59436,-0.42176685269045766
59465,-0.21178825391549605
59466,0.13641402566240984
59467,-0.742108424870173
59468,0.4795574234526281
59469,-0.3428495575446915
59470,-0.27966045650573385
59471,0.26832646325720094
59472,0.140241804348839
59473,0.9279797723534735
59474,0.510829154914643
59475,-0.5906764486482311
59476,-0.10650514270648542
59477,-0.35228983381625145
59490,0.44448004852359624
59491,-0.008797131940090047
59492,-0.059234603039395026
59493,0.5348204773416821
59494,0.33388653202502405
59495,0.8933359408644459
59496,-0.2769512552373629
59497,0.02408873747435124
59498,0.2081725343007395
59499,0.03398264881402307
59500,0.25172212968754776
59501,-0.1568670676172921
59518,0.2022027998665298
59519,0.1129968584274773
59520,-0.6761301390882903
59521,0.0763242201531354
59522,-0.29329120103724643
59523,0.009632914932105593
59524,0.34865453154691306
59525,0.3402167976859112
59526,-0.473090406588803
59527,0.3824369043853658
59528,-0.2821543451477536
59529,-0.27667216822923857
59530,-0.21676722723239486
59531,1.2215960295915465
59532,0.6215713091112963
59533,-0.1804997169612202
59534,-0.31705770698703045
59535,-0.2032041204198756
59536,-0.31965737327412264
59537,1.1210719459523253
59538,0.06482131488172267
59539,-0.016753353478784885
59540,0.33173855663590396
59541,0.38260367720276633
59542,-0.40645663320113556
59543,-0.4479996721860322
59590,-0.3828748629051066
59591,-0.5364878016545396
59592,-0.8275921097885537
59593,-0.6190345381346454
59594,-0.8052095967723999
59595,0.6256454299775265
59596,0.5818141539244099
59597,1.2789311738420963
59598,0.9326881953146479
59599,-0.16759016351881628
59600,0.1763130081523193
59601,-0.2846900493908482
59602,-0.17578515506929573
59603,-0.6024374628616895
59604,-0.009523934185328334
59605,0.6982528560871457
59633,-0.14242831117358523
59634,0.4755102981490136
59635,-0.45330183780591415
59636,-0.5230668858558288
59637,0.5943679392112051
59638,-0.06496579629217096
59639,0.06134977484517919
59640,0.18466139388412958
59641,0.7447256031606675
59642,0.840905406967766
59643,0.588552948463172
59644,1.0032847147717208
59645,-0.0794236315849848
59646,0.23109946307244572
59647,0.9153757382877253
59648,0.5285146776376162
59665,-0.2996046060106547
59666,0.06880672088713795
59667,-0.3563881360893851
59668,0.4982452474002519
59669,0.03280773587866402
59670,0.4430021756720963
59671,0.0016455283582481328
59672,0.11308576166052466
59673,-0.12557487894547362
59674,-0.5231743025285173
59675,0.3213790441397117
59692,-0.08568024993271159
59693,-0.18952341550538504
59694,-0.6788209213835824
59695,-0.004608661424431171
59696,-0.4141790528363038
59697,-0.5442497377472236
59698,-0.5172759703267468
59699,-0.0033487996648598056
59700,-0.5582742510765284
59701,0.0451919625580815
59702,-0.2166605175500203
59703,-0.3784563606221045
59704,0.3315735310130581
59705,0.6383611103878011
59706,-0.6895856359797152
59717,0.3372011751559513
59718,0.05519936193681682
59719,0.20538899543620692
59720,0.0482767063531615
59721,0.06685749717937733
59722,-0.42700121464131524
59723,-0.07068655308516769
59724,0.1961633201919877
59725,0.2807550853285494
59726,-0.2905107416556097
59727,-0.27838444907013504
59728,-0.1260095232947673
59739,1.0088144383873558
59740,0.7153298007244545
59741,0.005743388736405938
59742,-0.30887193600264085
59743,0.23908683594511196
59744,-0.6083532416498254
59745,-0.02214036129733507
59746,-0.021167255707750382
59747,0.2500404139216639
59748,-0.5651577788747433
59749,0.6920939853480835
59750,-0.042004545316406544
59751,-0.16180147312587953
59752,-0.016051779789247628
59753,-0.2430717242256031
59754,-0.4736826298326632
59755,-0.4570955108551119
59756,0.2515336760568805
59757,0.8615148282916856
59758,-0.5271397595096966
59759,0.39192392423368927
59760,0.12438708235982289
59761,0.3415803685684706
59762,0.2516249447549834
59763,-0.3138387518723106
59764,-0.3582879026024372
59765,-0.38350361628726864
59766,0.325763197005852
59767,-0.04600306601764753
59768,-0.6129608665219022
59769,0.6815438513900003
59803,-0.454578683937649
59804,0.8435983464134706
59805,0.8312512398291423
59806,-0.36848298275861724
59807,-0.3898482809473714
59808,0.3245011072817924
59809,0.4296107695956546
59810,-0.08656045265823806
59811,-0.1327038158897316
59812,-0.15164067247522295
59813,0.6392811219122667
59814,-0.03298360539033866
59815,-0.49329823015220686
59831,-0.21511641806797333
59832,0.02840505106534358
59833,-0.13536949926404857
59834,-0.19320720483914577
59835,-0.6832993060775229
59836,-0.11085940265014715
59837,-0.025539179852291247
59838,0.0778007377507833
59839,-0.06838211167322418
59840,0.0507923610046022
59841,-0.645031090122532
59842,0.2900753975835484
59843,0.34491483580257215
59844,0.4811957509049516
59845,-0.13754544338390087
59918,-0.6015911325568345
59919,0.13098971623638994
59920,-0.41288390981942036
59921,-0.3789066395231484
59922,-0.374746135881342
59923,-0.29155959873912607
59924,0.3021755512231656
59925,0.663173956481879
59926,-0.7141138665133223
59927,-0.5775876123808726
60007,0.0979542336129999
60008,0.27498352439282475
60009,0.16053460589357985
60010,1.026847208592028
60011,-0.017455713255259755
60012,0.7120719951826329
60013,-0.037924570080020745
60014,0.3511028442716414
60015,0.27053151703978634
60016,-0.1568263387358717
60017,0.5430142128207976
60018,-0.10788128984954477
60019,0.003542846156349016
60020,-0.07466235513245295
60021,0.014499143009923388
60022,-0.24511391752980846
60023,0.00718363968382775
60024,-0.6609149812028093
60025,0.06390412020599717
60026,0.35607368971747105
60027,-0.07297738913053212
60028,0.6793471901281174
60029,0.48061407063737044
60030,0.5082462585510991
60031,0.5695627660946372
60032,-0.08270967868426174
60033,-0.06429143933632411
60034,-0.0787834217755377
60035,0.6846000468486013
60048,0.5225802156381993
60049,-0.04281772493685507
60050,-0.6132567212809846
60051,-0.4334730441437278
60052,-0.28300494723407515
60053,-0.33771411174905436
60054,1.409591760506404
60055,-0.32781568090259483
60056,-0.2200227954475391
60057,1.7483274596482863
60058,-0.16286076940101024
60059,0.189827760120671
60060,-0.11653275666813401
60061,0.3365761947253938
60062,-0.05195442252644923
60063,0.08494692216373123
60064,-0.23972950523014164
60065,-0.1852055882733894
60066,-0.269834383872121
60067,-0.00323256363738908
60068,-0.3521716640584558
60127,0.024812397810111894
60128,-0.19595397861695735
60129,0.24857144521723976
60130,0.6121694014233086
60131,-0.2888199906947994
60132,0.04239492297773821
60133,-0.02953728199608717
60134,-0.49450989700900133
60135,-0.1706377272545585
60136,-0.15317217853067622
60137,-0.37591605417988544
60138,-0.3271080558910299
60139,-0.32197186106036146
60140,-0.6011955834979569
60159,-0.03494612314168752
60160,0.4589661596770935
60161,-0.2471948280071474
60162,-0.17695378723560212
60163,-0.5358565369155348
60164,-0.3111196776994308
60165,0.09414928695587008
60166,0.17291373572509966
60167,-0.3557820104547618
60168,-0.37478851435047184
60169,0.5621468231671456
60170,-0.21417134111665356
60171,0.037215460317097285
60172,-0.21466537605809327
60173,-0.2444692867587474
60185,0.68008587583927
60186,-0.3501770932583617
60187,1.2351259612851297
60188,0.31087428549742047
60189,0.556292594519716
60190,0.5805801572187863
60191,0.3913027334640285
60192,-0.40600650418471984
60193,0.027555515058827744
60194,-0.34823028613206825
60195,-0.5586713962144211
60196,-0.5530802585264755
60197,-0.16812922340028508
60198,-0.4360724422687168
60199,-0.39792306259714166
60200,0.3224659514732378
60213,-0.3489931381607585
60214,0.3611247015714633
60215,-0.3319666187672552
60216,-0.030724813061309683
60217,-0.48755049937410766
60218,-0.46543152374626834
60219,0.7682060464237314
60220,-0.0017349266169677663
60221,-0.42287357600230835
60222,0.6962248604358656
60223,0.06651506353569435
60224,-0.4348070683110306
60225,0.28843578413483606
60226,0.9210628683551241
60227,-0.20835335118688517
60257,0.14723219032248533
60258,-0.743967529849923
60259,-0.22236653894323782
60260,0.11642620199068172
60261,-0.3710894435136187
60262,-0.5900357910562775
60263,0.7621826335121904
60264,0.5155724570938096
60265,-0.5443620006489556
60266,-0.03991412954289619
60267,-0.7564641315969375
60330,0.8356119321452065
60331,-0.6773255807810631
60332,0.8397220481153607
60333,0.5117426113914143
60334,0.30803228928547394
60335,0.6385812697645828
60336,0.6611486576928379
60337,-0.7259703844060091
60338,-0.6200772878215163
60339,0.5645623017829254
60340,0.2871361579924906
60341,-0.6887722091249225
60342,-0.28928669420038233
60343,-0.07667258302352452
60344,1.1711124693827417
60345,1.03864631649631
60346,-0.33830643841337105
60347,-0.4459566172626956
60348,0.06947775358437394
60349,0.01713689211444199
60350,0.13185996127661698
60351,-0.5518415642976453
60352,-0.2535002587570679
60353,-0.23035634217492473
60354,-0.1522905783501974
60355,-0.5051449428201815
60356,0.11851694986738517
60357,-0.6006912919775329
60358,0.8451253673892414
60359,-0.2747353137790136
60360,-0.36890565189190544
60361,1.4320153178518902
60362,-0.5748187947787043
60363,-0.288578245750549
60364,0.17253755819326322
60365,-0.08290065619306304
60366,-0.14970668614099458
60367,-0.07520032697200356
60368,0.24499867185543994
60369,-0.5266604373428876
60370,-0.12989619253708667
60371,-0.4784165197045699
60372,-0.3783985798032783
60373,0.7899319309494912
60374,0.15040862463341712
60391,0.16813679319847505
60392,1.0237516751359645
60393,-0.34595508605489866
60394,0.3924104848461929
60395,-0.6029303993121016
60396,-0.06450381809559007
60397,-0.3234582583229122
60398,-0.4934220836357488
60399,-0.5491371417657416
60400,-0.45538313070288133
60401,-0.4738200858880605
60402,-0.37728752275385524
60403,0.17118575085340432
60404,0.030430498110407725
60405,-0.19557919851101369
60406,-0.3496357114791049
60407,0.15673410566686014
60408,-0.031562499270502906
60409,0.5766154514093617
60410,-0.22008251345112367
60411,-0.8018878309565498
60412,-0.07172769842677423
60413,-0.5952943239533548
60414,0.1515143123076928
60415,-0.02090066777475935
60416,-0.32315366886202307
60417,-0.07069636522132965
60418,-0.5949976481016843
60419,-0.0035797484262647256
60420,0.7162452185731991
60421,-0.5055965462359528
60422,0.5183142517314905
60423,0.023023373704768105
60424,0.043613055187710824
60425,0.06690531615920597
60426,-0.6005024036933815
60427,0.16504649390361453
60428,-0.03477244900423229
60429,-0.20535477659718873
60430,-0.13178806400729104
60431,0.03642541645397385
60432,0.20183801443084182
60433,-0.7091493828547129
60434,1.006028240116443
60435,-0.3999266735846066
60436,0.6803782659496477
60437,-0.45589433101147886
60438,0.06565479347122266
60439,0.03761849679337588
60440,-0.24498512910488116
60441,0.14770113820873412
60442,-0.11197342769118426
60443,0.3270403475895085
60444,0.043435270319858534
60445,0.1430908428637848
60446,0.1585524380950339
60447,0.047255260289265105
60448,-0.38836310855710915
60449,0.15570181429356156
60450,0.0031548406679257762
60451,0.5757925841667488
60542,-0.12761029626938641
60543,-0.27748092381321565
60544,0.4185427307410817
60545,0.34772500613224866
60546,0.007569480899200787
60547,0.5149932031543538
60548,0.2863262394039182
60549,-0.13201025023054436
60550,0.2622577565466431
60551,-0.7259371923874074
60552,-0.14595836467128548
60553,0.061644856645885635
60554,0.08165689102836995
60555,-0.4490417737920679
60556,0.06589703955365184
60557,0.05159177291537846
60558,-0.10740858450918785
60559,0.6847617608590463
60560,-0.10769319587328281
60561,-0.6962744105592418
60562,-0.2350199384177033
60563,-0.13292959962433876
60564,-0.025278528297222783
60565,-0.2819587349164189
60566,-0.15496099513190614
60567,0.9256372204043937
60568,-0.3299249913695238
60569,0.21350129164808052
60570,-0.5843527535161862
60571,0.36637929785119505
60572,-0.35573833289682716
60573,-0.09454260610686595
60574,0.6144414927448536
60575,0.6503579139937866
60576,-0.3472118042198854
60577,0.4950681438757094
60578,-0.4640501562516914
60579,-0.013397082064806554
60580,0.13808366130323116
60581,-0.39448385412032105
60582,-0.08299971326605098
60583,0.8100456684154898
60584,0.1431152969672812
60585,-0.23984028211661582
60586,-0.4977223416339671
60587,-0.7020601150973423
60588,-0.4117682541152549
60616,0.06961004203846702
60617,-0.49910028341919266
60618,0.12100614480141478
60619,0.1310537805334656
60620,0.4092594538373887
60621,0.006869021655992846
60622,0.27155210648912753
60623,-0.29109176900479083
60624,0.2894136245268686
60625,-0.19889505254439704
60626,0.3326885172319928
60627,0.3114936774837756
60628,0.4363024573866165
60629,0.4308120223371361
60630,-0.2645574580761361
60631,0.18811435975144747
60682,-0.06712738703821258
60683,0.05058721528088939
60684,-0.33087151220994665
60685,-0.013591425740983196
60686,-0.12798050565639302
60687,0.1723003407319019
60688,-0.6133618640376083
60689,-0.16178348476113985
60690,-0.21136700270100917
60691,0.07432881813601193
60692,-0.6361968303724069
60693,-0.3637290225577707
60694,0.7140995512121859
60789,-0.4392342956610725
60790,-0.49669024180966875
60791,0.23957283971082982
60792,-0.29451825741530563
60793,0.5160615850759742
60794,-0.09252216951657002
60795,-0.11109221360120243
60796,-0.17599989332665267
60797,0.7899940521621993
60798,-0.2655909665090356
60799,0.2640495950230939
60800,-0.8633999220534794
60801,-0.8440846015011951
60802,0.14942097995505227
60803,-0.07652870519790653
60836,-0.07527060317539729
60837,-0.042570667593837944
60838,-0.5601663044949439
60839,-0.24059141164454806
60840,0.9722197347177135
60841,-0.20760272908028182
60842,-0.30815843603523085
60843,0.21592771479317946
60844,0.4988079049724374
60845,-0.035039408306995645
60846,-0.28061538542079745
60847,-0.2950772074164853
60848,-0.5770456802068037
60849,-0.18773715062303714
60850,-0.25530931641298166
60851,-0.35839291238619897
60852,0.3824749799113002
60853,-0.19272829729827573
60854,-0.3728663471349024
60855,-0.01062220954269466
60856,-0.381291626601155
60857,-0.4375233671809132
60858,0.21944613373198618
60859,-0.6476358573958017
60860,-0.7319050921979356
60861,-0.7575748957419823
60862,0.3355249106028486
60863,0.17055955414860627
60864,-0.47814920793699933
60865,-0.4195701692971042
60949,0.34141059903404164
60950,-0.21734775714390914
60951,0.54683449986653
60952,0.27223324773784147
60953,-0.1614122527211115
60954,-0.3200561289680458
60955,0.20871471216985987
60956,-0.4206741197145031
60957,0.44374398922826697
60958,-0.2729918777332973
60959,0.013805853307569282
60960,-0.24188949180418895
60961,0.898709058089469
60962,-0.528119251349552
60963,-0.4531755579425648
60964,-0.41519693695435295
61006,0.028395155475510317
61007,-0.7161698429579424
61008,-0.2901628848694039
61009,-0.3840326099966599
61010,0.15137888986321696
61011,-0.6117727700156739
61012,0.10341474049921082
61013,0.562273137038965
61014,-0.18011042786895748
61015,0.42799386836278175
61016,-0.5184967653405514
61033,-0.2349541966383219
61034,-0.7801410792094494
61035,0.6497911363806235
61036,-0.0804231980099337
61037,-0.5961821382019963
61038,0.4279033155313861
61039,-0.1845149864045299
61040,-0.0773988803457937
61041,-0.4035211982657136
61042,-0.1758976090930936
61043,0.2602575312016776
61044,-0.4478063207997607
61045,-0.44942449631614867
61046,0.5140698304696789
61047,-0.07265497062909465
61048,0.1259459276294037
61049,0.2049475977177968
61050,-0.18639971303548558
61051,0.2570371070622408
61052,-0.009071390524708622
61053,-0.14301575786256948
61054,-0.601782276339845
61055,-0.06469756969705157
61056,-0.15839380078156132
61057,-0.48774392635506597
61058,0.7562622056968706
61059,0.5463256753597201
61060,-0.3540535930908911
61061,-0.5121412511743986
61062,-0.25269542404676687
61063,0.19340644573777951
61064,-0.302427765198749
61065,0.7702707038979372
61066,0.6331832334685432
61067,0.4418031788267245
61068,-0.5753686926659285
61069,-0.7211774649178766
61070,-0.4028981918608506
61071,1.7269607263730666
61072,-0.44832639672882013
61073,-0.2697172821169459
61074,0.30164021971548793
61159,0.022506319741189412
61160,0.04091141587215736
61161,0.5215562993068948
61162,-0.45959971811738715
61163,0.39796778993551674
61164,-0.506715510766998
61165,0.12383791574573323
61166,-0.28224799733581807
61167,-0.26863534640073
61168,0.595533286884161
61169,-0.5233677636142421
61186,0.6184902861955155
61187,-0.044056733962942185
61188,0.027154126550386903
61189,0.09664401525244906
61190,-0.21636305753170818
61191,-0.4732220342127964
61192,-0.20620713460555978
61193,0.04266114604146384
61194,-0.040283555975111116
61195,-0.06993429469428795
61196,0.6304074643184785
61197,-0.4433722360096323
61198,-0.4235620053449427
61199,-0.596507499666078
61200,-0.11897224439855428
61201,-0.14446073770262569
61202,0.36957889380474646
61203,1.0290796537636753
61204,-0.6004875200428382
61205,-0.7292271030249305
61206,-0.37277172709857764
61207,-0.11778224165914579
61224,0.28519345232482846
61225,-0.38857550783919553
61226,0.2208921476639595
61227,-0.10435941272344583
61228,0.7243382949150243
61229,-0.6871080291541628
61230,-0.2706747476009774
61231,0.1992710648629218
61232,-0.7796701291854085
61233,0.6073070123089435
61234,-0.47261433686831544
61235,-0.2943221900286284
61260,0.008317320605115974
61261,-0.03808928142147014
61262,0.1435523362066215
61263,0.655232130343768
61264,0.025644450974204216
61265,-0.05662480064788587
61266,-0.4584068780924079
61267,0.09971699375532417
61268,-0.6974581581307261
61269,0.2696464942325056
61270,-0.07176617543284328
61271,0.0015629842305596303
61346,0.19849577922692707
61347,0.06109365371019272
61348,0.04170502439168196
61349,-0.0729000224984639
61350,-0.11759614384403125
61351,-0.0008570850531212509
61352,0.04092849371451643
61353,0.04363686899623406
61354,-0.32619871313856236
61355,0.19189705950218472
61356,-0.09591723329990262
61357,0.0660677981957137
61358,0.0005000949898492507
61359,0.18194419151272453
61360,0.021331491145341483
61361,0.027338812654265757
61373,0.5925526910804719
61374,-0.6185171536348092
61375,-0.051993558799987585
61376,0.6726358432060269
61377,1.0836943669417616
61378,0.5426132971056111
61379,-0.16139275791625893
61380,0.6158893943814298
61381,0.233538615430502
61382,-0.08291630688407768
61383,-0.615883817608232
61384,0.4082638350313484
61385,-0.5638824712867564
61386,-0.12969155216507022
61387,-0.18969566453783113
61388,-0.19211672396585616
61401,0.11443508232229943
61402,-0.39830240752475343
61403,0.7040408903866384
61404,-0.48494967886529905
61405,0.3891659469101035
61406,-0.4047043677597
61407,-0.09983712066687843
61408,0.37872362815396204
61409,-0.7882200670572094
61410,-0.33519209830185437
61411,-0.4024459546015683
61412,0.4257809447633786
61413,0.2952167749143929
61414,-0.04233313616871949
61415,0.2151840153496915
61416,-0.32239918270923873
61417,-0.28324129248580704
61418,0.299723387972482
61419,-0.0339140026974078
61420,0.32818902341462974
61421,-0.07101698134565253
61422,0.5455221463262812
61423,0.007799190755911664
61424,0.3367896414921464
61425,-0.19640988427074502
61426,-0.20311571849274357
61427,-0.06237793983518265
61428,-0.4741844111620583
61565,-0.18705438719332196
61566,-0.02707625776605649
61567,-0.127143598399324
61568,0.05272839849990915
61569,-0.9040665781669198
61570,-0.7028320909590301
61571,0.4263956773610651
61572,0.1684843501732367
61573,-0.10593274212358722
61574,-0.20373580240722783
61575,-0.0664426082992303
61576,0.058693146001615626
61577,0.5152613541765965
61578,-0.6343665407701706
61579,0.637172397175534
61580,0.04293284366556384
61581,0.006669558831440214
61582,0.8094331268447401
61583,-0.17950020593009147
61584,-0.40081083543914686
61585,-0.16107554714209704
61586,-0.368856622026532
61587,-0.49273509177372743
61588,-0.882812752890358
61589,0.3122286634443447
61590,0.2955593441950424
61591,0.07662874258919347
61592,-0.23342449034380053
61593,0.08658940553938661
61609,-0.660976897854574
61610,-0.3932444567271267
61611,-0.4020786305917386
61612,-0.5865599899658303
61613,-0.25317772518743
61614,-0.3576813025752849
61615,-0.323203202132912
61616,1.6182984769638336
61617,-0.13247704507172253
61618,-0.4422853877184993
61619,-0.10862801351970401
61620,-0.6009734418181775
61621,-0.4454924571765516
61622,-0.42938339975876894
61623,1.6155367617334022
61624,-0.1977993894147789
61641,1.096792619306995
61642,0.13167747381243827
61643,0.9716630866207929
61644,-0.3206578377807695
61645,-0.3516526406750989
61646,1.0979143616408011
61647,-0.7295369132871784
61648,-0.4503670139073987
61649,-0.02805606852178255
61650,-0.05679475004912539
61651,-0.0887995340032331
61652,-0.26291990860175984
61653,0.4873468685991335
61654,-0.4140888401523847
61655,-0.5962490689465245
61656,-0.42111761984145824
61657,0.9173773460726198
61658,0.36894166843077786
61659,-0.7372012881563313
61660,-0.743890731436094
61661,0.1053021817624348
61662,-0.5952430806987986
61673,-0.3240121748108983
61674,-0.5951161129646606
61675,-0.2892424310064141
61676,-0.2686862731736007
61677,-0.4962481939815181
61678,1.6411720420364693
61679,-0.4453745984782353
61680,-0.6199254645231111
61681,-0.5278752394969082
61682,-0.6402452888122009
61683,-0.7572392817369988
61684,-0.9153452968802475
61685,0.8940709334230146
61686,0.10756843748247644
61687,0.09179976140896715
61688,1.418318515113399
61689,-0.29169276074023137
61690,-0.7496253937980977
61691,-0.7909830275666883
61692,0.38021888826430755
61693,-0.6566213809108241
61694,0.1473486149544989
61695,-0.40574408484774177
61696,-0.3988348511295605
61697,-0.308746563952322
61698,-0.4351860871059019
61699,-0.4028399753415053
61712,0.2302140627052868
61713,-0.23191303587780154
61714,0.04000091134181251
61715,-0.46059986637004574
61716,-0.08870138778400621
61717,-0.6887435016709954
61718,-0.13949599715750616
61719,0.41865121027109886
61720,-0.9836490242301656
61721,-0.1613026184926142
61722,0.334104675949465
61755,0.09656804615081371
61756,-0.6497151801110201
61757,1.0527371193193433
61758,-0.5614801563044619
61759,-0.7185505845927259
61760,-0.6379006690349305
61761,-0.6848041276928221
61762,-0.1758718003759297
61763,-0.6459006707512506
61764,-0.6043662864750795
61765,-0.5148349267466759
61766,-0.5825962213674687
61767,0.8290766399688796
61768,1.4481968618502976
61769,1.6990473454892328
61770,1.2260441923268153
61771,-0.38091677012449615
61772,-0.7462287712425012
61773,-0.4492449633799309
61774,-0.666158047490644
61775,-0.5560422521992212
61776,-0.5037145768737836
61777,-0.3739415071622121
61778,-0.477656667787775
61779,-0.799396339298108
61780,-0.2974792728649087
61781,-0.2792933137931576
61782,1.2132275113494855
61783,-0.30142005667076804
61784,-0.6100427030294352
61785,-0.22327427663926072
61786,0.13292665770634854
61787,-0.32572689794213594
61788,0.12503821088761252
61789,1.1813295763902032
61790,-0.35085882342243424
61791,-0.37102284772915345
61792,-0.690398274832836
61793,0.5006855910259761
61794,-0.05944752042887683
61795,0.9472609414380532
61796,-0.19719513256593296
61797,-0.26531750892959827
61798,-0.7185965714622493
61799,0.2079198375438003
61800,-0.8311448702573467
61801,0.16576010667428623
61802,-0.052815433923977376
61803,0.5365986478119551
61804,-0.06525419856922737
61805,0.0438363372310632
61806,-0.27225391442632196
61807,0.005396492648416795
61808,0.11526903903523128
61809,0.18541874842269937
61810,0.8098585394856092
61811,-0.5449993884815565
61812,-0.12319432017701124
61813,-0.5179044898184806
61814,0.44500848647008984
61815,0.4510579778126477
61816,0.8442861157205559
61817,-0.4686362221087791
61818,-0.3955848966329142
61819,0.8340576360473708
61820,-0.6468815464616596
61821,-0.5548082014104312
61822,-0.5062921087030615
61823,-0.1353126303487942
61824,-0.6430999037118162
61825,-0.4820377568585386
61826,-0.771255607414739
61827,-0.9523206743552003
61828,-0.7810702042428517
61829,0.8929334502277073
61830,-0.8373636026273105
61831,-0.3406897104256943
61832,0.364262226885235
61833,0.5103365533505306
61834,-0.20340982713826505
61835,-0.5893987602056411
61836,0.09004222430263177
61837,-0.6017242743599309
61838,0.1447632984623675
61888,-0.652591894659709
61889,-0.5216245871284533
61890,-0.5876321119735571
61891,-0.2135754088288826
61892,-0.19850287111439316
61893,-0.18899897295264223
61894,-0.5697822889677703
61895,-0.12688162014914964
61896,-0.42843795569943355
61897,-0.4278069676303017
61898,1.031409279482768
61899,-0.3253925831346113
61924,-0.4989013977929739
61925,-0.6585713067196828
61926,0.09194234019219771
61927,-0.6667164709406551
61928,-0.5142673243126432
61929,-0.7691057534877364
61930,-0.5943531950969408
61931,-0.6857206513908229
61932,-0.3188339145734599
61933,0.4646871716129113
61934,-0.22031023464724755
61935,-0.4090756573847068
61936,-0.16043003972022102
61937,-0.07749676595086531
61938,-0.5522133355709413
61939,-0.00979502469865609
61940,-0.5330576705432868
61941,-0.22760121917125914
61942,0.020624256493203486
61943,0.4333183833954501
61976,0.2561833928009122
61977,-0.016166128237484936
61978,-0.6969396867103135
61979,0.5263409902537548
61980,-0.1198624097601359
61981,0.585639173871622
61982,0.03423227981172189
61983,0.5691157349160236
61984,0.48314396951150185
61985,-0.466013411747525
61986,-0.32998967201657514
61987,0.15220687198395283
61988,0.09474692210388128
61989,0.045852221028568674
61990,0.20768935794822918
61991,-0.08720184487489811
62035,-0.5685628830645536
62036,0.5253570300132675
62037,-0.7745797378615332
62038,-0.3652179505444607
62039,-0.5840743683368715
62040,-0.1758177973069942
62041,0.48227486374818
62042,-0.44979787875306176
62043,0.8721139103110167
62044,0.4361256064208393
62045,-0.6965685250411353
62046,0.8508465655533808
62047,0.29576493675699467
62048,0.40926868422545426
62049,0.32591065980002415
62050,-0.09749729948141463
62100,-0.1615422338019235
62101,-0.1281918513607166
62102,-0.051133283989464956
62103,0.14852634702045842
62104,-0.2457461093877248
62105,0.12645931720310982
62106,-0.5074497493661924
62107,0.3120961769898848
62108,0.3384365243600683
62109,0.13387287204232207
62110,0.1741108753928136
62208,-0.07791209370735226
62209,0.30916776185464956
62210,0.21465638072033216
62211,0.005815253113919297
62212,0.16854045323550465
62213,0.08648640134494054
62214,-0.15048494507816365
62215,-0.727628295689899
62216,-0.5314615335488498
62217,0.15292220200761775
62218,0.3758117810929954
62219,0.3716750795134705
62220,0.8921030787593249
62221,0.7630758379854812
62222,0.18426597114057558
62223,0.06126581947453709
62224,-0.2713152635054562
62225,-0.05721243070776395
62226,-0.5679068126623358
62227,0.33827425935611943
62228,-0.1818088674265153
62229,1.003078118385162
62230,0.08520010515914019
62231,-0.7546190603533294
62232,0.16537454739126578
62233,-0.17549725141776917
62234,-0.30970965982973836
62235,0.014283131877731142
62236,0.16267710191104934
62255,0.04782993442672663
62256,-0.21345931519164302
62257,0.04042334217965286
62258,0.08400661612633387
62259,0.3584175551461125
62260,0.15813239238915744
62261,-0.14888035065279875
62262,-0.5179568492264427
62263,-0.08425730339999012
62264,0.4102979423066237
62292,-0.1521594183620043
62293,0.09773087419968216
62294,-0.04276598699649939
62295,0.03498445803705677
62296,-0.12204534887845078
62297,0.2134416675170051
62298,-0.1073983880740939
62299,0.21747382373291763
62300,-0.2998249982593079
62301,0.1918394877130894
62302,0.5067378164307692
62369,-0.630492543916032
62370,-0.22027049074150518
62371,-0.37970408042794124
62372,0.25173221077395347
62373,-0.3707930521328341
62374,-0.551772430589301
62375,0.19288191427809853
62376,-0.39540237450993926
62377,0.15333966872145052
62378,-0.28508605686576033
62379,0.03888918176807399
62380,-0.5713746422949892
62381,0.251068265952557
62382,0.17061113733838268
62383,-0.8464147261151274
62384,-0.4440048630877226
62385,-0.2544874359357432
62386,0.13746112651699252
62387,0.6187631925570984
62388,-0.3593986039601087
62389,0.06981627553002887
62390,0.010360367919342126
62391,0.12946112667671572
62392,1.1958581707608904
62393,-0.6391711114112022
62394,-0.0544548427219385
62395,-0.18816112049324046
62396,-0.12705138190462945
62397,0.12399361356494074
62398,-0.45872536477255266
62458,-0.5642197468329639
62459,0.4624544645359416
62460,-0.21018588604218402
62461,0.002913745452453556
62462,-0.6949037491708245
62463,-0.10760006389973395
62464,-0.5917340286578875
62465,-0.5048336946671093
62466,-0.40537359063689027
62467,-0.4372542921124052
62468,-0.4547978426673142
62469,0.6721958669946724
62638,0.1710674263870283
62639,-0.17450892052361472
62640,0.11157330236131634
62641,-0.1843685103997445
62642,-0.16441062942471002
62643,0.3763918276421153
62644,0.1437623646526046
62645,-0.09115991412095348
62646,0.13648818264777626
62647,0.16178741496718685
62648,-0.07775041537522465
62649,-0.337735857757237
62650,-0.37669490385120286
62651,-0.7801351817082239
62652,-0.23148165449628005
62653,0.17782210265892673
62715,-0.03213089114890047
62716,0.9025545017095464
62717,0.22065062176294778
62718,0.7163081411236969
62719,-0.289508173634047
62720,-0.47958585662994335
62721,-0.44454056722992136
62722,-0.45352012344655096
62723,0.14392745247817862
62724,-0.35675752508840086
62725,0.27530734963851133
62806,0.030086263330891427
62807,0.1166145776639051
62808,0.6773445695991669
62809,-0.3831861412389711
62810,-0.1686694155310992
62811,0.3074096268415909
62812,-0.5374716284597088
62813,-0.012846226684235781
62814,-0.08176715837016664
62815,0.07933132167456902
62816,0.05837758043099536
62817,0.39753438027871424
62818,-0.44685876514619416
62819,-0.716602490632266
62820,-0.40729084510065305
62821,0.2130172120068755
62822,0.1618874885958034
62823,-0.25476524968766473
62824,-0.5965773749908921
62825,0.20492196672446572
62826,0.25795072921534273
62827,-0.402391196479978
62828,-0.5609995989821047
62829,0.9442353382950932
62830,-0.3508569185869357
62831,1.128190054457568
62893,0.009261878410347382
62894,-0.36968081135742015
62895,0.4493969412187435
62896,0.3136479070031244
62897,0.43595676054172317
62898,-0.5414604295789606
62899,0.2035727927290009
62900,-0.7230826598258937
62901,-0.20737622444840137
62902,-0.321592939551989
62903,-0.6481294620842389
62904,-0.31598795668480445
62905,-0.4962228552848243
62935,0.21085691990927652
62936,0.14481603973478155
62937,-0.10699254647016129
62938,0.5302902069358547
62939,-0.7730617747268939
62940,0.030627118458423697
62941,0.0030178034020795635
62942,0.8287048989062713
62943,0.758862354368706
62944,0.1374048042945268
62945,0.9394766736515223
62946,0.015656878906499652
62947,0.25599102658117245
62948,0.8581504419045836
62949,-0.1628747411164299
62950,0.803963542066829
62951,0.609317032884707
62952,0.2109847872438796
62953,0.0732339884571237
62954,0.5973182940155405
62955,0.568647154564408
62956,-0.23523379193438682
62957,-0.4579427944122445
62958,0.32611362037981545
62959,0.35647765534284753
62960,-0.04172771902604484
62993,-0.7844157341325406
62994,0.11394616056564738
62995,-0.4404229990432201
62996,0.4751962979937271
62997,-0.4896120034854098
62998,-0.31495192259721616
62999,0.0706315829696943
63000,0.4171376089160085
63001,0.4662103495887041
63002,-0.11277192978444595
63003,0.2747913750827018
63004,-0.4541510569373046
63005,-0.22754999721700625
63006,0.23701644018416115
63007,-0.0505454760270774
63008,0.01515490200382344
63009,0.5325248591387579
63010,-0.01094351828930959
63011,0.16332618435205407
63012,-0.15226251640606778
63013,0.03519338524173035
63014,-0.19969029330079263
63015,-0.12530059203229657
63016,0.40291386514433747
63017,0.007252284857941119
63018,-0.8297900488612916
63019,0.21653343342488207
63020,0.18989800903007095
63021,-0.11919024861450547
63022,-0.17707652689013276
63023,-0.8439700989617853
63024,0.1294056731722478
63025,-0.05945063946298787
63026,0.6845674516415565
63027,0.4004839349328072
63028,-0.0805520020626328
63056,-0.17431838631351027
63057,-0.07748332298237975
63058,-0.06458278739193399
63059,-0.19801329629819553
63060,0.14580668309232472
63061,0.5954056194092743
63062,0.1655836651575665
63063,-0.3568908584022949
63064,-0.33877082740815556
63065,-0.5835201692245855
63066,-0.028290836701113098
63067,0.09635208421923697
63106,0.04490281654962497
63107,0.4369358724598099
63108,0.36794692316866756
63109,0.06281967308427565
63110,-0.09198561793736053
63111,-0.448278391857317
63112,-0.27854875946743535
63113,-0.14026987529213902
63114,-0.8189704373708955
63115,-0.2581520310115085
63116,0.41800980844587915
63117,-0.16242950939169887
63135,-0.20831466691702388
63136,-0.18002329397550432
63137,-0.2524393745458934
63138,-0.42277582921174567
63139,0.0032454074627345925
63140,-0.4851574010437943
63141,-0.22900700190505402
63142,-0.7250420154127949
63143,-0.4093647742001264
63144,-0.2230289849806765
63145,0.3748693100598473
63146,0.9901846806134968
63147,-0.03287380364757449
63148,1.2389125147539262
63194,0.8761372584081379
63195,-0.34173369322292024
63196,0.14556193234086345
63197,-0.20241459185589655
63198,-0.1471066449758632
63199,0.25632897074285
63200,-0.6007945611428066
63201,-0.7825072153934451
63202,-0.30920793170047356
63203,-0.10939149143261062
63204,-0.06269994560037626
63205,-0.02223964340709525
63206,-0.6407610702719138
63207,-0.23747399514921363
63208,0.40661879146861046
63209,0.1985536071877761
63210,-0.1472315203397033
63211,-0.4638081446449433
63212,-0.5435575691681941
63213,-0.0857046724224292
63214,0.6516796028951686
63215,0.8490510541765914
63216,0.025313672566293646
63217,-0.19473845722204527
63218,-0.28246475449611574
63219,0.10569010390268459
63220,-0.29621757804600496
63221,-0.40671686060420564
63222,-0.008169710499594224
63223,-0.025035306672662794
63224,-0.3007424498729907
63225,0.17264540934565356
63226,-0.1453618804766916
63227,0.34536865433407327
63228,-0.20415049825636278
63229,-0.699825713376065
63230,-0.4178544717466735
63231,-0.5226333707640549
63232,-0.5068925207671822
63233,-0.45024172132344653
63234,-0.41317909097931704
63235,0.0611507072102418
63236,-0.1176508389920415
63237,0.8867723556714127
63238,-0.49288097238625855
63239,-0.18792266894050508
63240,-0.381861359640991
63241,-0.1709948349221625
63271,-0.4592897348061298
63272,-0.56125729316478
63273,0.29822814263952235
63274,-0.1919209369580665
63275,0.527214150079284
63276,-0.3354959774184145
63277,-0.39165124571314663
63278,-0.24157445384130655
63279,0.062493800066600165
63280,0.6494480538528973
63281,-0.3849621541817947
63282,-0.45757088205068025
63337,-0.48821477747610686
63338,-0.7659564055199253
63339,-0.8603642752033527
63340,0.03531438401225298
63341,0.11074092033470043
63342,0.11391141554438605
63343,-0.3907746566416142
63344,0.9954707904498978
63345,0.2419117926915509
63346,0.8727325145319923
63347,-0.8683114683555717
63348,-0.04816978178780568
63349,0.4598201078688764
63350,-0.19209167360966645
63351,-0.6844097214476514
63352,0.1713256351136256
63353,0.009856564507198448
63354,0.24174034413731524
63355,0.006526251290314353
63356,0.1684934143452679
63357,0.4406186299565465
63358,-0.5868166341860599
63359,0.07457493440516941
63360,0.06737894780966198
63371,0.2894425558280031
63372,0.3819674835204038
63373,-0.4938363278928325
63374,-0.03919716402315644
63375,0.7001936944113967
63376,-0.13289762149065856
63377,0.13303937255028744
63378,0.07272141981750763
63379,-0.2789100304610735
63380,-0.2636485583106666
63381,0.5439858090353525
63382,0.6271076609643951
63383,0.3259959536597844
63384,0.22583693316757086
63385,0.3633453904109891
63386,0.039906131483037996
63424,-0.41430005301311434
63425,-0.16098094702247392
63426,0.7113142663870631
63427,0.3849551503966615
63428,-0.1750478737466261
63429,-0.21502278855490214
63430,-0.06818125207650855
63431,-0.001028802835844625
63432,0.16419258448352209
63433,-0.09900092634772087
63434,0.16557502484049808
63435,0.6361234994269707
63436,0.17902468576082015
63501,-0.1829189298134662
63502,-0.27516837196614635
63503,0.16568690000072836
63504,0.4644682967836854
63505,-0.27533797982047653
63506,0.5352737888396598
63507,0.40440765523065847
63508,0.1922423853881274
63509,-0.7007119025115632
63510,0.2266888834375083
63511,-0.3159914623106531
63512,0.3005354371345562
63513,-0.26895942384997823
63514,0.4928170159471615
63515,0.15396586667448284
63516,0.22823245430142095
63532,0.09838475403606128
63533,-0.3982093519485467
63534,0.04122616264262465
63535,-0.8105153301362535
63536,1.0434045571810608
63537,0.06012490456583271
63538,0.15293946492495808
63539,1.2975031407098208
63540,-0.6832686171999515
63541,0.29292908311059834
63542,-0.6891687140075676
63543,0.4213910190032731
63544,-0.08440416276515438
63545,0.3420685405984911
63546,0.38182340382651775
63547,0.9552624461449
63548,0.10418711419920317
63549,0.4362573673021547
63550,0.058543245619363936
63551,-0.18883016609714667
63552,0.36660066674293956
63553,-0.10714446646719664
63554,0.533062414873771
63555,-0.6390567081393371
63556,0.8637865082508281
63557,-0.08884989639762726
63558,0.7400800447497994
63559,0.3052893867362594
63560,0.8830510639799596
63561,1.0746398419195629
63562,-0.049462996091918926
63563,0.24944237107797726
63564,0.02944735527854095
63565,1.3296774158627038
63566,-0.6741832714013126
63567,-0.34485401076966093
63568,-0.2778333285146616
63569,-0.2891347705706953
63570,-0.04931083719462064
63571,0.778914671803631
63572,-0.2902849373181332
63573,0.09610316479973413
63574,-0.6717727121108115
63605,0.244847271467854
63606,-0.0630653799298645
63607,0.2816055000257502
63608,-0.5227050992108682
63609,-0.06217515474736075
63610,0.4784492159544873
63611,0.4360547155143086
63612,-0.7054543018861282
63613,-0.09343370663600632
63614,0.2029753086200322
63615,0.5444783416487191
63616,-0.0675204005212756
63617,0.7153057636222806
63618,-0.37036399897447136
63619,-0.007364543382909858
63620,0.08573278828435889
63637,0.6970455598563949
63638,-0.3272513125288345
63639,0.21690603314186377
63640,0.26478337687838716
63641,-0.1987179709605213
63642,-0.13410165336291313
63643,0.018702536747997753
63644,-0.0415778346415271
63645,-0.058482539273067485
63646,-0.21853141368626033
63647,-0.20848409555411032
63648,-0.28749899382801697
63649,1.2815697569563753
63650,-0.8010344534548297
63696,-0.23465124345643457
63697,0.26438078578324864
63698,0.856220913076978
63699,-0.17556229862092165
63700,0.38712804351409924
63701,-0.4731821274981038
63702,-0.6893264102422749
63703,0.7277136678117944
63704,0.36516600894373547
63705,0.7155762872288457
63706,-0.35725170387623645
63707,-0.045351879985060725
63708,-0.12270501520647732
63709,-0.4144956885483736
63710,-0.5334112299183948
63711,0.7092828483279424
63728,0.01997681786712452
63729,-0.43034220748503
63730,-0.36741601183280337
63731,-0.25931623993952796
63732,0.10956797899262753
63733,0.11852241472478471
63734,0.3820874626727722
63735,-0.2153587428852675
63736,-0.15071210058825846
63737,-0.1660367158665773
63738,-0.1010768077409357
63739,-0.20781831933463307
63740,0.17945309186541614
63741,-0.14357965563935005
63756,0.2829232313816742
63757,0.42734918771631736
63758,-0.7088047336463618
63759,-0.5021176325488372
63760,-0.22789963968531407
63761,0.6557968866102377
63762,-0.4333530569444174
63763,0.4461307690653463
63764,0.07123006204063753
63765,0.24288311396675616
63799,-0.33957115985630265
63800,-0.3030451041705016
63801,0.058846688992848555
63802,0.20619434354139454
63803,0.22903245445749776
63804,1.1801603851964788
63805,-0.524196041369125
63806,-0.30207160486170803
63807,0.4607496260718846
63808,-0.06005871536585722
63809,-0.8902255786225594
63810,-0.3390394624379467
63811,-0.17077159037670342
63812,0.15965407024793662
63813,0.7826005360422958
63814,-0.3201263650413712
63815,-0.22203439638431016
63816,-0.21915638785687877
63817,-0.21676700969408713
63818,-0.05271678628537077
63819,0.15670616385693592
63820,-0.18385828224961773
63821,0.10412749423238336
63822,0.19636222924575153
63823,0.49957783009020706
63824,0.014418033770160335
63825,0.16022323940177022
63826,-0.11494142010566599
63827,-0.01836576262861031
63949,-0.10073986849851181
63950,0.3157082144242972
63951,0.2822687565993184
63952,-0.31611117893692264
63953,0.004783510988743744
63954,-0.16665187635611434
63955,-0.15825653122223501
63956,-0.19789153855035418
63957,-0.055642343341089
63958,-0.4333246343079254
64014,-0.24849884484911972
64015,-0.08962644167677991
64016,-0.12441033254602216
64017,0.017275581835856046
64018,0.4135125751137971
64019,-0.08244433155401158
64020,0.8944804483602764
64021,0.8467915327192801
64022,-0.2098847261701611
64023,0.45088434715989234
64054,0.07483869851701669
64055,0.01297096658976754
64056,0.15242272099549622
64057,0.37942330756709314
64058,0.12466782124387409
64059,-0.126102579459701
64060,-0.6380045759113991
64061,0.17940902462504993
64062,0.1531734051779576
64063,0.2933455782140541
64064,0.008883797258077822
64065,-0.20500985833697125
64066,0.14084421357016438
64067,0.11002034974413662
64068,0.4340206806843281
64069,-0.15903967656558732
64081,-0.6658986150398822
64082,0.03247476906933798
64083,0.9228241292551931
64084,0.17030228898546668
64085,-0.35274663893337216
64086,-0.09299513153644758
64087,0.0163640695159461
64088,0.366900824583113
64089,0.02508558521542817
64090,0.3251515497364451
64091,-0.044846780621595944
64092,-0.22240051833461336
64093,0.03688079882893744
64094,-0.2797823054813457
64127,0.0036745108853614566
64128,0.3709685307055944
64129,-0.7789496311144459
64130,0.24363017543864407
64131,-0.5915530471847074
64132,0.32583693524942875
64133,0.6125385975322235
64134,0.03167893907660442
64135,-0.24095535435280963
64136,0.21804272484321557
64192,-0.7306830622984066
64193,-0.2078227551235287
64194,0.072663954942777
64195,-0.5708125303547148
64196,-0.3558797271837361
64197,0.2373738220379483
64198,-0.40314430997148887
64199,0.27844151668514006
64200,-0.6360473776880663
64201,-0.24934629437442354
64202,-0.3146876971347946
64203,-0.6678248919727573
64204,-0.0963704821164159
64205,-0.7416817577185917
64206,1.4229531326810476
64207,-0.8922205849786661
64208,0.1652239506243222
64209,0.30171804546173636
64210,-0.15647134335624507
64235,-0.47428825490976884
64236,-0.34172430953647603
64237,-0.22089452724609568
64238,-0.39870270581229067
64239,-0.23322004021772857
64240,-0.1568480089561546
64241,0.17219566493317207
64242,0.316649251506973
64243,-0.7812538045909957
64244,-0.06314431438366516
64245,0.5179294970724391
64246,0.14776796701015488
64247,0.12834010566886825
64248,-0.18855799057006978
64249,-0.15666219942912635
64250,0.2931291217491627
64251,0.19424397865331408
64252,0.47162228040942833
64253,-0.07704923621861165
64254,0.22149174859247256
64255,-0.11555257583908957
64256,0.18647956396770365
64257,0.15268337436126342
64258,0.1781950670137637
64259,-0.3167251728748039
64260,-0.11318481074290325
64277,0.231086285807781
64278,0.2795687788945723
64279,0.7361557171765398
64280,0.21615739127278089
64281,0.11946321670441001
64282,0.3161372327300922
64283,0.2157290687045137
64284,0.37579382833238345
64285,-0.18207443525110606
64286,0.36088561982345985
64287,0.19283423838807873
64288,0.41988509504870924
64289,-0.017056978606967907
64290,-0.6279410663532401
64291,-0.5112922551307322
64373,0.7219656626176947
64374,0.7701154620743662
64375,-0.29878065524662667
64376,-0.307373166097002
64377,0.4536269989391394
64378,0.3826131854227842
64379,0.7906361286313569
64380,0.6638039461204701
64381,-0.13743423111712152
64382,0.2799290972533974
64383,-0.3031952302437346
64384,-0.5164696429521259
64385,0.44135131243136977
64386,0.6528565153241375
64387,0.8291639238321828
64401,1.2377073594639032
64402,0.8957007612620242
64403,-0.041508679525697825
64404,-0.5527456775758555
64405,1.2943539756753775
64406,-0.4948644536071242
64407,1.3733766759745274
64408,-0.16107346226954425
64409,-0.5087613921785704
64410,0.8763601530643492
64411,-0.6387098944731148
64412,-0.626002628473966
64413,0.2704235695436883
64414,-0.7195939989389467
64514,-0.12214518731267039
64515,0.1843003735181202
64516,0.20409523019343245
64517,0.9465283816862985
64518,0.28096836803677444
64519,0.35159589199849606
64520,1.0480032836272164
64521,0.30775498131117934
64522,0.39926801187709965
64523,1.1844553624528307
64524,0.002646698398711421
64525,-0.39074186007318423
64526,0.029169089990318506
64527,0.8407130528108947
64528,0.42463939223110836
64596,0.5324078051579195
64597,-0.4998885332024762
64598,0.04119257555685253
64599,0.08819536949840753
64600,-0.20463884283819278
64601,0.335728698617102
64602,-0.7291253073788025
64603,0.29346089615144133
64604,-0.6105412533819365
64605,0.4220774372229001
64606,0.13503562774195574
64607,-0.5324745777954831
64608,-0.05208921451338244
64609,0.6177088145839983
64610,-0.010799132026534236
64611,0.6942716745870119
64628,0.24792133008918726
64629,-0.4127261095974337
64630,-0.2351272035270618
64631,-0.07966280214246269
64632,-0.061708530271273564
64633,1.4578086685139924
64634,-0.40787659851166885
64635,-0.1189314160588916
64636,-0.5328249158085007
64637,0.12904633772328444
64638,-0.45964098803818787
64639,-0.21030623461216003
64640,0.9180891759828702
64641,-0.5706685965175619
64642,-0.5089584646101487
64675,-0.40052622552868367
64676,0.3696129524707174
64677,-0.018561251124928776
64678,-0.683263414502494
64679,-0.2878817710848307
64680,0.5628229353102832
64681,-0.1558414693547434
64682,-0.26977177823616283
64683,0.2828652964780531
64684,0.0026401679294204144
64685,-0.16680636498734
64686,0.02283400334446528
64687,0.030791647759918078
64688,-0.18571662872192157
64689,-0.7447246170147322
64690,0.04199317865068425
64726,0.23796560940574465
64727,0.5574986430703414
64728,-0.7179353726188324
64729,-0.019522797321877422
64730,0.42161489977271777
64731,0.4160427871897
64732,0.5168521092474262
64733,-0.11219861648019765
64734,-0.5439631397993652
64735,0.15091065396573108
64736,0.32299657772786206
64737,0.04620116755511859
64738,0.27619655324919645
64739,0.03518281811677436
64756,0.29321305364016526
64757,-0.13249917917760634
64758,0.22566902846885084
64759,0.10845327640529545
64760,-0.048659228112169384
64761,0.12073835911187814
64762,1.110674659457053
64763,-0.03495492448232488
64764,0.06967123157541336
64765,-0.3543288946312571
64766,-0.8839993852320179
64767,0.6673772352446745
64768,0.28531542611395494
64769,-0.7884737515685867
64770,-0.45047798060467514
64771,1.1845569818726873
64772,0.7941975953538275
64773,0.6443514658904955
64774,-0.5749906598910112
64775,0.7197277389512613
64776,-0.28880546056851647
64777,-0.6130523302691235
64778,0.8193675898213796
64779,0.8740400474460944
64780,-0.6199101428498094
64874,0.1401185928694495
64875,-0.3452602493434512
64876,-0.5548973040813946
64877,0.007319526530837658
64878,0.4256285525602445
64879,0.3431516534655313
64880,0.03726742612901088
64881,0.06599545763796817
64882,-0.04664047695893135
64883,0.21374277383279527
64884,0.5685254291004753
64885,0.10190917257295097
64977,0.049317907838529934
64978,-0.1194176148986821
64979,-0.6857905155089598
64980,0.8430603180372074
64981,0.41300678665705226
64982,0.1825996948831985
64983,-0.1169026351198785
64984,-0.09079629429649251
64985,0.7931693810661579
64986,-0.056102629537573334
64987,-0.2871789772522806
64988,-0.4663315000401368
64989,0.02867455678530005
64990,-0.4603697401095696
65036,0.20969938948548442
65037,0.5802335057573815
65038,1.038317083866537
65039,0.709217894828954
65040,-0.19764091830093478
65041,0.7997748241909335
65042,-0.23249749268030306
65043,1.0436939627730482
65044,-0.472160544328254
65045,0.8373338532937977
65046,-0.4068546700603279
65047,0.5566760416078598
65048,0.6431745141026256
65049,-0.43410185648590377
65050,-0.2532259790925639
65051,-0.20730594052607523
65052,0.007299591820760731
65053,0.0883854117051441
65054,0.13377322895371044
65055,0.07959042754071075
65056,0.09597656868502957
65057,-0.21443286628164643
65058,0.10633794229705489
65059,0.10181555457279125
65060,0.40536550383616726
65061,0.08239015649351272
65062,0.08623095925890367
65063,0.06575671504967126
65064,0.26017345246939255
65065,0.34979928378883285
65066,-0.28607122840288884
65067,-0.026870991676163733
65068,-0.47725751288202595
65069,-0.20239025271514746
65070,-0.5386265385737036
65071,-0.297301940600994
65072,-0.4671689383934339
65073,-0.3371779348083266
65074,-0.4518412516728209
65075,0.017854662489951725
65076,0.5592021849263894
65077,-0.33324592323196744
65078,0.7984549858794427
65079,-0.3031196311649971
65080,-0.39531019223258695
65081,-0.4506724228283526
65082,1.0905908319860271
65083,-0.7757156776280298
65138,0.9689549048700816
65139,-0.41147951525438975
65140,-0.6069900335968679
65141,0.10778388214712793
65142,-0.4220385423446074
65143,0.2709937536426396
65144,-0.13540394525729055
65145,-0.23110528505233224
65146,0.18226524055002252
65147,0.20395432754320475
65161,0.1526699535898878
65162,0.44805580823074914
65163,-0.050317790390104436
65164,-0.17896312432781364
65165,-0.05731279292503591
65166,-0.5940754767516728
65167,0.027462603845198136
65168,0.06283969182545879
65169,-0.20072082374837008
65170,-0.5897227947240837
65171,-0.0033230870584772393
65244,-0.0569600075145732
65245,0.30716381607026244
65246,-0.19162096297186498
65247,-0.21109222237665048
65248,0.0026360337250467686
65249,-0.5668392416139753
65250,0.44794199131766255
65251,-0.280675290042895
65252,-0.23244279863371015
65253,0.19951713464980633
65254,-0.2538837501781621
65255,-0.21342438128860686
65293,0.31388134879820495
65294,-0.0219206339503948
65295,0.26948036431906275
65296,0.6585965861359853
65297,0.1894310497923492
65298,-0.03643704741478235
65299,0.1477227643233565
65300,-0.011019974431168922
65301,0.8652573590640283
65302,-0.2712886407447
65303,-0.22781476856829275
65304,1.1132696258168608
65305,-0.15010842598834864
65306,-0.530687486360782
65307,-0.5193532999332786
65308,-0.6141679810928786
65309,-0.2602490639281315
65310,-0.36297912396582205
65370,0.07656312239245829
65371,-0.4839505331804136
65372,-0.32418598851665753
65373,-0.4909029061443799
65374,-0.1858959033843327
65375,-0.22910519134129664
65376,0.8417250402832097
65377,0.26689527140969593
65378,0.8192390095897054
65379,-0.3400978207374837
65394,-0.7590109347399174
65395,0.1667271195935906
65396,0.2083574319880167
65397,0.6346253111674139
65398,0.6211330554631285
65399,0.030427457805767624
65400,0.5148564796193001
65401,0.29524084120487104
65402,0.1700652525051305
65403,-0.3109308260152028
65404,-0.22065914596913966
65405,-0.3132496033302681
65406,0.3024689978527262
65407,-0.2421721627875878
65408,0.5619232905501184
65409,0.4154449633843849
65410,0.13240140202142314
65427,0.6020491762646931
65428,-0.25764825842432226
65429,0.5698069180499806
65430,0.3955720219687109
65431,-0.3118641107412149
65432,-0.307468108249925
65433,-0.21715736567396976
65434,-0.35755387375199543
65435,-0.41373976627298525
65436,-0.27334883667807575
65437,-0.21980812322998433
65438,-0.17390513571048863
65439,0.9552075639016233
65440,-0.37592909133732394
65441,0.036129322073611005
65442,-0.345457593703333
65469,-0.14668270869182926
65470,-0.3007401619364838
65471,-0.15471158894133002
65472,0.2734842302667975
65473,-0.4517976256199198
65474,-0.39532953073502275
65475,-0.2748913851647682
65476,-0.15387679261145326
65477,-0.03530981498134231
65478,-0.0727345562514656
65479,0.17026270618983969
65480,0.17042719402426937
65481,-0.026504271672545
65482,-0.10901612593391918
65511,0.15882664596364587
65512,0.15280156434409586
65513,0.021247435234237205
65514,-0.23448813756582387
65515,0.8511798026141058
65516,-0.01647485048407226
65517,0.5052218062295796
65518,0.4429416899921078
65519,0.3802392778186923
65520,0.06255764251453845
65521,0.6514957494540097
65522,0.6585666158444078
65523,0.3209525453979325
65524,-0.13928371814298982
65525,-0.365502025199286
65526,-0.5174247352522974
65527,-0.13196569217215748
65528,-0.27799634466037043
65529,-0.17866258265905377
65530,0.2495567863193593
65531,-0.048910806208887145
65532,-0.11282708989257913
65533,-0.21773361557618987
65534,-0.3908761492676989
65562,-0.5132107280837054
65563,-0.1767293210971332
65564,0.18717271995602708
65565,-0.11215610458501207
65566,0.25798949858893466
65567,0.24899198394087768
65568,0.04067567494800037
65569,-0.19323257085118822
65570,-0.06939685800227033
65571,0.5005913709144303
65572,0.21694761911557753
65573,-0.5800875461997915
65574,-0.0301725733979189
65575,-0.26766511943180865
65576,-0.6796931099525361
65577,0.00446939928981277
65578,0.10006456446882694
65579,-0.15634561473496136
65592,-0.6233294947818424
65593,-0.057117355190725166
65594,0.21336341537978964
65595,0.005233560140119886
65596,0.5666753819392929
65597,0.1837390282673416
65598,-0.6850722077577027
65599,-0.32594501728008063
65600,-0.3443766717402982
65601,-0.0015018423690108251
65602,0.23989983645660243
65603,-0.1846226804368284
65649,-0.5719371875971311
65650,-0.517739409768295
65651,-0.18403237184532983
65652,-0.5043766628766939
65653,-0.7267480237514117
65654,-0.5376619674049946
65655,0.446137940973186
65656,-0.20873721669856027
65657,-0.3657875223018898
65658,-0.6189455852097057
65675,-0.13251310265540844
65676,-0.12399728654564307
65677,-0.1332619658714002
65678,-0.25824702244924824
65679,-0.30686694777087
65680,-0.20533772808952241
65681,-0.6811920340224844
65682,-0.07645908797171988
65683,-0.1773473671291177
65684,-0.04921050647858588
65685,-0.1413669063255777
65686,0.9924521100765826
65687,0.07012694282425785
65688,-0.4224687929643712
65689,-0.2936902900625549
65690,-0.30024517109942067
65691,-0.7284861798341055
65692,-0.4415387798129139
65693,-0.18523680686955862
65694,-0.4366481688523244
65695,-0.5376743707162225
65696,-0.7798375056065293
65697,-0.6492054345800559
65698,-0.07898466358687697
65699,-0.8594540693073892
65700,0.6177842626612082
65701,-0.6505676238821176
65702,-0.4969707058516179
65703,0.2602653452736985
65704,-0.5195486769704972
65705,-0.26083049690352894
65706,-0.790205167911634
65707,0.7889236401873791
65708,0.2920394607151677
65709,0.4528240141995296
65820,1.3465452565998663
65821,1.4209546791922367
65822,-0.26077474101171483
65823,-0.40609124944110786
65824,-0.18775672489202883
65825,-0.4975197524485128
65826,-0.782554725468075
65827,-0.17549639761449154
65828,-0.249023000624429
65829,-0.1493354939017289
65830,-0.15625924283116252
65831,-0.06168731499972163
65832,-0.8840238283618937
65833,-0.4718383871490727
65961,-0.3514112478499769
65962,-0.06489513294062217
65963,0.1282695584278598
65964,-0.29431419692389554
65965,-0.1874722886543344
65966,0.11442932976684408
65967,0.3074781740092287
65968,-0.5285552763475246
65969,-0.32052309517630584
65970,-0.35193156252646907
65971,0.3977454113687726
65972,-0.04397601104946752
65973,-0.4209513983156387
65974,-0.4647030391682323
65975,-0.7439608638447344
65976,-0.03333052454048667
66001,0.8911230916071538
66002,1.475243168713266
66003,-0.4634588543221353
66004,-0.7852517846964868
66005,-0.503158732335106
66006,-0.7452035757284801
66007,-0.23936348672075006
66008,-0.45702267454096457
66009,-0.4278466201284136
66010,0.7653492490743887
66011,0.08351325612778251
66012,-0.22879776276186328
66013,-0.16141332786023274
66014,0.0789748483090685
66015,0.1841068515426711
66016,-0.4126535526978359
66017,-0.4800382632476617
66018,0.5882890926352602
66019,0.3083438344123238
66020,0.1788147245441975
66021,0.5502942813955041
66022,0.5391826984213945
66023,-0.012225773428607645
66024,-0.4052132161134556
66025,-0.16993388470016024
66026,-0.4024868733116036
66027,-0.23117473172240913
66028,0.2726393864530823
66029,-0.4363474045346824
66043,-0.6559708464100052
66044,1.408865305627384
66045,0.05522957016349738
66046,0.3997425455946712
66047,-0.07458291854670251
66048,0.1937098373064388
66049,0.4612875621381971
66050,-0.4636029086249628
66051,-0.27473095344373377
66052,0.41813941987633396
66072,-0.19273311653066091
66073,-0.286715384327451
66074,0.7268915129823688
66075,-0.052325287134661
66076,-0.7498688203916875
66077,0.979534269306539
66078,-0.08109238159573587
66079,-0.2893502985798352
66080,-0.1065132278632099
66081,-0.322997415988937
66082,0.606435294599847
66093,-0.16976360897490456
66094,-0.14722627152509138
66095,-0.3479581651124405
66096,0.015949712223914884
66097,0.4482389087353602
66098,-0.40375028507456845
66099,-0.11059429506812622
66100,-0.15449169132082463
66101,-0.016210215928553207
66102,0.7165456912144375
66103,-0.40345613048633944
66104,-0.36799903837123293
66105,0.17965072768652127
66106,-0.720881057525198
66107,-0.4252438834350229
66108,-0.015855456803496176
66109,-0.2612285722897422
66110,-0.15715427033931223
66111,1.5472759238541147
66112,-0.4774855767948812
66113,-0.2989895537917711
66114,0.06281177569885549
66115,-0.06303906101708029
66135,0.009638395735361502
66136,0.5074570209014919
66137,-0.0026143646692317196
66138,0.9068850407674801
66139,0.06106846835345528
66140,-0.33235684971155344
66141,-0.42744128318604635
66142,0.8167082794010921
66143,1.0058467072976407
66144,-0.2582242680325054
66145,0.6903433677035985
66146,0.17882497987096108
66147,0.8412149068612915
66148,-0.6731012248467054
66149,0.23929023133705576
66150,0.0362924015774199
66183,-0.21245901040137885
66184,0.8521430938499164
66185,-0.7208432955565547
66186,-0.08508543486228319
66187,-0.30541753202072
66188,-0.015405632900500468
66189,-0.1701489883084472
66190,-0.14533768229185118
66191,-0.5091838938979698
66192,0.016758469808284826
66193,0.2941408931082631
66194,-0.22236980265600192
66368,-0.2765521773458953
66369,-0.4149715390081389
66370,0.13038798418278727
66371,1.053218084241489
66372,-0.3364990420632987
66373,-0.38028263606119994
66374,-0.8245960596819876
66375,0.05035844614783883
66376,0.7996841149515459
66377,1.2241870943630828
66405,-0.20620803593883152
66406,-0.41147999720204614
66407,0.5251283630762261
66408,0.41420008883762005
66409,0.1567753991475382
66410,0.2365839971846867
66411,-0.45098299460502417
66412,0.6942646163297312
66413,0.37322111051882056
66414,-0.12905403695175824
66415,0.05930086287055486
66416,-0.13609282140607548
66417,-0.4189741068278702
66418,-0.0984788541582787
66419,-0.07838870034495964
66420,-0.009306339955032258
66421,-0.6894442864397544
66422,-0.5779845417653275
66423,-0.5780375950673823
66424,-0.5418891553936209
66425,-0.7310587970753787
66426,-0.7655018441059127
66427,-0.6931062862697998
66428,-0.04027435741628275
66429,0.22746774368822686
66430,-0.7886143675840631
66431,-0.25739918880292867
66432,-0.10470632866748938
66433,1.8249052904796739
66464,-0.7326260145606618
66465,0.0506796378398572
66466,-0.6299201122270125
66467,-0.5494070095536365
66468,0.30372140837908196
66469,0.13056624083757523
66470,-0.07744773559029233
66471,0.27228788929644576
66472,-0.026394330289054385
66473,0.01116938718287086
66474,0.14793615082675846
66475,-0.022894055651883627
66476,0.25808851946465244
66477,0.033143426455022246
66478,0.6053475050530879
66479,0.4065852710610198
66480,-0.09004892962136946
66481,0.21957995688242798
66482,0.16058388114152353
66483,0.2847977165542077
66484,-0.11083883359160483
66485,-0.1554751245793336
66486,-0.33904203887354345
66487,-0.19429722399500177
66488,0.06784207512589387
66489,-0.32823956182322034
66490,0.025016162051254343
66491,-0.2766244346492605
66492,0.0908885066955843
66493,-0.3513153376960292
66494,-0.2732657799815679
66495,0.8133332217968134
66496,0.38200035093557033
66497,0.19168052272748728
66498,-0.00825310616360568
66499,-0.3210349050159129
66500,-0.24588951891210525
66501,-0.5526629475239437
66533,-0.07907870326851837
66534,0.0667812207148349
66535,0.10722394115498766
66536,0.33228085384798867
66537,0.05793668029570975
66538,-0.09426290491700204
66539,-0.07623353904601471
66540,0.3286742155036797
66541,0.31395867990227794
66542,1.1782056519745705
66543,0.05502759387347726
66544,0.7993236441354602
66545,-0.33656373730573574
66546,0.07724020107719805
66547,0.1853531954862094
66548,-0.26134262599134794
66565,0.1023068692808159
66566,0.15904475951200192
66567,0.8604244407094986
66568,0.9788463925097435
66569,-0.06304021717690068
66570,-0.5521204105499498
66571,-0.2019854103896739
66572,-0.20987343875997516
66573,0.8976711032262938
66574,-0.18434720047617886
66575,-0.22104880615134775
66616,0.21534498805309932
66617,-0.15182065260615768
66618,0.49834815983702174
66619,-0.41114584453224257
66620,0.30175329241442195
66621,0.15945395549003732
66622,0.2850456012421595
66623,-0.310531916038763
66624,-0.23959473311786986
66625,-0.05967769098175746
66626,-0.22226109658794796
66627,-0.26045180419854375
66628,-0.06990897746410578
66629,-0.13440141414919118
66630,-0.6430829128519262
66631,-0.00825283562103607
66648,-0.03052831764588665
66649,-0.4753287388702127
66650,-0.008439039643729676
66651,-0.11141613200263777
66652,-0.161372573506891
66653,-0.1913619699661785
66654,0.3178855768486674
66655,-0.10616309313886002
66656,0.3500779314082977
66657,0.21072714610325832
66658,-0.23197132846115687
66659,0.15578827283374677
66660,-0.11925605751725973
66661,-0.025381949320717884
66662,-0.17701365601042574
66663,0.05835172022404424
66725,-0.1481991665588042
66726,-0.07685614153500468
66727,0.40935989849356635
66728,-0.008519776625581288
66729,-0.13729730880973048
66730,-0.24422197819971272
66731,-0.30735295710953436
66732,-0.11759141154546528
66733,-0.02625536926188514
66734,1.0831419983164314
66735,-0.62708925274797
66736,-0.07580353433856751
66737,-0.28527561427649795
66738,0.3582856384570282
66739,0.4149510728329523
66740,-0.2729320424163431
66757,-0.17712892697973082
66758,-0.10012444050082692
66759,0.20246370917124695
66760,0.3133820470840323
66761,0.13052326272051992
66762,-0.7623712825249491
66763,-0.453099720370588
66764,-0.09866889418073586
66765,-0.26237539900440277
66766,0.034679879573383685
66767,-0.44078239073589726
66768,-0.042199353626041464
66769,-0.20918701372093412
66770,-0.18788497737957768
66771,0.43109504353127054
66772,-0.30785085267587253
66814,0.18693243709043805
66815,-0.452322731471237
66816,-0.1035772633725767
66817,0.47327052663374525
66818,-0.22256153196001682
66819,0.6326261115039746
66820,0.3246703385877462
66821,0.13497433447409632
66822,-0.1858266372306658
66823,0.3667276848468417
66824,-0.8308594010569466
66825,-0.05471724767103493
66826,-0.659487170163364
66827,-0.308879194947919
66828,-0.03481152710547192
66829,-0.6977018860288074
66871,-0.23096628584684958
66872,0.23060981959975885
66873,-0.5982088709016312
66874,0.8123898314824651
66875,0.2995486368814964
66876,-0.16104525527732844
66877,-0.27839100155516605
66878,0.2990876698368734
66879,0.24075997503123156
66880,0.10062086100997068
66881,0.27180921417609416
66882,-0.23085373021081917
66883,0.04858491525104443
66884,0.3212967076138751
66885,0.9005430050589818
66886,0.3016543315500782
66929,-0.5863697748930841
66930,-0.252788286703674
66931,1.0349825207712116
66932,0.2524973401505145
66933,-0.05969637007609348
66934,0.48664265373758275
66935,-0.29597491293816935
66936,-0.26357622286207755
66937,-0.4510506306013977
66938,-0.3542266161953018
66939,0.09116163927736215
66940,-0.7206346135629939
66941,-0.3790536284171966
66942,-0.1201578441247434
66943,-0.30311824439262725
66944,-0.07162216444735324
66945,-0.4510905202101739
66946,0.29250351615985576
66947,-0.7445180547418357
66948,-0.526701336993104
66949,-0.11547929367646761
66950,-0.7419200991745992
66951,-0.5281406361669909
66952,0.711131758386881
66953,-0.08763290009972667
66954,-0.7417639582212728
66955,-0.569164821285002
66956,-0.5394162375109761
66957,1.3274214796408457
66989,0.3765070903026789
66990,0.06904500342266408
66991,0.5397563295555272
66992,0.22330184878366519
66993,-0.3523181359196885
66994,-0.022211721942891838
66995,0.40397346089912434
66996,0.31611843443684084
66997,0.10475543427602374
66998,0.09495073811436108
66999,-0.20371333377791054
67074,-0.8515693407102924
67075,0.4052885640219326
67076,0.20003497508451656
67077,-0.29840480361798616
67078,-0.2523132083386985
67079,-0.15079088729932943
67080,-0.1767067400957807
67081,-0.2741938693181541
67082,0.6405706636290127
67083,0.11070882708041159
67084,0.015686968397973122
67085,-0.5160135727366397
67086,0.7474264501604782
67087,0.4246573650090999
67088,-0.38072966470505465
67089,-0.19338706754491572
67090,-0.3230290743872977
67091,-0.21912094944554625
67092,0.5719805414259317
67093,-0.12534222577760157
67094,-0.16433733310629775
67095,0.49663388489456217
67096,-0.009451004236672333
67097,-0.2444597184342257
67098,-0.01215470150111865
67099,0.02491320815046459
67100,-0.3784085647344599
67101,-0.2620244530493232
67102,-0.8703425394329453
67103,-0.5013321820032715
67104,0.9416340739373893
67105,-0.5120311865145254
67106,-0.5847610884324181
67107,-0.45272630503811984
67108,-0.37460924291445563
67109,-0.7494658080927243
67110,1.72498712033212
67111,-0.26524564173846304
67112,-0.4933852280634854
67126,-0.785316613658557
67127,-0.3380297044048681
67128,0.11262632280023188
67129,0.5767126658838404
67130,0.35997296612723473
67131,-0.42986566313196517
67132,0.3583526148461179
67133,-0.4783267971975519
67134,-0.48810567798318943
67135,-0.54398291904869
67136,-0.5996975427730833
67137,0.005234664595077057
67138,-0.020192378056986163
67139,0.16513033654603262
67140,-0.055649941709500134
67141,0.12339824872551756
67142,0.14711631220189209
67143,0.05595269100960441
67144,0.17185445524553478
67145,0.1076461787011086
67146,0.29620134221322464
67147,-0.43634361331259236
67148,-0.40323586378921006
67149,-0.409038499099026
67150,-0.4579291089994831
67151,-0.28941756868612645
67152,-0.13597097636608935
67153,0.21448844534800557
67154,-0.2865818095423972
67168,-0.6917119387805449
67169,-0.7499851978444371
67170,-0.7707806748159318
67171,-0.5414435449625504
67172,1.7147189164505336
67173,-0.4057336420835702
67174,-0.33391107235206346
67175,-0.6963913356737508
67176,-0.33400949934888624
67177,-0.5599469173391866
67178,-0.5469384477072251
67179,-0.28811663202841764
67225,-0.9214190482499589
67226,-0.527914092341179
67227,0.3449113177598405
67228,-0.5731142692827618
67229,-0.454351805661815
67230,-0.5062860766385497
67231,-0.5015405459764444
67232,0.6637289591275324
67233,0.23860149683065512
67234,-0.6427046188400649
67235,-0.7947764294018648
67236,-0.902038128148474
67237,0.41840489743906795
67238,-0.6192547469850713
67239,1.5458864266242844
67240,0.031739205199424705
67241,0.12118615009480499
67242,-0.000970514407086509
67243,0.2714413206134024
67244,-0.45734877630457377
67245,-0.15541645126231932
67246,0.5713350681366056
67247,0.1447856287629764
67248,0.04915267877576156
67249,0.327020878108917
67250,0.029742216313610223
67251,-0.47680870966527594
67252,0.11453260291766952
67253,0.25779848716929643
67254,0.22646021715984654
67255,0.1285598236514239
67256,0.21215813239814568
67375,0.305180748320328
67376,-0.41839022380492435
67377,0.9868877994493819
67378,0.5241079160366487
67379,0.05524931512346659
67380,-0.10554297199061077
67381,-0.03721486639394615
67382,0.04264909514206498
67383,0.23187814182663874
67384,-0.348552853923655
67385,0.53632671846928
67386,-0.15866313967421475
67387,-0.7938495159722238
67388,-0.18136942581073104
67389,0.8036468321401141
67390,-0.4107315369308653
67421,0.5930757544902772
67422,-0.17266795942658192
67423,-0.35254643768762467
67424,-0.3530500717456879
67425,0.238176438858701
67426,0.08801050900908164
67427,0.3453897777640935
67428,0.08351510593996309
67429,0.15756907860776137
67430,0.2472863458652949
67431,0.15103433519722484
67432,0.4246257993152429
67433,0.1730216897099226
67434,0.6485439851350132
67451,0.08079655084567194
67452,-0.4806556139013225
67453,-0.034564078374589594
67454,0.01692685772461769
67455,-0.11543072520444199
67456,0.38212884527196084
67457,0.6787865952304988
67458,0.28150774880050267
67459,0.07818897334027934
67460,0.329056384540265
67461,0.19554103214569857
67462,-0.38724504357693
67463,-0.18663132728744852
67464,-0.2420444270707906
67465,-0.17609244534101268
67466,-0.23792682556645467
67533,-0.2006421747528084
67534,-0.012433345620214038
67535,1.4771531893154117
67536,1.0760983332942595
67537,-0.31114909881231406
67538,-0.4120000291266763
67539,-0.5645198945109222
67540,-0.5977459657573602
67541,0.7516201166648917
67542,-0.11669822596519164
67543,-0.19993739573007038
67544,-0.33668530138201924
67545,-0.6227040944533822
67546,0.22784419753628754
67547,0.9812378004365451
67573,0.2425069526105554
67574,-0.043852192130825404
67575,0.7875418521910975
67576,-0.5775004279192729
67577,-0.24120866648272854
67578,0.014640499014965586
67579,0.1183548985631231
67580,-0.21061864064172317
67581,0.18436912544036596
67582,-0.10089755794815232
67583,-0.0709899836273299
67584,7.389788334803693e-05
67585,0.4879409965042264
67586,0.07639094464765589
67587,0.4775895782350443
67626,0.7330389278642884
67627,0.3812413290921455
67628,-0.02314208475198115
67629,0.5781363518390088
67630,0.3952274315474693
67631,-0.11869682288040058
67632,0.3755898170593204
67633,0.4866617503462706
67634,-0.6631491141356423
67635,0.13748514178558563
67651,0.10168073129148342
67652,0.7151199001224682
67653,0.04201295225595919
67654,-0.22553577644784897
67655,0.7793871202668534
67656,-0.5121961290932556
67657,0.7182447151483159
67658,-0.2147205889953428
67659,-0.3109899730505398
67660,-0.2799911790834461
67661,-0.06826648069622224
67662,-0.5856059271043288
67663,0.49890249472783105
67664,0.09170560159514247
67665,0.0403681579275166
67666,-0.6352345808948243
67667,-0.00574169518947093
67668,0.29967410181856824
67669,0.25667261382432566
67670,0.060347595274086965
67671,0.04653091338929652
67672,0.16724658118286823
67673,0.28940498992350155
67674,0.0938712914637275
67675,0.28321327277400093
67676,0.05987628675823595
67677,0.9057804381829171
67678,-0.21841338541352612
67695,0.3483282689628959
67696,-0.03183009498051917
67697,0.3603886600770655
67698,-0.37481352107377075
67699,-0.03187642162851717
67700,0.17519902597000447
67701,0.64116561984278
67702,0.7064602697852345
67703,-0.19135438991473555
67704,-0.6164989555599777
67705,-0.1211538224212835
67706,-0.3814734075112444
67707,0.31551382200687494
67708,-0.3832761317919847
67709,-0.6896022710808715
67710,-0.19205970997702138
67722,1.0449405205273858
67723,0.4980950366365694
67724,0.05538552749711566
67725,-0.2405697552027674
67726,0.3217170339815568
67727,0.17987089172061302
67728,-0.23344814563738073
67729,-0.2666614350712156
67730,-0.2833209669302374
67731,-0.00019788232292100583
67732,0.058447016813417935
67733,-0.24158949167455213
67734,-0.28046290274069297
67735,0.8370474207777239
67736,0.1986624088852461
67776,-0.30238407041224014
67777,-0.023027040193436155
67778,0.5923189765593588
67779,0.21507025986354078
67780,0.19762283655627277
67781,-0.023293825715740776
67782,-0.40392756074759106
67783,0.0018330370173176291
67784,-0.32565113192733625
67785,-0.2693232943111117
67786,0.12069437968125343
67787,-0.14623611554359078
67788,0.27868033234651185
67789,0.1906614430069959
67790,-0.18607314535317332
67837,0.16481788036389008
67838,-0.714734330952998
67839,-0.1260357750663547
67840,-0.08775336183648731
67841,0.41223698455627045
67842,0.9849259922321107
67843,1.1454298675342232
67844,1.0725984559804052
67845,-0.050042776558379784
67846,0.12662209955960246
67847,-0.16324859651524756
67848,0.021736476209823677
67849,-0.2893972516497711
67850,-0.006443069502770987
67851,-0.36146943353353994
67852,-0.4062072616415405
67853,-0.09947140075114062
67854,-0.3059357357757603
67855,-0.29849562951753794
67856,0.38835788417072387
67857,0.02907707508898906
67858,0.41509038501522566
67859,-0.2577769282799607
67860,-0.2424486252787706
67861,-0.17319749448176225
67890,0.09892326712663285
67891,0.2928947258606784
67892,0.2914461005550709
67893,-0.20038991997552702
67894,-0.12091528320706713
67895,0.5872869857293819
67896,0.24957802033082682
67897,0.4428753998075472
67898,0.8053361264509717
67899,0.5090241015905066
67900,0.15301649337516662
67901,0.42503992255457307
67902,0.6806498967956366
67903,0.11942904071602113
67904,0.3724458440488798
67905,0.47156666713923556
68029,-0.3231047204394685
68030,-0.5232844397903931
68031,0.4115643513773659
68032,-0.3126611020299444
68033,0.9441169731641219
68034,0.7800648496179282
68035,-0.3687036562450962
68036,0.2125744144473256
68037,0.02938239602399899
68038,-0.36248635083031006
68039,0.286537514658684
68040,-0.2105083390439611
68041,0.2208018672974157
68042,-0.45161518299123177
68043,-0.1415392462254704
68044,-0.2931338059076057
68045,0.08344186496885918
68046,0.5540286347530831
68047,-0.1850059780036345
68048,-0.007694085000189754
68049,-0.45040782473227975
68050,0.3158869028456038
68051,0.41291643688122665
68052,-0.2102625855006482
68053,0.12570589603401652
68080,-0.04042389554142653
68081,-0.5090550373244386
68082,0.16982753596514483
68083,-0.40421734551147653
68084,0.4258637777789449
68085,-0.35931546582171847
68086,0.7974075405296089
68087,0.5706442269520858
68088,-0.6756464635956476
68089,1.1085793204711087
68090,-0.41803179612286234
68091,-0.5163576446623193
68092,-0.6890817248265617
68093,-0.19506888065516376
68135,0.25999721542002907
68136,-0.1159645723207462
68137,0.36234547076280543
68138,-0.15697130820567637
68139,-0.16757600376294962
68140,0.21984249940172063
68141,-0.0834853856080747
68142,0.07922779129303806
68143,0.16237936287408905
68144,0.07306004385846993
68145,0.0015968608183657973
68146,0.6761162257049388
68147,-0.04104128073854106
68148,0.5584235658068222
68149,-0.3555505257648083
68166,-0.5450947731870641
68167,-0.3609590770574472
68168,0.5315525132331143
68169,-0.6341967816937022
68170,0.06076797471016196
68171,-0.21287217166467323
68172,-0.7512518200752828
68173,-0.38417500428677887
68174,-0.19250376395448004
68175,-0.23954328192814517
68176,-0.06660355119617752
68177,0.07034541145971818
68178,0.3047420177264184
68179,1.0722812773222272
68180,-0.5798994354998819
68181,-0.2392348712152314
68182,-0.3512907006978964
68183,-0.1242057843322632
68184,-0.33915147289321973
68185,-0.4068101447947911
68186,-0.278624728547645
68187,-0.45996445084096416
68188,-0.35109628669133364
68189,-0.6367432844367612
68190,-0.537145908820119
68191,-0.21712282884975065
68192,-0.2860980246338386
68193,1.4970222013712504
68194,-0.36727789063381366
68208,-0.26870753089359245
68209,-0.04759081842777538
68210,0.44312983669214584
68211,0.2132656887226505
68212,0.32470901699328936
68213,0.2170354570386794
68214,-0.3393025475854924
68215,-0.35354488051638727
68216,-0.022799416173321554
68217,0.12449417404185431
68218,0.25656469556393346
68219,0.15594303625707623
68220,-0.2998430076963113
68221,-0.25336425845403143
68222,0.41623606249745987
68223,-0.03901621691413862
68265,-0.4719991309851926
68266,-0.18259329232311355
68267,-0.4449182406652877
68268,-0.6177925534128139
68269,-0.11121272509774716
68270,-0.06994024651561359
68271,0.0639550326191565
68272,-0.57316255498151
68273,0.48838596645303994
68274,-0.5340539109435234
68275,0.12093110181496548
68276,0.36932528753298144
68277,0.2588368976014408
68278,-0.09513601794684463
68279,0.26259698979049806
68280,0.021400573229359357
68373,-0.1586198090466851
68374,-0.4602648986877419
68375,-0.4077082891048111
68376,-0.16240507351046315
68377,-0.3486210657091856
68378,0.15303704717545133
68379,-0.36537071347617583
68380,0.46082456056420873
68381,0.21272316275210293
68382,-0.4765009750363186
68383,-0.63421196785526
68400,-0.035572513365348564
68401,0.5947043619071063
68402,0.5887838821074706
68403,0.038351832442140264
68404,-0.04451911987089913
68405,-0.26160081147745073
68406,-0.08819815433982454
68407,-0.32178748317588335
68408,0.7845014090316753
68409,-0.21065568077006053
68410,0.7516362007994974
68411,-0.09057040341474581
68412,-0.19073116904176934
68413,0.32961881744616056
68414,1.0321855935808126
68415,-0.1356099378838808
68416,-0.22901545269166979
68417,0.06578546693591873
68418,0.09296625741480125
68419,0.18972593917488703
68420,0.1950884581477915
68421,0.18329611525374553
68422,0.28308797719445006
68423,-0.14862343020039584
68424,-0.16823161671764772
68480,-0.21617296790295765
68481,-0.37844844802244815
68482,0.2848606536123649
68483,0.8317671487838592
68484,-0.5306129470512866
68485,0.3509921896146174
68486,-0.862192906901583
68487,-0.318631080200237
68488,0.3670243117594269
68489,-0.3851295472481108
68490,-0.4997678684856991
68491,0.20073878620947888
68492,-0.41702678523739245
68493,-0.23602580950582353
68506,-0.4572058957544103
68507,1.081554697086382
68508,0.5370689508812077
68509,-0.01221251523015035
68510,-0.40352436982610934
68511,1.1898812974116095
68512,-0.22038774393968655
68513,0.5537097030618733
68514,-0.2809216979657794
68515,0.1129421624613563
68516,-0.5085877215190773
68517,-0.14341880936560275
68518,-0.6183651308215157
68519,-0.5482169413702404
68520,0.586446350816987
68521,0.08393296476684393
68571,-0.11877599998786809
68572,-0.34095207518768017
68573,-0.09030018563724714
68574,-0.26199228564518234
68575,0.15674878983646473
68576,-0.18336824764775542
68577,-0.09079488670380961
68578,0.05385446942062809
68579,0.5646089788152985
68580,0.4119759425419275
68581,0.09594354123196099
68582,0.08444758414119882
68583,-0.29758968368094296
68584,-0.33023026957441187
68585,-0.4326544941967364
68586,-0.4709966447544317
68587,1.127427977754144
68588,-0.11147297601700942
68673,-0.6059109194819801
68674,-0.44105992886736645
68675,-0.47671691601135324
68676,-0.3078749934020059
68677,-0.23340962584454372
68678,-0.12515767936443423
68679,-0.44110014651657997
68680,0.3571411874449719
68681,0.0568773250150552
68682,0.036576808332191846
68683,-0.42793826772129273
68684,-0.21829415580369022
68715,-0.1329644473030217
68716,0.9427264246165012
68717,-0.2075982093573128
68718,-0.20587948491640612
68719,0.2770952307403039
68720,-0.30910537747870037
68721,0.20271597853466178
68722,-0.08363927798259803
68723,-0.4432869884281012
68724,-0.07175363801648668
68725,-0.30291562474402145
68726,-0.6197504252199272
68727,0.30670979171719476
68811,-0.07773531147839902
68812,-0.37485614241935683
68813,-0.3529791571416806
68814,-0.31414571076773806
68815,-0.21009443117028348
68816,0.2596137525243167
68817,0.29520290992779175
68818,-0.2470872774807812
68819,0.989413676139631
68820,0.9009254798416105
68821,-0.5522239755767568
68822,-0.3867618153325169
68823,0.1194509230329841
68854,-0.15985380338756708
68855,-0.19559946554865687
68856,-0.11123263235428602
68857,0.024179604602062713
68858,0.18367658682220814
68859,0.4683032051255074
68860,-0.3997669473125254
68861,-0.14043813708984854
68862,-0.10944372459297431
68863,-0.29106842314182535
68864,0.27195327423458915
68865,-0.004699469213393009
68866,0.4946051769003297
68867,0.013538969529944642
68868,-0.6221473986944783
68869,-0.02535672677723802
68959,-0.4910420732542329
68960,0.4043078242174324
68961,0.19731765401288237
68962,-0.07697325312925973
68963,0.014104824773907204
68964,-0.282892320725883
68965,0.025165656156794614
68966,-0.04336268398134113
68967,-0.8281059865865974
68968,0.42157232289421803
68969,-0.24344230776312137
68970,0.7018524409569695
69032,0.036711905007043535
69033,0.2649218176091461
69034,-0.06679984237825691
69035,0.4762619074073605
69036,0.28251536446684977
69037,0.08345218507435638
69038,0.48573941297969475
69039,0.7044690939201428
69040,-0.5390560011058264
69041,0.5236271402101642
69042,-0.5152315044833079
69113,0.15832375612001898
69114,-0.4283035851339276
69115,-0.7894049614395263
69116,0.24611947561969838
69117,-0.22145209940141636
69118,0.28212192125559254
69119,0.14925809809250165
69120,0.10960974220283341
69121,0.5560691058866549
69122,0.40743244324417216
69123,-0.27538213176099013
69124,0.26272039244165296
69125,0.5308916202103846
69126,0.3034254440217323
69127,-0.13451601418564077
69128,0.9184119939071502
69129,-0.6286121670312332
69130,0.8210329075610139
69131,0.45708005900363546
69132,0.2250172736803694
69133,-0.32953879077773984
69134,0.0578040383678112
69135,0.22728156967133378
69136,-0.44925672701274383
69137,-0.10436903984370063
69138,-0.16772164157173286
69139,-0.2784494680322871
69140,-0.6251996384946908
69141,-0.6979189664867306
69142,-0.1439995528254759
69143,0.11639506360459752
69144,0.07454180647176877
69204,0.9020844585572199
69205,0.11576618531457257
69206,0.7677649419359859
69207,-0.4546850758300453
69208,0.7855563575684863
69209,-0.54089314063276
69210,-0.2976950463357734
69211,-0.12824121928924814
69212,-0.6068406647459055
69213,0.4099026021710642
69214,-0.34024491326141365
69215,-0.27591981887425865
69245,-0.0623402390331975
69246,0.5591649852145578
69247,-0.15594451066768344
69248,-0.0742063038396785
69249,-0.09441307250069764
69250,0.09208981537614638
69251,0.3347270042809891
69252,0.10383231164624379
69253,0.5969166881733703
69254,-0.07756772272240582
69255,0.04328522668695638
69256,0.37966813813914335
69257,-0.04569322950781783
69258,0.1175505047576808
69259,-0.09190515965015837
69260,-0.09702121464435942
69261,0.441135220925364
69292,0.2562706380518366
69293,0.3078785578160987
69294,0.11864965374768603
69295,0.37673787580376594
69296,0.08918619975321604
69297,0.41503156836346045
69298,0.16512459335703808
69299,0.2604048139063848
69300,-0.23294454078637586
69301,0.5085214746341532
69302,0.11555957893947916
69303,0.5440292703280467
69304,0.14670435340343643
69305,-0.7052520738847123
69306,-0.6556656275474237
69307,0.39503534999269607
69363,-0.4839084681006762
69364,0.1326970434157393
69365,-0.28008700533286895
69366,0.7956080753860328
69367,0.41040589654724124
69368,-0.11683201156633383
69369,-0.056996425844570583
69370,0.10965150127775794
69371,0.34049326195579
69372,-0.3635359576917772
69516,-0.49876799896327983
69517,0.07369501807286782
69518,0.0009717548707308121
69519,0.2907729982106062
69520,-0.5179956126437589
69521,-0.3336546113347453
69522,-0.2995899469078215
69523,0.12627350053335168
69524,-0.29455308505412764
69525,-0.038306919528722755
69526,-0.6907217940192186
69527,0.4085246602609869
69528,0.2838426152081649
69529,-0.1710201106966753
69530,-0.46089136978310197
69531,0.2080102351255385
69532,-0.5332610404122916
69533,-0.416951444714793
69534,-0.10484203199743057
69535,-0.3438727930959736
69536,0.9414174272844127
69537,-0.4511803348349953
69538,-0.6810299562252404
69539,-0.3936997246393611
69540,1.0142619620597129
69541,0.8697831935387221
69542,-0.2919942329388401
69543,-0.4600623524297936
69577,-0.16711109787094364
69578,0.11363030713692772
69579,0.13588619991180145
69580,-0.5225942007869973
69581,-0.34545086778377804
69582,0.15880198101996917
69583,0.2796542578618423
69584,-0.7032166899417241
69585,-0.7118811237691363
69586,0.7557927039055958
69587,-0.28623002358195826
69588,-0.4406852770779432
69589,0.30247753618235007
69590,0.38255891385693597
69591,-0.4065734590962066
69592,-0.2290703573167855
69609,0.24751663280192043
69610,-0.4854538547197132
69611,0.21738869021845297
69612,-0.07702672315715958
69613,0.31524389867397573
69614,0.18592253842841655
69615,0.5384473103432661
69616,1.0619933068309921
69617,0.005283578244868685
69618,0.3748877106661106
69637,-0.3834589425572809
69638,-0.31382721597665814
69639,0.6454527903901381
69640,0.08878787325402379
69641,0.2379935846380072
69642,0.196942131457015
69643,0.5375732961321107
69644,0.14179476925579965
69645,0.06568524315010048
69646,0.15566254838467972
69647,0.5910781881002041
69648,-0.011245295036074549
69736,-0.2241241717709721
69737,0.8611883311934612
69738,0.11760757400306109
69739,0.09183161282703474
69740,-0.13555798217175907
69741,-0.02320948751434769
69742,0.4311038116843913
69743,0.6105110901921356
69744,0.23248776112120376
69745,-0.2578383988781369
69746,0.7062236841763577
69747,0.37777081677782764
69843,-0.15732072219229523
69844,0.0558560633646186
69845,-0.4873005226962726
69846,0.21155288495119853
69847,0.3267227932624036
69848,0.036276299325720185
69849,0.0485353520807522
69850,-0.19511390778964816
69851,-0.20964113137458662
69852,-0.4086406449144587
69853,0.3412011155548611
69854,-0.04628860914839138
69914,0.2685061316497033
69915,-0.0992422556140747
69916,0.4932212211260183
69917,-0.3230954747677094
69918,0.30207690526930864
69919,0.9179785534839047
69920,-0.759454351732875
69921,0.7513938278042583
69922,-0.5847178650530447
69923,-0.2866266135531703
69924,-0.5690601318225996
69925,-0.41018390587081077
69926,-0.4148794686850511
69927,-0.40022884862111474
69928,-0.6123405720144961
69929,0.08456821236292839
69930,1.0790115846362707
69931,-0.21958000942935446
69932,0.7892624319260464
69933,-0.32676326083334156
69934,-0.19276144977494392
69935,-0.14480021211367378
69936,-0.6109082625144637
69937,-0.4100719521936857
69938,0.1701662846599775
69939,-0.800076668369684
69940,0.5938852268091597
69967,-0.3062780287151734
69968,0.13802114198468418
69969,-0.4181210352605037
69970,0.4407240955491565
69971,0.04061064468327108
69972,0.14614745033078338
69973,0.12010874535393544
69974,0.11197379711854538
69975,0.3367244666057708
69976,0.0036540202088989615
69977,0.12291014502889844
69978,0.42447131566795016
69979,-0.12027480652115884
69980,0.7008820467403301
69981,-0.6979152698064375
69982,-0.3156618263703318
69983,0.2999361898335151
69984,-0.510879175670663
69985,-0.25362595632902263
69986,0.6092366042437949
69987,0.1899501832595854
69988,-0.341728857979937
69989,0.4748400760056058
69990,0.11235979129323671
69991,0.5521671575593315
69992,0.21141391759379935
69993,-0.18563452024443056
69994,-0.3909921308712272
69995,0.24927915947557613
69996,-0.16570986292738848
69997,0.03617258613650719
69998,0.012949980123979327
69999,-0.5266869502354062
70000,0.2727596295889355
70001,-0.23135305682983195
70002,0.5965096411398296
70019,-0.17528432206026895
70020,0.23663777370276395
70021,0.03102051024631547
70022,-0.5244288565680777
70023,0.5708700760970795
70024,0.18875732949511828
70025,0.35692971293056697
70026,-0.04916895912879425
70027,-0.5954286971653499
70028,-0.27972339996673756
70029,-0.1364341405211731
70030,-0.38848447061232466
70031,0.5206201743310447
70032,1.0585069211355866
70033,-0.0504873777802526
70052,0.02450941833854417
70053,-0.0330509809907526
70054,0.10215616412914647
70055,-0.224117124244687
70056,0.3203450164085269
70057,-0.2142957589031847
70058,0.25370694822650236
70059,0.14019216516525007
70060,-0.23191342348026459
70061,-0.182148383395322
70062,-0.23477659829910502
70063,-0.6014294900978201
70064,-0.5039615763418183
70065,-0.38825725497915997
70066,-0.0526341486132228
70067,-0.08427581104525944
70080,0.5908978927284554
70081,-0.455645723042852
70082,0.15301752937582946
70083,0.10144354268571032
70084,-0.3754212638923828
70085,0.13545166214818968
70086,-0.05657530417464894
70087,-0.16042127296909606
70088,-0.06757794716550318
70089,0.37424842374070544
70090,0.488608162669092
70107,0.19445082649832124
70108,-0.05919939257936774
70109,0.3931417612740048
70110,-0.4325810645868141
70111,0.0732290863231406
70112,-0.5178324889171321
70113,-0.89078529903006
70114,0.4355158016337354
70115,-0.6110103003545033
70116,0.7754652380919098
70117,0.21930344728019935
70118,0.5165652621654221
70119,-0.345052932216953
70120,0.5513717570541581
70121,0.4679666331308161
70122,-0.22617847536311605
70123,0.4035076955392053
70124,0.6027046832948646
70125,0.011213897045297294
70126,0.7015061353702113
70127,-0.27941345578018834
70128,0.6699773435769671
70129,-0.2989544013794454
70130,-0.6319033589080215
70131,-0.08213339297332391
70132,1.0799493157903022
70133,0.3596703020610412
70134,-0.22810183857045127
70135,-0.22575762477220265
70136,-0.11311029381974622
70232,-0.18621030217390727
70233,0.5726254812083367
70234,0.7997365796873681
70235,-0.08472141180434574
70236,-0.20934157378177964
70237,-0.1872595780387494
70238,-0.4081282078522901
70239,-0.3929095736527136
70240,-0.10514894139647767
70241,0.5273715971478132
70242,-0.536282892691755
70243,0.12226133632790216
70244,0.11361290250598367
70334,-0.07403683189921524
70335,-0.5803638089924674
70336,-0.299374356734266
70337,0.16239918735359854
70338,0.011222179781391187
70339,0.4642583511510463
70340,0.9790521071065412
70341,-0.24384766824231727
70342,-0.7105993611407986
70343,0.08326268636029036
70344,-0.46408758163891545
70345,0.4647985513550048
70346,-0.4614964327520849
70347,-0.9018229752840976
70348,-0.16293858718071746
70349,0.08715720831951919
70476,-0.03335997128667674
70477,0.7662741525194483
70478,-0.41707657632412526
70479,0.004692584621485321
70480,-0.35945912346381315
70481,0.2976014398918634
70482,0.15860897712904504
70483,-0.29444652254256376
70484,-0.31529544065678367
70485,-0.8021622830130642
70486,-0.6007790735486015
70487,-0.5351474238151084
70488,-0.356136504181529
70489,-0.31956999256692153
70506,0.2301522872347394
70507,0.4161478912409946
70508,1.0165905046633479
70509,-0.10855957749246689
70510,0.667754781124222
70511,-0.061176640776882577
70512,0.7743619281792696
70513,-0.3939357650895198
70514,0.5582859843136958
70515,-0.8466566782909221
70516,0.18702796327561882
70517,-0.21165726490939019
70518,-0.28163713673822255
70519,0.16868854773960051
70520,-0.42773365879737213
70521,-0.3276449665883652
70522,-0.5105581792685014
70523,-0.5697048728292198
70524,-0.4559075999287199
70525,-0.48941461813094683
70526,-0.3121114286486969
70527,-0.44513350230745674
70528,-0.4578243499461128
70529,0.8654696342331052
70530,1.1512059507066181
70531,-0.7356790305848572
70532,-0.8739403670265091
70533,-0.7359124289914933
70534,-0.4391740305435996
70535,0.04105770086095605
70536,0.3077131491126474
70537,0.7645927359654594
70569,-0.05766048514026627
70570,0.15174163108485947
70571,-0.24567434226337032
70572,0.033899840184456353
70573,0.13572683123975365
70574,-0.23742579119535875
70575,0.2158088499432982
70576,-0.22611240680200811
70577,0.27887107832464014
70578,0.06119119829872736
70579,-0.09337101850651759
70580,0.11135521791454867
70581,0.044579497342757714
70582,0.4788316067556697
70583,0.006603268529085937
70584,0.11024699717682902
